country,number,type,source_relative_path,destination_relative_path,extension,bytes,sha256,analysis_status,analysis_source_relative_path,energy_score,circles_curves_score,axis_points_score,synchronous_limbs_score,external_body_spaces_score,shifting_relations_score,jumping_score,emotion_score
Brunei_Darussalam,01,Body,9 Brunei Darussalam/Body/Brunei_Grayscale (1).jpg,Brunei_Darussalam/Body/Brunei_Darussalam_01_Body.jpg,.jpg,541042,343e87302d5068af19bdf80ef73d54ca4cf2536cbc8c2b6a173d73ec8c23116d,scored,Brunei_Darussalam/Body_with_Diagram/Brunei_Darussalam_01_Body_with_Diagram.jpg,38,47,48,92,42,39,2,44
Brunei_Darussalam,01,Body_with_Diagram,9 Brunei Darussalam/Body_with_Diagram/Brunei_DiagramOnPose (1).jpg,Brunei_Darussalam/Body_with_Diagram/Brunei_Darussalam_01_Body_with_Diagram.jpg,.jpg,585299,38f64845ede8f221e5d7db8fa24527fca8b38766f80a2149a8647251b1fddf4b,scored,Brunei_Darussalam/Body_with_Diagram/Brunei_Darussalam_01_Body_with_Diagram.jpg,38,47,48,92,42,39,2,44
Brunei_Darussalam,01,Transparent_Diagram,9 Brunei Darussalam/Transparent_Diagram/Brunei_Diagram- (1).png,Brunei_Darussalam/Transparent_Diagram/Brunei_Darussalam_01_Transparent_Diagram.png,.png,62717,3010099f64b1d4f18b50c63cdc03574f8e82a066ecd56d80c20a889b4c3ae7d6,scored,Brunei_Darussalam/Body_with_Diagram/Brunei_Darussalam_01_Body_with_Diagram.jpg,38,47,48,92,42,39,2,44
Brunei_Darussalam,02,Body,9 Brunei Darussalam/Body/Brunei_Grayscale (2).jpg,Brunei_Darussalam/Body/Brunei_Darussalam_02_Body.jpg,.jpg,495382,51a62a98f535319a7a00e26280262d540bca29ec4ed66255082dcc2a545c90ee,scored,Brunei_Darussalam/Body_with_Diagram/Brunei_Darussalam_02_Body_with_Diagram.jpg,57,78,27,23,63,72,14,51
Brunei_Darussalam,02,Body_with_Diagram,9 Brunei Darussalam/Body_with_Diagram/Brunei_DiagramOnPose (2).jpg,Brunei_Darussalam/Body_with_Diagram/Brunei_Darussalam_02_Body_with_Diagram.jpg,.jpg,600998,cbf3d6221e5f1a47c24d2aa50ef22e0f297e598ecaac52b9016a16ae35bf307b,scored,Brunei_Darussalam/Body_with_Diagram/Brunei_Darussalam_02_Body_with_Diagram.jpg,57,78,27,23,63,72,14,51
Brunei_Darussalam,02,Transparent_Diagram,9 Brunei Darussalam/Transparent_Diagram/Brunei_Diagram- (2).png,Brunei_Darussalam/Transparent_Diagram/Brunei_Darussalam_02_Transparent_Diagram.png,.png,74462,582c1c36ef18fa87284e7d7b72f65dbb29aab816845c39881b20de14341a31af,scored,Brunei_Darussalam/Body_with_Diagram/Brunei_Darussalam_02_Body_with_Diagram.jpg,57,78,27,23,63,72,14,51
Brunei_Darussalam,03,Body,9 Brunei Darussalam/Body/Brunei_Grayscale (3).jpg,Brunei_Darussalam/Body/Brunei_Darussalam_03_Body.jpg,.jpg,483473,0af21f54c128aa1306d5b35f6fb9366831c6aae7de6567bfbc5b37788c56aac7,scored,Brunei_Darussalam/Body_with_Diagram/Brunei_Darussalam_03_Body_with_Diagram.jpg,52,76,38,18,58,69,4,46
Brunei_Darussalam,03,Body_with_Diagram,9 Brunei Darussalam/Body_with_Diagram/Brunei_DiagramOnPose (3).jpg,Brunei_Darussalam/Body_with_Diagram/Brunei_Darussalam_03_Body_with_Diagram.jpg,.jpg,580359,fd72c4f9a7a1ec6d17f9862bcbf4d5c36c45df9b1ce9ad64306419dbda999ff1,scored,Brunei_Darussalam/Body_with_Diagram/Brunei_Darussalam_03_Body_with_Diagram.jpg,52,76,38,18,58,69,4,46
Brunei_Darussalam,03,Transparent_Diagram,9 Brunei Darussalam/Transparent_Diagram/Brunei_Diagram- (3).png,Brunei_Darussalam/Transparent_Diagram/Brunei_Darussalam_03_Transparent_Diagram.png,.png,80652,28be01b4cb31fb6f5f1e6649757ce6394cc822678b0b29782733980d21b19ae6,scored,Brunei_Darussalam/Body_with_Diagram/Brunei_Darussalam_03_Body_with_Diagram.jpg,52,76,38,18,58,69,4,46
Brunei_Darussalam,04,Body,9 Brunei Darussalam/Body/Brunei_Grayscale (4).jpg,Brunei_Darussalam/Body/Brunei_Darussalam_04_Body.jpg,.jpg,578843,86058067eed7f380d38cb0c9e6b4b525f64ee6abab4e52601584ee7266933a0e,scored,Brunei_Darussalam/Body_with_Diagram/Brunei_Darussalam_04_Body_with_Diagram.jpg,66,72,47,27,77,82,3,62
Brunei_Darussalam,04,Body_with_Diagram,9 Brunei Darussalam/Body_with_Diagram/Brunei_DiagramOnPose (4).jpg,Brunei_Darussalam/Body_with_Diagram/Brunei_Darussalam_04_Body_with_Diagram.jpg,.jpg,700796,5a63514007eea114e1f8d5779f31f18b9a3aa2d031f8419d38fbefcca126449a,scored,Brunei_Darussalam/Body_with_Diagram/Brunei_Darussalam_04_Body_with_Diagram.jpg,66,72,47,27,77,82,3,62
Brunei_Darussalam,04,Transparent_Diagram,9 Brunei Darussalam/Transparent_Diagram/Brunei_Diagram- (4).png,Brunei_Darussalam/Transparent_Diagram/Brunei_Darussalam_04_Transparent_Diagram.png,.png,97702,67b3f45bbd49eb5ac0dbf12e75b22e9df12d277a3b53c0a28befdaa95e92fd83,scored,Brunei_Darussalam/Body_with_Diagram/Brunei_Darussalam_04_Body_with_Diagram.jpg,66,72,47,27,77,82,3,62
Brunei_Darussalam,05,Body,9 Brunei Darussalam/Body/Brunei_Grayscale (5).jpg,Brunei_Darussalam/Body/Brunei_Darussalam_05_Body.jpg,.jpg,535672,ccabf80e23282862204a9f9b882516e58ccca95bbd6d29e0f7a861cbd7981b5d,scored,Brunei_Darussalam/Body_with_Diagram/Brunei_Darussalam_05_Body_with_Diagram.jpg,61,73,44,24,72,81,3,57
Brunei_Darussalam,05,Body_with_Diagram,9 Brunei Darussalam/Body_with_Diagram/Brunei_DiagramOnPose (5).jpg,Brunei_Darussalam/Body_with_Diagram/Brunei_Darussalam_05_Body_with_Diagram.jpg,.jpg,638946,d081e85f8f95d31847bdc5bdd10e434236ea986a37845c215ef62e6a9d221f82,scored,Brunei_Darussalam/Body_with_Diagram/Brunei_Darussalam_05_Body_with_Diagram.jpg,61,73,44,24,72,81,3,57
Brunei_Darussalam,05,Transparent_Diagram,9 Brunei Darussalam/Transparent_Diagram/Brunei_Diagram- (5).png,Brunei_Darussalam/Transparent_Diagram/Brunei_Darussalam_05_Transparent_Diagram.png,.png,85224,a98a205a0b99cdbe68f87860d61442161718796b0db8b6dd576a07f66189e6f8,scored,Brunei_Darussalam/Body_with_Diagram/Brunei_Darussalam_05_Body_with_Diagram.jpg,61,73,44,24,72,81,3,57
Brunei_Darussalam,06,Body,9 Brunei Darussalam/Body/Brunei_Grayscale (6).jpg,Brunei_Darussalam/Body/Brunei_Darussalam_06_Body.jpg,.jpg,484251,ee5bef14cfb734a7a4c562a8a1a6110811d21430a443fdea6dd60cf28ae30dc3,scored,Brunei_Darussalam/Body_with_Diagram/Brunei_Darussalam_06_Body_with_Diagram.jpg,46,67,49,19,52,73,2,56
Brunei_Darussalam,06,Body_with_Diagram,9 Brunei Darussalam/Body_with_Diagram/Brunei_DiagramOnPose (6).jpg,Brunei_Darussalam/Body_with_Diagram/Brunei_Darussalam_06_Body_with_Diagram.jpg,.jpg,603847,22bf185501e9c0f7edd6e2c38ab4e9bf5a33677dd4867cad8fa1cc06ce223d79,scored,Brunei_Darussalam/Body_with_Diagram/Brunei_Darussalam_06_Body_with_Diagram.jpg,46,67,49,19,52,73,2,56
Brunei_Darussalam,06,Transparent_Diagram,9 Brunei Darussalam/Transparent_Diagram/Brunei_Diagram- (6).png,Brunei_Darussalam/Transparent_Diagram/Brunei_Darussalam_06_Transparent_Diagram.png,.png,90042,2ee636e280e08732e901ce4789c5e8be5c6602979434ce64982113e725666445,scored,Brunei_Darussalam/Body_with_Diagram/Brunei_Darussalam_06_Body_with_Diagram.jpg,46,67,49,19,52,73,2,56
Brunei_Darussalam,07,Body,9 Brunei Darussalam/Body/Brunei_Grayscale (7).jpg,Brunei_Darussalam/Body/Brunei_Darussalam_07_Body.jpg,.jpg,504614,f069c225e79db2d1dad6fa63373cd36ccc43705d0da9ea9e0cf727c0a67c8d23,scored,Brunei_Darussalam/Body_with_Diagram/Brunei_Darussalam_07_Body_with_Diagram.jpg,56,66,42,18,58,76,8,58
Brunei_Darussalam,07,Body_with_Diagram,9 Brunei Darussalam/Body_with_Diagram/Brunei_DiagramOnPose (7).jpg,Brunei_Darussalam/Body_with_Diagram/Brunei_Darussalam_07_Body_with_Diagram.jpg,.jpg,602440,52742cd087cc3eb98dd33747fa9fb6c4c6811ada7790c92a3b2e4c8ae8da8e29,scored,Brunei_Darussalam/Body_with_Diagram/Brunei_Darussalam_07_Body_with_Diagram.jpg,56,66,42,18,58,76,8,58
Brunei_Darussalam,07,Transparent_Diagram,9 Brunei Darussalam/Transparent_Diagram/Brunei_Diagram- (7).png,Brunei_Darussalam/Transparent_Diagram/Brunei_Darussalam_07_Transparent_Diagram.png,.png,90813,e296436aaa047a62ee20ac0a20a94bf3fe49118005c470edd7bf2465cd384be7,scored,Brunei_Darussalam/Body_with_Diagram/Brunei_Darussalam_07_Body_with_Diagram.jpg,56,66,42,18,58,76,8,58
Indonesia,01,Body,8 Indonesia/Body/Indonesia_Grayscale-01.jpg,Indonesia/Body/Indonesia_01_Body.jpg,.jpg,248649,96af5c865ea618cc399e7410313f497623022dede0a3df6ba9aff35ff2a1686a,scored,Indonesia/Body_with_Diagram/Indonesia_01_Body_with_Diagram.jpg,54,37,46,33,57,64,0,72
Indonesia,01,Body_with_Diagram,8 Indonesia/Body_with_Diagram/Indonesia_Diagram-01.jpg,Indonesia/Body_with_Diagram/Indonesia_01_Body_with_Diagram.jpg,.jpg,261426,60c0e62afb90b754b90e47960b307f0e0b0ac17f754e507bd60815254dfa9139,scored,Indonesia/Body_with_Diagram/Indonesia_01_Body_with_Diagram.jpg,54,37,46,33,57,64,0,72
Indonesia,01,Transparent_Diagram,8 Indonesia/Transparent_Diagram/Indonesia_Diagram_Transparent-01.png,Indonesia/Transparent_Diagram/Indonesia_01_Transparent_Diagram.png,.png,83878,5858a5604812021c2ae07ec8e78973cf9da7f583f7e4ce4b02b2a6bf13ebb1c4,scored,Indonesia/Body_with_Diagram/Indonesia_01_Body_with_Diagram.jpg,54,37,46,33,57,64,0,72
Indonesia,02,Body,8 Indonesia/Body/Indonesia_Grayscale-02.jpg,Indonesia/Body/Indonesia_02_Body.jpg,.jpg,240616,849de7c55e585b8d79b0ff26e82e9b05a3ec3279f733966dcaf9a5cf060b405a,scored,Indonesia/Body_with_Diagram/Indonesia_02_Body_with_Diagram.jpg,49,31,73,92,47,43,0,76
Indonesia,02,Body_with_Diagram,8 Indonesia/Body_with_Diagram/Indonesia_Diagram-02.jpg,Indonesia/Body_with_Diagram/Indonesia_02_Body_with_Diagram.jpg,.jpg,260469,183b11548cb3acc358258c246bb57a0b049e4793cea1e7486bbd8969582a9633,scored,Indonesia/Body_with_Diagram/Indonesia_02_Body_with_Diagram.jpg,49,31,73,92,47,43,0,76
Indonesia,02,Transparent_Diagram,8 Indonesia/Transparent_Diagram/Indonesia_Diagram_Transparent-02.png,Indonesia/Transparent_Diagram/Indonesia_02_Transparent_Diagram.png,.png,109591,aa7fb8f669b7787c3a56d147524c311e817aecde8d75a1f336c85efbebb6f5ae,scored,Indonesia/Body_with_Diagram/Indonesia_02_Body_with_Diagram.jpg,49,31,73,92,47,43,0,76
Indonesia,03,Body,8 Indonesia/Body/Indonesia_Grayscale-03.jpg,Indonesia/Body/Indonesia_03_Body.jpg,.jpg,254780,d59ee4c60e877af5ce7987514d8d38e5b8edc0e1a7eb941fcb9f78c7f714a2c6,scored,Indonesia/Body_with_Diagram/Indonesia_03_Body_with_Diagram.jpg,61,36,34,62,63,57,0,78
Indonesia,03,Body_with_Diagram,8 Indonesia/Body_with_Diagram/Indonesia_Diagram-03.jpg,Indonesia/Body_with_Diagram/Indonesia_03_Body_with_Diagram.jpg,.jpg,277483,363b48da2dc4b57c3496226527f9b0d123b4d0b9ae3418285433a20b751504dc,scored,Indonesia/Body_with_Diagram/Indonesia_03_Body_with_Diagram.jpg,61,36,34,62,63,57,0,78
Indonesia,03,Transparent_Diagram,8 Indonesia/Transparent_Diagram/Indonesia_Diagram_Transparent-03.png,Indonesia/Transparent_Diagram/Indonesia_03_Transparent_Diagram.png,.png,114847,9cb3ded249d6bb3538f0389114cc0e2e5a0b6e8c8c659dddc2d002333c34f78b,scored,Indonesia/Body_with_Diagram/Indonesia_03_Body_with_Diagram.jpg,61,36,34,62,63,57,0,78
Indonesia,04,Body,8 Indonesia/Body/Indonesia_Grayscale-04.jpg,Indonesia/Body/Indonesia_04_Body.jpg,.jpg,244524,a5f731df03bfe3d51d5e0ddeb34847c57241bb8ce12329ad770b66663ae4cb44,scored,Indonesia/Body_with_Diagram/Indonesia_04_Body_with_Diagram.jpg,56,32,67,78,46,54,0,77
Indonesia,04,Body_with_Diagram,8 Indonesia/Body_with_Diagram/Indonesia_Diagram-04.jpg,Indonesia/Body_with_Diagram/Indonesia_04_Body_with_Diagram.jpg,.jpg,266166,36f87b59ed545d19c3bc3d4c84dbbe2fc402c849d27e6cecf8f3bd6be0961a74,scored,Indonesia/Body_with_Diagram/Indonesia_04_Body_with_Diagram.jpg,56,32,67,78,46,54,0,77
Indonesia,04,Transparent_Diagram,8 Indonesia/Transparent_Diagram/Indonesia_Diagram_Transparent-04.png,Indonesia/Transparent_Diagram/Indonesia_04_Transparent_Diagram.png,.png,107218,edff11992f169961403bf298deefe847b2be7a9e274aefca5c5cb10d055e855d,scored,Indonesia/Body_with_Diagram/Indonesia_04_Body_with_Diagram.jpg,56,32,67,78,46,54,0,77
Indonesia,05,Body,8 Indonesia/Body/Indonesia_Grayscale-05.jpg,Indonesia/Body/Indonesia_05_Body.jpg,.jpg,254414,403624179599548e29db32cc9a809da405732b4e79d73ccdd3e6a0e002e87955,scored,Indonesia/Body_with_Diagram/Indonesia_05_Body_with_Diagram.jpg,67,68,18,17,83,82,0,81
Indonesia,05,Body_with_Diagram,8 Indonesia/Body_with_Diagram/Indonesia_Diagram-05.jpg,Indonesia/Body_with_Diagram/Indonesia_05_Body_with_Diagram.jpg,.jpg,284128,bae9388e58d08e8423de8231d280ab95569a366999ab8779d9eea7e6ab05cbcf,scored,Indonesia/Body_with_Diagram/Indonesia_05_Body_with_Diagram.jpg,67,68,18,17,83,82,0,81
Indonesia,05,Transparent_Diagram,8 Indonesia/Transparent_Diagram/Indonesia_Diagram_Transparent-05.png,Indonesia/Transparent_Diagram/Indonesia_05_Transparent_Diagram.png,.png,113433,b235be43c92e669ff18db01666f4023e75947b05be23a6aa8781c92b5848deba,scored,Indonesia/Body_with_Diagram/Indonesia_05_Body_with_Diagram.jpg,67,68,18,17,83,82,0,81
Indonesia,06,Body,8 Indonesia/Body/Indonesia_Grayscale-06.jpg,Indonesia/Body/Indonesia_06_Body.jpg,.jpg,257290,4cc4d24e3976f705422e7a3eada01437a196556c0fec9d66a2a414cf5eb0e105,scored,Indonesia/Body_with_Diagram/Indonesia_06_Body_with_Diagram.jpg,64,52,24,58,77,56,0,77
Indonesia,06,Body_with_Diagram,8 Indonesia/Body_with_Diagram/Indonesia_Diagram-06.jpg,Indonesia/Body_with_Diagram/Indonesia_06_Body_with_Diagram.jpg,.jpg,268996,124ff0b4bf35ee3cd9c07433f09c47197cf15fddc99ef708b12ec5188afd3437,scored,Indonesia/Body_with_Diagram/Indonesia_06_Body_with_Diagram.jpg,64,52,24,58,77,56,0,77
Indonesia,06,Transparent_Diagram,8 Indonesia/Transparent_Diagram/Indonesia_Diagram_Transparent-06.png,Indonesia/Transparent_Diagram/Indonesia_06_Transparent_Diagram.png,.png,79075,4bbec78da123aefd626b110d87fcc63bdf0f0fe335245bf5575a6b11ca026df4,scored,Indonesia/Body_with_Diagram/Indonesia_06_Body_with_Diagram.jpg,64,52,24,58,77,56,0,77
Indonesia,07,Body,8 Indonesia/Body/Indonesia_Grayscale-07.jpg,Indonesia/Body/Indonesia_07_Body.jpg,.jpg,257557,bca12b6ee48beb59170cd4b332c41439f5087cb805a484b8a29b93608efb2d07,scored,Indonesia/Body_with_Diagram/Indonesia_07_Body_with_Diagram.jpg,66,47,22,32,78,72,0,78
Indonesia,07,Body_with_Diagram,8 Indonesia/Body_with_Diagram/Indonesia_Diagram-07.jpg,Indonesia/Body_with_Diagram/Indonesia_07_Body_with_Diagram.jpg,.jpg,268876,ec1bc7636913a55dc3af4656de82f9a2f522b16f87cf6bfcdf083065f8650bbd,scored,Indonesia/Body_with_Diagram/Indonesia_07_Body_with_Diagram.jpg,66,47,22,32,78,72,0,78
Indonesia,07,Transparent_Diagram,8 Indonesia/Transparent_Diagram/Indonesia_Diagram_Transparent-07.png,Indonesia/Transparent_Diagram/Indonesia_07_Transparent_Diagram.png,.png,72465,29c08aef28776bd4ee903ae98cae00a80910befef25ea42d973a294fd5bfe521,scored,Indonesia/Body_with_Diagram/Indonesia_07_Body_with_Diagram.jpg,66,47,22,32,78,72,0,78
Indonesia,08,Body,8 Indonesia/Body/Indonesia_Grayscale-08.jpg,Indonesia/Body/Indonesia_08_Body.jpg,.jpg,258827,4ef5a8b4ae9c3b64dd2e59d064bf4bd145251beb7d722e36bc9d695e2b6210cd,scored,Indonesia/Body_with_Diagram/Indonesia_08_Body_with_Diagram.jpg,77,38,47,9,67,87,44,83
Indonesia,08,Body_with_Diagram,8 Indonesia/Body_with_Diagram/Indonesia_Diagram-08.jpg,Indonesia/Body_with_Diagram/Indonesia_08_Body_with_Diagram.jpg,.jpg,270253,8ddfc155b8723b63e3313c0a24be46399c9083540c5071cbaf65203df48a2740,scored,Indonesia/Body_with_Diagram/Indonesia_08_Body_with_Diagram.jpg,77,38,47,9,67,87,44,83
Indonesia,08,Transparent_Diagram,8 Indonesia/Transparent_Diagram/Indonesia_Diagram_Transparent-08.png,Indonesia/Transparent_Diagram/Indonesia_08_Transparent_Diagram.png,.png,82990,3343d01345e062894d7a8e2809cc69b1b99f1bcbf4f4e705228e27418b975689,scored,Indonesia/Body_with_Diagram/Indonesia_08_Body_with_Diagram.jpg,77,38,47,9,67,87,44,83
Indonesia,09,Body,8 Indonesia/Body/Indonesia_Grayscale-09.jpg,Indonesia/Body/Indonesia_09_Body.jpg,.jpg,249773,e4296e8bc06031cbf739d4095184c28f1963b83a28b339a5a275e45aa78047ee,scored,Indonesia/Body_with_Diagram/Indonesia_09_Body_with_Diagram.jpg,59,36,12,94,88,32,0,76
Indonesia,09,Body_with_Diagram,8 Indonesia/Body_with_Diagram/Indonesia_Diagram-09.jpg,Indonesia/Body_with_Diagram/Indonesia_09_Body_with_Diagram.jpg,.jpg,259374,631c413b2c2b4c85e288a80bec9d015160a5fddd605b607fc32f37ca5a6e0bc9,scored,Indonesia/Body_with_Diagram/Indonesia_09_Body_with_Diagram.jpg,59,36,12,94,88,32,0,76
Indonesia,09,Transparent_Diagram,8 Indonesia/Transparent_Diagram/Indonesia_Diagram_Transparent-09.png,Indonesia/Transparent_Diagram/Indonesia_09_Transparent_Diagram.png,.png,80547,f6dbb5a1e51ec9bcdea4e1678c2d18c9acd27999c91a36c3e50b1698c823011d,scored,Indonesia/Body_with_Diagram/Indonesia_09_Body_with_Diagram.jpg,59,36,12,94,88,32,0,76
Indonesia,10,Body,8 Indonesia/Body/Indonesia_Grayscale-10.jpg,Indonesia/Body/Indonesia_10_Body.jpg,.jpg,285065,6cc6ed6542fb90228537785eb34175c3cb428cc9be371b92a0e0fab07ab1a950,scored,Indonesia/Body_with_Diagram/Indonesia_10_Body_with_Diagram.jpg,82,48,18,18,92,86,47,82
Indonesia,10,Body_with_Diagram,8 Indonesia/Body_with_Diagram/Indonesia_Diagram-10.jpg,Indonesia/Body_with_Diagram/Indonesia_10_Body_with_Diagram.jpg,.jpg,298976,ba17f369c9f166e1670d543e3f58417c8a3c3a6374519bcc3d308e81b1f4cf99,scored,Indonesia/Body_with_Diagram/Indonesia_10_Body_with_Diagram.jpg,82,48,18,18,92,86,47,82
Indonesia,10,Transparent_Diagram,8 Indonesia/Transparent_Diagram/Indonesia_Diagram_Transparent-10.png,Indonesia/Transparent_Diagram/Indonesia_10_Transparent_Diagram.png,.png,95379,2bbea42c4ad4cdbdac8e0707b70a62c30f1386b35b3daecc774f3eda94d4d90e,scored,Indonesia/Body_with_Diagram/Indonesia_10_Body_with_Diagram.jpg,82,48,18,18,92,86,47,82
Indonesia,11,Body,8 Indonesia/Body/Indonesia_Grayscale-11.jpg,Indonesia/Body/Indonesia_11_Body.jpg,.jpg,266727,4df99b216e536f6c336556d29bce33536a2d513148f14c59678f75e19deacd0e,scored,Indonesia/Body_with_Diagram/Indonesia_11_Body_with_Diagram.jpg,71,57,37,24,72,76,28,82
Indonesia,11,Body_with_Diagram,8 Indonesia/Body_with_Diagram/Indonesia_Diagram-11.jpg,Indonesia/Body_with_Diagram/Indonesia_11_Body_with_Diagram.jpg,.jpg,275018,78ad1450899a8aafa8d533a5b087e0e76c6f12b43df0e529495762250108d59e,scored,Indonesia/Body_with_Diagram/Indonesia_11_Body_with_Diagram.jpg,71,57,37,24,72,76,28,82
Indonesia,11,Transparent_Diagram,8 Indonesia/Transparent_Diagram/Indonesia_Diagram_Transparent-11.png,Indonesia/Transparent_Diagram/Indonesia_11_Transparent_Diagram.png,.png,74027,6aa3839aa85b502e8865a968f1e3457067c527a62389fc2252dce697bce0d989,scored,Indonesia/Body_with_Diagram/Indonesia_11_Body_with_Diagram.jpg,71,57,37,24,72,76,28,82
Indonesia,12,Body,8 Indonesia/Body/Indonesia_Grayscale-12.jpg,Indonesia/Body/Indonesia_12_Body.jpg,.jpg,273431,e94cac321e85f4baab64989aaf2deb460afaed704cecde5f84370e1c6d15488d,scored,Indonesia/Body_with_Diagram/Indonesia_12_Body_with_Diagram.jpg,83,53,18,12,82,92,52,87
Indonesia,12,Body_with_Diagram,8 Indonesia/Body_with_Diagram/Indonesia_Diagram-12.jpg,Indonesia/Body_with_Diagram/Indonesia_12_Body_with_Diagram.jpg,.jpg,282941,eb9be23b767954d37b0a615320ed3930156720c00680b3a39db85bd10a761b00,scored,Indonesia/Body_with_Diagram/Indonesia_12_Body_with_Diagram.jpg,83,53,18,12,82,92,52,87
Indonesia,12,Transparent_Diagram,8 Indonesia/Transparent_Diagram/Indonesia_Diagram_Transparent-12.png,Indonesia/Transparent_Diagram/Indonesia_12_Transparent_Diagram.png,.png,71737,ab72f9842aab5446b5cfdfa41d894597c247924a1e991116b1cc5c76d36ae902,scored,Indonesia/Body_with_Diagram/Indonesia_12_Body_with_Diagram.jpg,83,53,18,12,82,92,52,87
Indonesia,13,Body,8 Indonesia/Body/Indonesia_Grayscale-13.jpg,Indonesia/Body/Indonesia_13_Body.jpg,.jpg,274742,b853ad0cd4afaecce656e5b047d16966ccc7612fc66cd3575b665c9af9d6cf6b,scored,Indonesia/Body_with_Diagram/Indonesia_13_Body_with_Diagram.jpg,66,52,23,17,77,82,0,82
Indonesia,13,Body_with_Diagram,8 Indonesia/Body_with_Diagram/Indonesia_Diagram-13.jpg,Indonesia/Body_with_Diagram/Indonesia_13_Body_with_Diagram.jpg,.jpg,288038,36bfe4de0e7445b825bc3440f2958c6c2800d8139575be53ca2a6c3e92a06131,scored,Indonesia/Body_with_Diagram/Indonesia_13_Body_with_Diagram.jpg,66,52,23,17,77,82,0,82
Indonesia,13,Transparent_Diagram,8 Indonesia/Transparent_Diagram/Indonesia_Diagram_Transparent-13.png,Indonesia/Transparent_Diagram/Indonesia_13_Transparent_Diagram.png,.png,88387,e6d2bfb446723c9bc2bd2ef2dfc57550d79ff463d2860acc9a5cb993dbec3aa5,scored,Indonesia/Body_with_Diagram/Indonesia_13_Body_with_Diagram.jpg,66,52,23,17,77,82,0,82
Indonesia,14,Body,8 Indonesia/Body/Indonesia_Grayscale-14.jpg,Indonesia/Body/Indonesia_14_Body.jpg,.jpg,270243,67286ca58945c1a64221ce5356140b5dc45ef0254ef351dd2894d7911e76fbbd,scored,Indonesia/Body_with_Diagram/Indonesia_14_Body_with_Diagram.jpg,53,34,52,93,57,32,0,76
Indonesia,14,Body_with_Diagram,8 Indonesia/Body_with_Diagram/Indonesia_Diagram-14.jpg,Indonesia/Body_with_Diagram/Indonesia_14_Body_with_Diagram.jpg,.jpg,296490,1219a2748a397447a90a65f64bd6316976c8852ca3f7be32b2fe695235074a0f,scored,Indonesia/Body_with_Diagram/Indonesia_14_Body_with_Diagram.jpg,53,34,52,93,57,32,0,76
Indonesia,14,Transparent_Diagram,8 Indonesia/Transparent_Diagram/Indonesia_Diagram_Transparent-14.png,Indonesia/Transparent_Diagram/Indonesia_14_Transparent_Diagram.png,.png,129797,5a9854a4ac05add300788473a05cf052f27a4553fcfe94b85ac033ca6d2e2e5a,scored,Indonesia/Body_with_Diagram/Indonesia_14_Body_with_Diagram.jpg,53,34,52,93,57,32,0,76
Indonesia,15,Body,8 Indonesia/Body/Indonesia_Grayscale-15.jpg,Indonesia/Body/Indonesia_15_Body.jpg,.jpg,273046,30c65e9fafe7707dd2f9ae34e6ebdc87dc9163742da06ec5a4cda9671b1360ba,scored,Indonesia/Body_with_Diagram/Indonesia_15_Body_with_Diagram.jpg,67,73,18,12,83,87,0,82
Indonesia,15,Body_with_Diagram,8 Indonesia/Body_with_Diagram/Indonesia_Diagram-15.jpg,Indonesia/Body_with_Diagram/Indonesia_15_Body_with_Diagram.jpg,.jpg,304383,471b1308fa298518dccc7d053424f43203c2d69a6f01dc67bca61149e7135d3b,scored,Indonesia/Body_with_Diagram/Indonesia_15_Body_with_Diagram.jpg,67,73,18,12,83,87,0,82
Indonesia,15,Transparent_Diagram,8 Indonesia/Transparent_Diagram/Indonesia_Diagram_Transparent-15.png,Indonesia/Transparent_Diagram/Indonesia_15_Transparent_Diagram.png,.png,143930,af1e8bd34b0e14bf4f59f23f4d24268525804ad7a6634c2427158b74cbb1f307,scored,Indonesia/Body_with_Diagram/Indonesia_15_Body_with_Diagram.jpg,67,73,18,12,83,87,0,82
Indonesia,16,Body,8 Indonesia/Body/Indonesia_Grayscale-16.jpg,Indonesia/Body/Indonesia_16_Body.jpg,.jpg,274241,32056cbf7d87614b6846abf0eb412e821a94c0cc2a590facb539afc202951225,scored,Indonesia/Body_with_Diagram/Indonesia_16_Body_with_Diagram.jpg,54,42,37,63,52,56,0,77
Indonesia,16,Body_with_Diagram,8 Indonesia/Body_with_Diagram/Indonesia_Diagram-16.jpg,Indonesia/Body_with_Diagram/Indonesia_16_Body_with_Diagram.jpg,.jpg,296944,ebbec30b9c87b6b481d3ebc2ac6eb45d5460c252b2368e04ef6b5a5e06bc4f0d,scored,Indonesia/Body_with_Diagram/Indonesia_16_Body_with_Diagram.jpg,54,42,37,63,52,56,0,77
Indonesia,16,Transparent_Diagram,8 Indonesia/Transparent_Diagram/Indonesia_Diagram_Transparent-16.png,Indonesia/Transparent_Diagram/Indonesia_16_Transparent_Diagram.png,.png,118891,43b8ca49ba5eef214475721adb1c4c8f99feadf91bc39cd571214f3147e51f23,scored,Indonesia/Body_with_Diagram/Indonesia_16_Body_with_Diagram.jpg,54,42,37,63,52,56,0,77
Indonesia,17,Body,8 Indonesia/Body/Indonesia_Grayscale-17.jpg,Indonesia/Body/Indonesia_17_Body.jpg,.jpg,261923,6787359b566402500ff7d3ab2d4bd9a470a4cd01a15c87000c2d43242ab7c19a,scored,Indonesia/Body_with_Diagram/Indonesia_17_Body_with_Diagram.jpg,78,47,18,68,92,71,46,82
Indonesia,17,Body_with_Diagram,8 Indonesia/Body_with_Diagram/Indonesia_Diagram-17.jpg,Indonesia/Body_with_Diagram/Indonesia_17_Body_with_Diagram.jpg,.jpg,279720,7642370b9c9f1f7169025bff7c0b002920de12065cff0411cca0d1867d21d614,scored,Indonesia/Body_with_Diagram/Indonesia_17_Body_with_Diagram.jpg,78,47,18,68,92,71,46,82
Indonesia,17,Transparent_Diagram,8 Indonesia/Transparent_Diagram/Indonesia_Diagram_Transparent-17.png,Indonesia/Transparent_Diagram/Indonesia_17_Transparent_Diagram.png,.png,90902,1b25d4226d05da25dd1cf60c9ff935f3a73175c181ae8f15112a7fb5552febac,scored,Indonesia/Body_with_Diagram/Indonesia_17_Body_with_Diagram.jpg,78,47,18,68,92,71,46,82
Indonesia,18,Body,8 Indonesia/Body/Indonesia_Grayscale-18.jpg,Indonesia/Body/Indonesia_18_Body.jpg,.jpg,309172,7f0101c520b69a8da4c86ca33b61e54dfe7d7ebaa57329b180625336b0b5e681,scored,Indonesia/Body_with_Diagram/Indonesia_18_Body_with_Diagram.jpg,62,32,22,68,93,49,0,77
Indonesia,18,Body_with_Diagram,8 Indonesia/Body_with_Diagram/Indonesia_Diagram-18.jpg,Indonesia/Body_with_Diagram/Indonesia_18_Body_with_Diagram.jpg,.jpg,320385,2db2367574ec4ee134e99e75e633bb73370663793db5868405787e91582d3aa8,scored,Indonesia/Body_with_Diagram/Indonesia_18_Body_with_Diagram.jpg,62,32,22,68,93,49,0,77
Indonesia,18,Transparent_Diagram,8 Indonesia/Transparent_Diagram/Indonesia_Diagram_Transparent-18.png,Indonesia/Transparent_Diagram/Indonesia_18_Transparent_Diagram.png,.png,90555,59bb770005f8c2f873b0e7ae8f357157a64ba8efbff6d45be64795a997279167,scored,Indonesia/Body_with_Diagram/Indonesia_18_Body_with_Diagram.jpg,62,32,22,68,93,49,0,77
Indonesia,19,Body,8 Indonesia/Body/Indonesia_Grayscale-19.jpg,Indonesia/Body/Indonesia_19_Body.jpg,.jpg,262241,c1f2783ab32db481804f8a976b8eb6497c34b444f8cc98b2f62f7a11ab761e50,scored,Indonesia/Body_with_Diagram/Indonesia_19_Body_with_Diagram.jpg,61,42,53,8,57,87,0,87
Indonesia,19,Body_with_Diagram,8 Indonesia/Body_with_Diagram/Indonesia_Diagram-19.jpg,Indonesia/Body_with_Diagram/Indonesia_19_Body_with_Diagram.jpg,.jpg,283849,b3fd3465d5fddeea2a904f675717fe65f40fd7691753b59efc94158cbb2001b7,scored,Indonesia/Body_with_Diagram/Indonesia_19_Body_with_Diagram.jpg,61,42,53,8,57,87,0,87
Indonesia,19,Transparent_Diagram,8 Indonesia/Transparent_Diagram/Indonesia_Diagram_Transparent-19.png,Indonesia/Transparent_Diagram/Indonesia_19_Transparent_Diagram.png,.png,114203,f79599e005d7b7e44fa0286232ad15a960659025c73146b05cab29bdca4d0da7,scored,Indonesia/Body_with_Diagram/Indonesia_19_Body_with_Diagram.jpg,61,42,53,8,57,87,0,87
Indonesia,20,Body,8 Indonesia/Body/Indonesia_Grayscale-20.jpg,Indonesia/Body/Indonesia_20_Body.jpg,.jpg,248869,8b0fa570f72ba75028842b16b33b93259101a27c17e1be8dcfde15d2bc6b1b25,scored,Indonesia/Body_with_Diagram/Indonesia_20_Body_with_Diagram.jpg,62,63,57,23,57,77,0,82
Indonesia,20,Body_with_Diagram,8 Indonesia/Body_with_Diagram/Indonesia_Diagram-20.jpg,Indonesia/Body_with_Diagram/Indonesia_20_Body_with_Diagram.jpg,.jpg,276925,bff025d31ea29bac9755f6184b73c3147eaf30092e298efe39c5f8c0d051a95d,scored,Indonesia/Body_with_Diagram/Indonesia_20_Body_with_Diagram.jpg,62,63,57,23,57,77,0,82
Indonesia,20,Transparent_Diagram,8 Indonesia/Transparent_Diagram/Indonesia_Diagram_Transparent-20.png,Indonesia/Transparent_Diagram/Indonesia_20_Transparent_Diagram.png,.png,123509,a996114735c519aec4da8eb5de86799d7d1089ad7c918d6249954ab31ba1f1be,scored,Indonesia/Body_with_Diagram/Indonesia_20_Body_with_Diagram.jpg,62,63,57,23,57,77,0,82
Indonesia,21,Body,8 Indonesia/Body/Indonesia_Grayscale-21.jpg,Indonesia/Body/Indonesia_21_Body.jpg,.jpg,267521,d7542cdbf46195035edae13399342cc779981f6c66ea9ead4f11e5e01182d46b,scored,Indonesia/Body_with_Diagram/Indonesia_21_Body_with_Diagram.jpg,53,52,42,28,62,72,0,72
Indonesia,21,Body_with_Diagram,8 Indonesia/Body_with_Diagram/Indonesia_Diagram-21.jpg,Indonesia/Body_with_Diagram/Indonesia_21_Body_with_Diagram.jpg,.jpg,277206,4efb5b7d2f39e49b02035aa613e04eae7ef15d58ed780d4470bc9f36749f6a1f,scored,Indonesia/Body_with_Diagram/Indonesia_21_Body_with_Diagram.jpg,53,52,42,28,62,72,0,72
Indonesia,21,Transparent_Diagram,8 Indonesia/Transparent_Diagram/Indonesia_Diagram_Transparent-21.png,Indonesia/Transparent_Diagram/Indonesia_21_Transparent_Diagram.png,.png,74961,221f8d15742c64c967273586a056f12ec76c6f0567eb0cf0ddbefd670927e146,scored,Indonesia/Body_with_Diagram/Indonesia_21_Body_with_Diagram.jpg,53,52,42,28,62,72,0,72
Indonesia,22,Body,8 Indonesia/Body/Indonesia_Grayscale-22.jpg,Indonesia/Body/Indonesia_22_Body.jpg,.jpg,262702,434c55b89d37964c03386bc3bc794a04db03b606d86f15ae8daa52f6c4361aab,scored,Indonesia/Body_with_Diagram/Indonesia_22_Body_with_Diagram.jpg,48,57,68,73,47,62,0,72
Indonesia,22,Body_with_Diagram,8 Indonesia/Body_with_Diagram/Indonesia_Diagram-22.jpg,Indonesia/Body_with_Diagram/Indonesia_22_Body_with_Diagram.jpg,.jpg,274299,2d2e7f5ea2e6faa7dc5b811d38095b41fcdf1fc222b835aadd17a686a739d347,scored,Indonesia/Body_with_Diagram/Indonesia_22_Body_with_Diagram.jpg,48,57,68,73,47,62,0,72
Indonesia,22,Transparent_Diagram,8 Indonesia/Transparent_Diagram/Indonesia_Diagram_Transparent-22.png,Indonesia/Transparent_Diagram/Indonesia_22_Transparent_Diagram.png,.png,83101,05c47bbfb7f0e1107fdef145979510db5dc6a9b358c987ea5cd93a9e10b8306a,scored,Indonesia/Body_with_Diagram/Indonesia_22_Body_with_Diagram.jpg,48,57,68,73,47,62,0,72
Indonesia,23,Body,8 Indonesia/Body/Indonesia_Grayscale-23.jpg,Indonesia/Body/Indonesia_23_Body.jpg,.jpg,280853,a9dc0615f74d26fe479363811399fa1c7f30a81b41541dd5a0adef53548c2cd7,scored,Indonesia/Body_with_Diagram/Indonesia_23_Body_with_Diagram.jpg,67,52,47,12,72,87,0,87
Indonesia,23,Body_with_Diagram,8 Indonesia/Body_with_Diagram/Indonesia_Diagram-23.jpg,Indonesia/Body_with_Diagram/Indonesia_23_Body_with_Diagram.jpg,.jpg,299983,8000305ff65763e5c0b694bb97bc307fd8ebc9a092f81770a93756594b7380a2,scored,Indonesia/Body_with_Diagram/Indonesia_23_Body_with_Diagram.jpg,67,52,47,12,72,87,0,87
Indonesia,23,Transparent_Diagram,8 Indonesia/Transparent_Diagram/Indonesia_Diagram_Transparent-23.png,Indonesia/Transparent_Diagram/Indonesia_23_Transparent_Diagram.png,.png,117219,2f61a1ad6c1577dc684fd8a303fbf0cafee094d75432f25b2d0149e5edcf5ecb,scored,Indonesia/Body_with_Diagram/Indonesia_23_Body_with_Diagram.jpg,67,52,47,12,72,87,0,87
Indonesia,24,Body,8 Indonesia/Body/Indonesia_Grayscale-24.jpg,Indonesia/Body/Indonesia_24_Body.jpg,.jpg,290424,eb8942b2c73f410d6fcad56a01968bd1eb5b848653c958c3ed0591239840b72d,scored,Indonesia/Body_with_Diagram/Indonesia_24_Body_with_Diagram.jpg,72,47,42,8,77,92,0,87
Indonesia,24,Body_with_Diagram,8 Indonesia/Body_with_Diagram/Indonesia_Diagram-24.jpg,Indonesia/Body_with_Diagram/Indonesia_24_Body_with_Diagram.jpg,.jpg,316651,37b9d2a18ece267567608f0ceb4d30339e77fc2f5210b05261748642767ae69a,scored,Indonesia/Body_with_Diagram/Indonesia_24_Body_with_Diagram.jpg,72,47,42,8,77,92,0,87
Indonesia,24,Transparent_Diagram,8 Indonesia/Transparent_Diagram/Indonesia_Diagram_Transparent-24.png,Indonesia/Transparent_Diagram/Indonesia_24_Transparent_Diagram.png,.png,123014,6a0845e736ec12dbff2e6f1731236d7752d71f820cb7a9c3ffa55dcec6589475,scored,Indonesia/Body_with_Diagram/Indonesia_24_Body_with_Diagram.jpg,72,47,42,8,77,92,0,87
Indonesia,25,Body,8 Indonesia/Body/Indonesia_Grayscale-25.jpg,Indonesia/Body/Indonesia_25_Body.jpg,.jpg,277611,c754710522b399db2319189df67a1a945b20eaff5c883c9767bce27da95e7212,scored,Indonesia/Body_with_Diagram/Indonesia_25_Body_with_Diagram.jpg,77,63,12,47,97,77,0,87
Indonesia,25,Body_with_Diagram,8 Indonesia/Body_with_Diagram/Indonesia_Diagram-25.jpg,Indonesia/Body_with_Diagram/Indonesia_25_Body_with_Diagram.jpg,.jpg,296454,3f4439211578975e5c8b3940df54a78291d193703d6e0b20917e06fdb5a65c9d,scored,Indonesia/Body_with_Diagram/Indonesia_25_Body_with_Diagram.jpg,77,63,12,47,97,77,0,87
Indonesia,25,Transparent_Diagram,8 Indonesia/Transparent_Diagram/Indonesia_Diagram_Transparent-25.png,Indonesia/Transparent_Diagram/Indonesia_25_Transparent_Diagram.png,.png,114090,c0052690d5cdeb9c65e0774e5d59951c30e604c8b1c5b1fc9052e5140350a6e7,scored,Indonesia/Body_with_Diagram/Indonesia_25_Body_with_Diagram.jpg,77,63,12,47,97,77,0,87
Indonesia,26,Body,8 Indonesia/Body/Indonesia_Grayscale-26.jpg,Indonesia/Body/Indonesia_26_Body.jpg,.jpg,280957,df4f83119204d451150f88416a34555947a79a8a6a3479d9e867ae251e0d425f,scored,Indonesia/Body_with_Diagram/Indonesia_26_Body_with_Diagram.jpg,67,52,12,83,92,43,0,82
Indonesia,26,Body_with_Diagram,8 Indonesia/Body_with_Diagram/Indonesia_Diagram-26.jpg,Indonesia/Body_with_Diagram/Indonesia_26_Body_with_Diagram.jpg,.jpg,305543,68c7ab2010ff65f383cf37a45c16bea3f503a8e4971d1107f17b9807d1e19a53,scored,Indonesia/Body_with_Diagram/Indonesia_26_Body_with_Diagram.jpg,67,52,12,83,92,43,0,82
Indonesia,26,Transparent_Diagram,8 Indonesia/Transparent_Diagram/Indonesia_Diagram_Transparent-26.png,Indonesia/Transparent_Diagram/Indonesia_26_Transparent_Diagram.png,.png,117899,ff101e2b934cf471db666e40757a0209ff3d604e719c44f768134f386190dac8,scored,Indonesia/Body_with_Diagram/Indonesia_26_Body_with_Diagram.jpg,67,52,12,83,92,43,0,82
Indonesia,27,Body,8 Indonesia/Body/Indonesia_Grayscale-27.jpg,Indonesia/Body/Indonesia_27_Body.jpg,.jpg,282074,a75009d6420334125d0483d9f6d988021f7fe2579a440fa7380bf8045ad58fc6,scored,Indonesia/Body_with_Diagram/Indonesia_27_Body_with_Diagram.jpg,87,58,12,17,97,92,53,92
Indonesia,27,Body_with_Diagram,8 Indonesia/Body_with_Diagram/Indonesia_Diagram-27.jpg,Indonesia/Body_with_Diagram/Indonesia_27_Body_with_Diagram.jpg,.jpg,292689,4f8311ea275c96506042f2fa6fd896a5ae63680c67d6349359b73305f5c10a7a,scored,Indonesia/Body_with_Diagram/Indonesia_27_Body_with_Diagram.jpg,87,58,12,17,97,92,53,92
Indonesia,27,Transparent_Diagram,8 Indonesia/Transparent_Diagram/Indonesia_Diagram_Transparent-27.png,Indonesia/Transparent_Diagram/Indonesia_27_Transparent_Diagram.png,.png,76921,d59c742a9a3fb83c286876082725ef83ba4d23d733654b4cef4e69db23c5a1ff,scored,Indonesia/Body_with_Diagram/Indonesia_27_Body_with_Diagram.jpg,87,58,12,17,97,92,53,92
Indonesia,28,Body,8 Indonesia/Body/Indonesia_Grayscale-28.jpg,Indonesia/Body/Indonesia_28_Body.jpg,.jpg,271992,ea9b22cdbebf74f265fbabfe96d4b3333d19024ddfb466eb010a9a45898cf529,scored,Indonesia/Body_with_Diagram/Indonesia_28_Body_with_Diagram.jpg,72,58,42,12,82,87,0,87
Indonesia,28,Body_with_Diagram,8 Indonesia/Body_with_Diagram/Indonesia_Diagram-28.jpg,Indonesia/Body_with_Diagram/Indonesia_28_Body_with_Diagram.jpg,.jpg,283395,f87104ebb6d0bd8ff69e6bf1e6330b7977a57c2f5a86956c50853422a766cbd8,scored,Indonesia/Body_with_Diagram/Indonesia_28_Body_with_Diagram.jpg,72,58,42,12,82,87,0,87
Indonesia,28,Transparent_Diagram,8 Indonesia/Transparent_Diagram/Indonesia_Diagram_Transparent-28.png,Indonesia/Transparent_Diagram/Indonesia_28_Transparent_Diagram.png,.png,81736,68f26f749be6bf2fdde20578abbf5c18c24741ee315f074857d9d42821b99938,scored,Indonesia/Body_with_Diagram/Indonesia_28_Body_with_Diagram.jpg,72,58,42,12,82,87,0,87
Indonesia,29,Body,8 Indonesia/Body/Indonesia_Grayscale-29.jpg,Indonesia/Body/Indonesia_29_Body.jpg,.jpg,273464,393d173e68c21af5534dcc42e907da806e26b43fcd0c509b9e708841aa26ed67,scored,Indonesia/Body_with_Diagram/Indonesia_29_Body_with_Diagram.jpg,62,58,47,12,62,82,0,82
Indonesia,29,Body_with_Diagram,8 Indonesia/Body_with_Diagram/Indonesia_Diagram-29.jpg,Indonesia/Body_with_Diagram/Indonesia_29_Body_with_Diagram.jpg,.jpg,286827,6ca1e5420e2b0c25df60c356065d409260bb5493cb0a4daa29b4a1a7d03bee7b,scored,Indonesia/Body_with_Diagram/Indonesia_29_Body_with_Diagram.jpg,62,58,47,12,62,82,0,82
Indonesia,29,Transparent_Diagram,8 Indonesia/Transparent_Diagram/Indonesia_Diagram_Transparent-29.png,Indonesia/Transparent_Diagram/Indonesia_29_Transparent_Diagram.png,.png,87763,3a9ca693ac19194d02279fa66b74335c977a0a3a56a32c063156e247fbe4c560,scored,Indonesia/Body_with_Diagram/Indonesia_29_Body_with_Diagram.jpg,62,58,47,12,62,82,0,82
Indonesia,30,Body,8 Indonesia/Body/Indonesia_Grayscale-30.jpg,Indonesia/Body/Indonesia_30_Body.jpg,.jpg,282162,81f4659e366507aa2e3de448bef4a74f28c319e9baf8292a3e698b2fe9d81d1f,scored,Indonesia/Body_with_Diagram/Indonesia_30_Body_with_Diagram.jpg,67,47,22,17,72,82,0,82
Indonesia,30,Body_with_Diagram,8 Indonesia/Body_with_Diagram/Indonesia_Diagram-30.jpg,Indonesia/Body_with_Diagram/Indonesia_30_Body_with_Diagram.jpg,.jpg,293542,eb7961f4b081babe695939bc016b5e9c0604b079e9d76b7fe70bb9d300c1ee45,scored,Indonesia/Body_with_Diagram/Indonesia_30_Body_with_Diagram.jpg,67,47,22,17,72,82,0,82
Indonesia,30,Transparent_Diagram,8 Indonesia/Transparent_Diagram/Indonesia_Diagram_Transparent-30.png,Indonesia/Transparent_Diagram/Indonesia_30_Transparent_Diagram.png,.png,75065,9a0b7b646f3605861461eccfe84b53673ef7ff4976793c94c4256f0848058411,scored,Indonesia/Body_with_Diagram/Indonesia_30_Body_with_Diagram.jpg,67,47,22,17,72,82,0,82
Indonesia,31,Body,8 Indonesia/Body/Indonesia_Grayscale-31.jpg,Indonesia/Body/Indonesia_31_Body.jpg,.jpg,279919,e4c7422475562701814f7d2ceb1c0b1e5451a220a6536692a38fa2f9e558fe50,scored,Indonesia/Body_with_Diagram/Indonesia_31_Body_with_Diagram.jpg,62,52,58,17,57,82,0,82
Indonesia,31,Body_with_Diagram,8 Indonesia/Body_with_Diagram/Indonesia_Diagram-31.jpg,Indonesia/Body_with_Diagram/Indonesia_31_Body_with_Diagram.jpg,.jpg,312317,8490711c3fc68d20b7ee89ac55d2e4f65b0a25154e70d1b92d53cb280aac8af7,scored,Indonesia/Body_with_Diagram/Indonesia_31_Body_with_Diagram.jpg,62,52,58,17,57,82,0,82
Indonesia,31,Transparent_Diagram,8 Indonesia/Transparent_Diagram/Indonesia_Diagram_Transparent-31.png,Indonesia/Transparent_Diagram/Indonesia_31_Transparent_Diagram.png,.png,131408,b8bc13a7cea363865962b92cba52311c6d1d8e6f150cc06ca42a3153573d6469,scored,Indonesia/Body_with_Diagram/Indonesia_31_Body_with_Diagram.jpg,62,52,58,17,57,82,0,82
Indonesia,32,Body,8 Indonesia/Body/Indonesia_Grayscale-32.jpg,Indonesia/Body/Indonesia_32_Body.jpg,.jpg,267195,b01200c4cb558e8aa37200ba59869b3a31c19d7aad3baa843f2fc4db53f1361a,scored,Indonesia/Body_with_Diagram/Indonesia_32_Body_with_Diagram.jpg,61,47,47,7,57,82,0,82
Indonesia,32,Body_with_Diagram,8 Indonesia/Body_with_Diagram/Indonesia_Diagram-32.jpg,Indonesia/Body_with_Diagram/Indonesia_32_Body_with_Diagram.jpg,.jpg,281229,5a44334cd356e991dd3e6c8969d523ec0ddf4b909a6d81a71ef8e487e379945f,scored,Indonesia/Body_with_Diagram/Indonesia_32_Body_with_Diagram.jpg,61,47,47,7,57,82,0,82
Indonesia,32,Transparent_Diagram,8 Indonesia/Transparent_Diagram/Indonesia_Diagram_Transparent-32.png,Indonesia/Transparent_Diagram/Indonesia_32_Transparent_Diagram.png,.png,94056,0d09a46ed73b0d2acfdb13dc4104fe15f013a45330f0460bf913837c4be5a0ff,scored,Indonesia/Body_with_Diagram/Indonesia_32_Body_with_Diagram.jpg,61,47,47,7,57,82,0,82
Indonesia,33,Body,8 Indonesia/Body/Indonesia_Grayscale-33.jpg,Indonesia/Body/Indonesia_33_Body.jpg,.jpg,280315,b9a348bd99d39cc8da82dcfdd9fc99916aaf937a3ee7a5b388330c77016b7e7a,scored,Indonesia/Body_with_Diagram/Indonesia_33_Body_with_Diagram.jpg,72,63,17,17,82,87,0,87
Indonesia,33,Body_with_Diagram,8 Indonesia/Body_with_Diagram/Indonesia_Diagram-33.jpg,Indonesia/Body_with_Diagram/Indonesia_33_Body_with_Diagram.jpg,.jpg,306135,8dace47f5c6600217cfb5e58e149dec0e892dc31727d48848cd12647052e966c,scored,Indonesia/Body_with_Diagram/Indonesia_33_Body_with_Diagram.jpg,72,63,17,17,82,87,0,87
Indonesia,33,Transparent_Diagram,8 Indonesia/Transparent_Diagram/Indonesia_Diagram_Transparent-33.png,Indonesia/Transparent_Diagram/Indonesia_33_Transparent_Diagram.png,.png,125494,56f4590659de946815e3fe54ce890178b8f2d53fcf4092666f051d69d6cffa16,scored,Indonesia/Body_with_Diagram/Indonesia_33_Body_with_Diagram.jpg,72,63,17,17,82,87,0,87
Indonesia,34,Body,8 Indonesia/Body/Indonesia_Grayscale-34.jpg,Indonesia/Body/Indonesia_34_Body.jpg,.jpg,267074,e90fe607ecc0b9fd2a92df083350fc48f541a69c599469cad84129104e5580f9,scored,Indonesia/Body_with_Diagram/Indonesia_34_Body_with_Diagram.jpg,67,57,22,28,72,82,0,82
Indonesia,34,Body_with_Diagram,8 Indonesia/Body_with_Diagram/Indonesia_Diagram-34.jpg,Indonesia/Body_with_Diagram/Indonesia_34_Body_with_Diagram.jpg,.jpg,289280,5d64b8000cff38f73c1569eb8d9ec782743d3c3fe48f8a4bb0304ee1b8be0810,scored,Indonesia/Body_with_Diagram/Indonesia_34_Body_with_Diagram.jpg,67,57,22,28,72,82,0,82
Indonesia,34,Transparent_Diagram,8 Indonesia/Transparent_Diagram/Indonesia_Diagram_Transparent-34.png,Indonesia/Transparent_Diagram/Indonesia_34_Transparent_Diagram.png,.png,121863,34173e859eb55761f5e9779f1b87b6a31c86a9b11a4fe1b1d25eb4bf7e0441cd,scored,Indonesia/Body_with_Diagram/Indonesia_34_Body_with_Diagram.jpg,67,57,22,28,72,82,0,82
Indonesia,35,Body,8 Indonesia/Body/Indonesia_Grayscale-35.jpg,Indonesia/Body/Indonesia_35_Body.jpg,.jpg,286911,3d073df88f6d1d3fecf0c9b7d71883b1e39dfc61a48ff345b5906c29534489d7,scored,Indonesia/Body_with_Diagram/Indonesia_35_Body_with_Diagram.jpg,66,52,12,17,82,87,0,82
Indonesia,35,Body_with_Diagram,8 Indonesia/Body_with_Diagram/Indonesia_Diagram-35.jpg,Indonesia/Body_with_Diagram/Indonesia_35_Body_with_Diagram.jpg,.jpg,306913,2d9c65063841332c313ab21e6cd5fce3a721ed143f5ca4da995fa097e2796058,scored,Indonesia/Body_with_Diagram/Indonesia_35_Body_with_Diagram.jpg,66,52,12,17,82,87,0,82
Indonesia,35,Transparent_Diagram,8 Indonesia/Transparent_Diagram/Indonesia_Diagram_Transparent-35.png,Indonesia/Transparent_Diagram/Indonesia_35_Transparent_Diagram.png,.png,114246,dde62682751ef93ca121d716d8c3cbc3444415301777dfdf4a7113eecae7a70a,scored,Indonesia/Body_with_Diagram/Indonesia_35_Body_with_Diagram.jpg,66,52,12,17,82,87,0,82
Indonesia,36,Body,8 Indonesia/Body/Indonesia_Grayscale-36.jpg,Indonesia/Body/Indonesia_36_Body.jpg,.jpg,275815,6bf6be842802b16bf6258cb90ac3e2fb37546ee02948824a45e5acdbfe8e7ae2,scored,Indonesia/Body_with_Diagram/Indonesia_36_Body_with_Diagram.jpg,53,57,63,33,47,67,0,77
Indonesia,36,Body_with_Diagram,8 Indonesia/Body_with_Diagram/Indonesia_Diagram-36.jpg,Indonesia/Body_with_Diagram/Indonesia_36_Body_with_Diagram.jpg,.jpg,298604,7dbd7cd9055049f2ddb5d05f8333379ecd9e47bd0d5a09ce17b16d1fe02972ad,scored,Indonesia/Body_with_Diagram/Indonesia_36_Body_with_Diagram.jpg,53,57,63,33,47,67,0,77
Indonesia,36,Transparent_Diagram,8 Indonesia/Transparent_Diagram/Indonesia_Diagram_Transparent-36.png,Indonesia/Transparent_Diagram/Indonesia_36_Transparent_Diagram.png,.png,132089,eb9af790976c22740139b81726304354de85b7e4c1767673b24fe8cf2f96f30d,scored,Indonesia/Body_with_Diagram/Indonesia_36_Body_with_Diagram.jpg,53,57,63,33,47,67,0,77
Indonesia,37,Body,8 Indonesia/Body/Indonesia_Grayscale-37.jpg,Indonesia/Body/Indonesia_37_Body.jpg,.jpg,269094,e64e2a802be6c2caa733128ad38a06a9e6be4f174af03dcba18e3df942eb15c6,scored,Indonesia/Body_with_Diagram/Indonesia_37_Body_with_Diagram.jpg,67,37,17,22,77,82,0,82
Indonesia,37,Body_with_Diagram,8 Indonesia/Body_with_Diagram/Indonesia_Diagram-37.jpg,Indonesia/Body_with_Diagram/Indonesia_37_Body_with_Diagram.jpg,.jpg,277542,c3ff1e30a2abfff10bca06025aeff990aaca5dd499316b682db8ed37fbc71338,scored,Indonesia/Body_with_Diagram/Indonesia_37_Body_with_Diagram.jpg,67,37,17,22,77,82,0,82
Indonesia,37,Transparent_Diagram,8 Indonesia/Transparent_Diagram/Indonesia_Diagram_Transparent-37.png,Indonesia/Transparent_Diagram/Indonesia_37_Transparent_Diagram.png,.png,81193,8930d67699bef588cc44bcbdf579564660e42ad6c3af564f4af394ef36df2628,scored,Indonesia/Body_with_Diagram/Indonesia_37_Body_with_Diagram.jpg,67,37,17,22,77,82,0,82
Indonesia,38,Body,8 Indonesia/Body/Indonesia_Grayscale-38.jpg,Indonesia/Body/Indonesia_38_Body.jpg,.jpg,276184,12a6b9e481bdaf27d5ca72c6d3aa0488f9e1d11380936bfdd70bb01e319dd929,scored,Indonesia/Body_with_Diagram/Indonesia_38_Body_with_Diagram.jpg,66,42,17,22,77,82,0,82
Indonesia,38,Body_with_Diagram,8 Indonesia/Body_with_Diagram/Indonesia_Diagram-38.jpg,Indonesia/Body_with_Diagram/Indonesia_38_Body_with_Diagram.jpg,.jpg,284901,6ebb528592080a729ae078998fe0d64fb9a3511582cf0c8c5224703723410cb5,scored,Indonesia/Body_with_Diagram/Indonesia_38_Body_with_Diagram.jpg,66,42,17,22,77,82,0,82
Indonesia,38,Transparent_Diagram,8 Indonesia/Transparent_Diagram/Indonesia_Diagram_Transparent-38.png,Indonesia/Transparent_Diagram/Indonesia_38_Transparent_Diagram.png,.png,85274,146134a99f4af60cb527d4ca41aa6e90ccb2205d930777a5ba8b9d01c02fc773,scored,Indonesia/Body_with_Diagram/Indonesia_38_Body_with_Diagram.jpg,66,42,17,22,77,82,0,82
Indonesia,39,Body,8 Indonesia/Body/Indonesia_Grayscale-39.jpg,Indonesia/Body/Indonesia_39_Body.jpg,.jpg,276045,154998e579262ecc98fb5144fb9f503312283bf007f9cefcdbbba8ff9c5a420d,scored,Indonesia/Body_with_Diagram/Indonesia_39_Body_with_Diagram.jpg,67,52,53,7,57,87,0,87
Indonesia,39,Body_with_Diagram,8 Indonesia/Body_with_Diagram/Indonesia_Diagram-39.jpg,Indonesia/Body_with_Diagram/Indonesia_39_Body_with_Diagram.jpg,.jpg,301310,5c976b5b4684729384829766f44f7803af24584367a1167a4fc6fce402349743,scored,Indonesia/Body_with_Diagram/Indonesia_39_Body_with_Diagram.jpg,67,52,53,7,57,87,0,87
Indonesia,39,Transparent_Diagram,8 Indonesia/Transparent_Diagram/Indonesia_Diagram_Transparent-39.png,Indonesia/Transparent_Diagram/Indonesia_39_Transparent_Diagram.png,.png,139713,db1dd075916ad10886ef285fa444bbbc15a86bb2758fbacacf7f761225d0ecc9,scored,Indonesia/Body_with_Diagram/Indonesia_39_Body_with_Diagram.jpg,67,52,53,7,57,87,0,87
Indonesia,40,Body,8 Indonesia/Body/Indonesia_Grayscale-40.jpg,Indonesia/Body/Indonesia_40_Body.jpg,.jpg,270363,7e15e66a3017c2df3715e99b4e03c6b0f25a5a4bee16be90b491637e2a3c3d82,scored,Indonesia/Body_with_Diagram/Indonesia_40_Body_with_Diagram.jpg,62,63,63,17,52,77,0,87
Indonesia,40,Body_with_Diagram,8 Indonesia/Body_with_Diagram/Indonesia_Diagram-40.jpg,Indonesia/Body_with_Diagram/Indonesia_40_Body_with_Diagram.jpg,.jpg,294184,bd43597dd8572d06d0be6e44705e20c463df60bc0c642827815078aff1c74e1d,scored,Indonesia/Body_with_Diagram/Indonesia_40_Body_with_Diagram.jpg,62,63,63,17,52,77,0,87
Indonesia,40,Transparent_Diagram,8 Indonesia/Transparent_Diagram/Indonesia_Diagram_Transparent-40.png,Indonesia/Transparent_Diagram/Indonesia_40_Transparent_Diagram.png,.png,143541,2064bb6ea70f27ecf93d256a81b67a7cd049d78328fc0143748d59ee7449a85e,scored,Indonesia/Body_with_Diagram/Indonesia_40_Body_with_Diagram.jpg,62,63,63,17,52,77,0,87
Indonesia,41,Body,8 Indonesia/Body/Indonesia_Grayscale-41.jpg,Indonesia/Body/Indonesia_41_Body.jpg,.jpg,278174,ffedac2d87bbaa729cb0b6ab8e739ff26c1f39e7ee8174f198208cb0e7084db2,scored,Indonesia/Body_with_Diagram/Indonesia_41_Body_with_Diagram.jpg,61,37,53,7,52,87,0,87
Indonesia,41,Body_with_Diagram,8 Indonesia/Body_with_Diagram/Indonesia_Diagram-41.jpg,Indonesia/Body_with_Diagram/Indonesia_41_Body_with_Diagram.jpg,.jpg,297673,6bd8bb4fe2f7e4ad6f684d2fee16b0b14ecf1fe08aa9a4b921a157466cddd09f,scored,Indonesia/Body_with_Diagram/Indonesia_41_Body_with_Diagram.jpg,61,37,53,7,52,87,0,87
Indonesia,41,Transparent_Diagram,8 Indonesia/Transparent_Diagram/Indonesia_Diagram_Transparent-41.png,Indonesia/Transparent_Diagram/Indonesia_41_Transparent_Diagram.png,.png,113866,0bb1eb964ded151f6d7188e4e80a30b053848019061e59e685ea0ab92956c79d,scored,Indonesia/Body_with_Diagram/Indonesia_41_Body_with_Diagram.jpg,61,37,53,7,52,87,0,87
Indonesia,42,Body,8 Indonesia/Body/Indonesia_Grayscale-42.jpg,Indonesia/Body/Indonesia_42_Body.jpg,.jpg,267708,1399ac92ae1ddf88da73de90de48d45109e59a2891192ab21e0843042897611d,scored,Indonesia/Body_with_Diagram/Indonesia_42_Body_with_Diagram.jpg,62,42,42,7,62,87,3,87
Indonesia,42,Body_with_Diagram,8 Indonesia/Body_with_Diagram/Indonesia_Diagram-42.jpg,Indonesia/Body_with_Diagram/Indonesia_42_Body_with_Diagram.jpg,.jpg,277840,0d43393c7133002fb9498c92abc4f9968a0f31def87606f14cabcb8533b46f24,scored,Indonesia/Body_with_Diagram/Indonesia_42_Body_with_Diagram.jpg,62,42,42,7,62,87,3,87
Indonesia,42,Transparent_Diagram,8 Indonesia/Transparent_Diagram/Indonesia_Diagram_Transparent-42.png,Indonesia/Transparent_Diagram/Indonesia_42_Transparent_Diagram.png,.png,87805,84e05dfb9420b09b7226ffb44a90d45eebd95bf18a74f95005748cf9600bf3ea,scored,Indonesia/Body_with_Diagram/Indonesia_42_Body_with_Diagram.jpg,62,42,42,7,62,87,3,87
Indonesia,43,Body,8 Indonesia/Body/Indonesia_Grayscale-43.jpg,Indonesia/Body/Indonesia_43_Body.jpg,.jpg,261798,eeee200c4d907adedea1dfc7252b72f3c7d42dfd1e776cd68ada64511ea4a29c,scored,Indonesia/Body_with_Diagram/Indonesia_43_Body_with_Diagram.jpg,57,42,47,7,47,87,7,87
Indonesia,43,Body_with_Diagram,8 Indonesia/Body_with_Diagram/Indonesia_Diagram-43.jpg,Indonesia/Body_with_Diagram/Indonesia_43_Body_with_Diagram.jpg,.jpg,275693,0f16ac44f25b9da021198a3e42fc455f4145a2136fda5037bee3d0753466895e,scored,Indonesia/Body_with_Diagram/Indonesia_43_Body_with_Diagram.jpg,57,42,47,7,47,87,7,87
Indonesia,43,Transparent_Diagram,8 Indonesia/Transparent_Diagram/Indonesia_Diagram_Transparent-43.png,Indonesia/Transparent_Diagram/Indonesia_43_Transparent_Diagram.png,.png,106218,4fc4965320eab483447ff863c47f46f0465509e88a725d19886aa8f2749961e7,scored,Indonesia/Body_with_Diagram/Indonesia_43_Body_with_Diagram.jpg,57,42,47,7,47,87,7,87
Indonesia,44,Body,8 Indonesia/Body/Indonesia_Grayscale-44.jpg,Indonesia/Body/Indonesia_44_Body.jpg,.jpg,277966,d762e4dccb2254870745813a4dcf2a9d02591fd1433205d434d61c47af644101,scored,Indonesia/Body_with_Diagram/Indonesia_44_Body_with_Diagram.jpg,54,42,42,7,47,82,7,82
Indonesia,44,Body_with_Diagram,8 Indonesia/Body_with_Diagram/Indonesia_Diagram-44.jpg,Indonesia/Body_with_Diagram/Indonesia_44_Body_with_Diagram.jpg,.jpg,286061,bfa4f0ec87188500c15f03a9b180d353f884b886d6f5e72d89eb109e9d847dcd,scored,Indonesia/Body_with_Diagram/Indonesia_44_Body_with_Diagram.jpg,54,42,42,7,47,82,7,82
Indonesia,44,Transparent_Diagram,8 Indonesia/Transparent_Diagram/Indonesia_Diagram_Transparent-44.png,Indonesia/Transparent_Diagram/Indonesia_44_Transparent_Diagram.png,.png,78730,b4ff1893fcac79fb40cdac11d2dbf454e7d4c65dedb16b5150bf69ca3e9596a3,scored,Indonesia/Body_with_Diagram/Indonesia_44_Body_with_Diagram.jpg,54,42,42,7,47,82,7,82
Indonesia,45,Body,8 Indonesia/Body/Indonesia_Grayscale-45.jpg,Indonesia/Body/Indonesia_45_Body.jpg,.jpg,278641,2a47f00c7a772a90835ac41e895926fdb363e5b047ed3696197e77579a68e5aa,scored,Indonesia/Body_with_Diagram/Indonesia_45_Body_with_Diagram.jpg,62,37,37,7,57,82,7,82
Indonesia,45,Body_with_Diagram,8 Indonesia/Body_with_Diagram/Indonesia_Diagram-45.jpg,Indonesia/Body_with_Diagram/Indonesia_45_Body_with_Diagram.jpg,.jpg,289709,ca031b6bb3208abe3366098f81ff62cfc62d67fe1af990b500dfe58db2fe9b10,scored,Indonesia/Body_with_Diagram/Indonesia_45_Body_with_Diagram.jpg,62,37,37,7,57,82,7,82
Indonesia,45,Transparent_Diagram,8 Indonesia/Transparent_Diagram/Indonesia_Diagram_Transparent-45.png,Indonesia/Transparent_Diagram/Indonesia_45_Transparent_Diagram.png,.png,87799,c8dfa13ffe8ef767ec63b3d96d3819ea580f8ec5602e80864457fdff2a15fbc3,scored,Indonesia/Body_with_Diagram/Indonesia_45_Body_with_Diagram.jpg,62,37,37,7,57,82,7,82
Indonesia,46,Body,8 Indonesia/Body/Indonesia_Grayscale-46.jpg,Indonesia/Body/Indonesia_46_Body.jpg,.jpg,265548,46a321fe477610a399415ee958f2feb5fab37ae4c80cf076595a990bba735dd8,scored,Indonesia/Body_with_Diagram/Indonesia_46_Body_with_Diagram.jpg,62,47,47,7,57,87,3,87
Indonesia,46,Body_with_Diagram,8 Indonesia/Body_with_Diagram/Indonesia_Diagram-46.jpg,Indonesia/Body_with_Diagram/Indonesia_46_Body_with_Diagram.jpg,.jpg,278443,bdce750557a5cdb134bbbe0e5b0fde74e7a5fc0ea33e76891257f4a6af277851,scored,Indonesia/Body_with_Diagram/Indonesia_46_Body_with_Diagram.jpg,62,47,47,7,57,87,3,87
Indonesia,46,Transparent_Diagram,8 Indonesia/Transparent_Diagram/Indonesia_Diagram_Transparent-46.png,Indonesia/Transparent_Diagram/Indonesia_46_Transparent_Diagram.png,.png,89998,5fb8a0c3304e4af9950d600dd1e5abd6caec80ab3e5986326a0e4978a73182c1,scored,Indonesia/Body_with_Diagram/Indonesia_46_Body_with_Diagram.jpg,62,47,47,7,57,87,3,87
Indonesia,47,Body,8 Indonesia/Body/Indonesia_Grayscale-47.jpg,Indonesia/Body/Indonesia_47_Body.jpg,.jpg,249791,25334cbca0935296e5f420b76e219d88079a5591738814976d9bee6ad58e9f46,scored,Indonesia/Body_with_Diagram/Indonesia_47_Body_with_Diagram.jpg,67,37,37,7,57,87,37,87
Indonesia,47,Body_with_Diagram,8 Indonesia/Body_with_Diagram/Indonesia_Diagram-47.jpg,Indonesia/Body_with_Diagram/Indonesia_47_Body_with_Diagram.jpg,.jpg,254321,0cddf4c2192f3493ec13bccc44eb773720902651591a7bca0fb63f086660c243,scored,Indonesia/Body_with_Diagram/Indonesia_47_Body_with_Diagram.jpg,67,37,37,7,57,87,37,87
Indonesia,47,Transparent_Diagram,8 Indonesia/Transparent_Diagram/Indonesia_Diagram_Transparent-47.png,Indonesia/Transparent_Diagram/Indonesia_47_Transparent_Diagram.png,.png,59963,d8d95aff0f41374763bbb8405b8eaf0aa07949ffe6ae5fad4dfd5e4f5c5a39b5,scored,Indonesia/Body_with_Diagram/Indonesia_47_Body_with_Diagram.jpg,67,37,37,7,57,87,37,87
Indonesia,48,Body,8 Indonesia/Body/Indonesia_Grayscale-48.jpg,Indonesia/Body/Indonesia_48_Body.jpg,.jpg,297691,18667b3a7594cf20419709d7bf171589fdef8ae4916bf404a3b80822314e810f,scored,Indonesia/Body_with_Diagram/Indonesia_48_Body_with_Diagram.jpg,67,68,22,78,82,43,0,82
Indonesia,48,Body_with_Diagram,8 Indonesia/Body_with_Diagram/Indonesia_Diagram-48.jpg,Indonesia/Body_with_Diagram/Indonesia_48_Body_with_Diagram.jpg,.jpg,317540,17851fd57055be5c81c3539e54a9a13375ab934e02b0137374a4256351c8bc9b,scored,Indonesia/Body_with_Diagram/Indonesia_48_Body_with_Diagram.jpg,67,68,22,78,82,43,0,82
Indonesia,48,Transparent_Diagram,8 Indonesia/Transparent_Diagram/Indonesia_Diagram_Transparent-48.png,Indonesia/Transparent_Diagram/Indonesia_48_Transparent_Diagram.png,.png,106882,eb25eb75ca56d7965a3fd525ac52ecf5c46f8e2a8ef26d45b6daec26d64a41f5,scored,Indonesia/Body_with_Diagram/Indonesia_48_Body_with_Diagram.jpg,67,68,22,78,82,43,0,82
Indonesia,49,Body,8 Indonesia/Body/Indonesia_Grayscale-49.jpg,Indonesia/Body/Indonesia_49_Body.jpg,.jpg,286465,e3afcefccb62b15523489074e54fc58a0c2332ebee5dd0195d69c82fffad3d45,scored,Indonesia/Body_with_Diagram/Indonesia_49_Body_with_Diagram.jpg,62,58,17,73,82,43,0,82
Indonesia,49,Body_with_Diagram,8 Indonesia/Body_with_Diagram/Indonesia_Diagram-49.jpg,Indonesia/Body_with_Diagram/Indonesia_49_Body_with_Diagram.jpg,.jpg,306119,f6010facc8cc082a35b461e2c23981faaa1e0c2b8294760ef7523f43d8944f8c,scored,Indonesia/Body_with_Diagram/Indonesia_49_Body_with_Diagram.jpg,62,58,17,73,82,43,0,82
Indonesia,49,Transparent_Diagram,8 Indonesia/Transparent_Diagram/Indonesia_Diagram_Transparent-49.png,Indonesia/Transparent_Diagram/Indonesia_49_Transparent_Diagram.png,.png,117158,6c9d9dabd0d3821e9a337beb1137ec09591808bba62bcf7c51071ec430843b10,scored,Indonesia/Body_with_Diagram/Indonesia_49_Body_with_Diagram.jpg,62,58,17,73,82,43,0,82
Indonesia,50,Body,8 Indonesia/Body/Indonesia_Grayscale-50.jpg,Indonesia/Body/Indonesia_50_Body.jpg,.jpg,285373,45540bed522dac20e9d4d5dddf40e506853f976691494ddca81b225121d971d9,scored,Indonesia/Body_with_Diagram/Indonesia_50_Body_with_Diagram.jpg,67,47,17,32,82,77,0,82
Indonesia,50,Body_with_Diagram,8 Indonesia/Body_with_Diagram/Indonesia_Diagram-50.jpg,Indonesia/Body_with_Diagram/Indonesia_50_Body_with_Diagram.jpg,.jpg,307925,39f92d66f062b39f7f56d48ccb36bcde4d5cf033c70778eefe3b2eba0179c65c,scored,Indonesia/Body_with_Diagram/Indonesia_50_Body_with_Diagram.jpg,67,47,17,32,82,77,0,82
Indonesia,50,Transparent_Diagram,8 Indonesia/Transparent_Diagram/Indonesia_Diagram_Transparent-50.png,Indonesia/Transparent_Diagram/Indonesia_50_Transparent_Diagram.png,.png,139377,657efcd482e1e11d38ca41b60d4593a0f4d2123bf2508ddc35dd220dafd41c5a,scored,Indonesia/Body_with_Diagram/Indonesia_50_Body_with_Diagram.jpg,67,47,17,32,82,77,0,82
Indonesia,51,Body,8 Indonesia/Body/Indonesia_Grayscale-51.jpg,Indonesia/Body/Indonesia_51_Body.jpg,.jpg,287864,9fe73a31bfb070f042d285af2d32abe60f6f942234b136776746fa8575ad59b9,scored,Indonesia/Body_with_Diagram/Indonesia_51_Body_with_Diagram.jpg,62,73,68,83,62,48,0,87
Indonesia,51,Body_with_Diagram,8 Indonesia/Body_with_Diagram/Indonesia_Diagram-51.jpg,Indonesia/Body_with_Diagram/Indonesia_51_Body_with_Diagram.jpg,.jpg,311104,6ea6e48e74cb8b5182f2fb2d5c85730b9699338701721749d41022848047d215,scored,Indonesia/Body_with_Diagram/Indonesia_51_Body_with_Diagram.jpg,62,73,68,83,62,48,0,87
Indonesia,51,Transparent_Diagram,8 Indonesia/Transparent_Diagram/Indonesia_Diagram_Transparent-51.png,Indonesia/Transparent_Diagram/Indonesia_51_Transparent_Diagram.png,.png,132319,ea7f65dd4b89498b20597a0230a0469326d765a5d68581d158f402857a40ee8c,scored,Indonesia/Body_with_Diagram/Indonesia_51_Body_with_Diagram.jpg,62,73,68,83,62,48,0,87
Indonesia,52,Body,8 Indonesia/Body/Indonesia_Grayscale-52.jpg,Indonesia/Body/Indonesia_52_Body.jpg,.jpg,280111,0a8ec201e681c62bf565f308f305908a6760f19f2ab737f61c241151cbf3433d,scored,Indonesia/Body_with_Diagram/Indonesia_52_Body_with_Diagram.jpg,62,68,53,7,57,82,0,82
Indonesia,52,Body_with_Diagram,8 Indonesia/Body_with_Diagram/Indonesia_Diagram-52.jpg,Indonesia/Body_with_Diagram/Indonesia_52_Body_with_Diagram.jpg,.jpg,302238,5137679fb18f054a0bba3c5012105594d3ac302d88fd99122eb7c053733502ab,scored,Indonesia/Body_with_Diagram/Indonesia_52_Body_with_Diagram.jpg,62,68,53,7,57,82,0,82
Indonesia,52,Transparent_Diagram,8 Indonesia/Transparent_Diagram/Indonesia_Diagram_Transparent-52.png,Indonesia/Transparent_Diagram/Indonesia_52_Transparent_Diagram.png,.png,118470,fc0c0db559d30961ccf0bc1f0365ae20b28da3f6116cd2f0dca198feb4f7ec4a,scored,Indonesia/Body_with_Diagram/Indonesia_52_Body_with_Diagram.jpg,62,68,53,7,57,82,0,82
Indonesia,53,Body,8 Indonesia/Body/Indonesia_Grayscale-53.jpg,Indonesia/Body/Indonesia_53_Body.jpg,.jpg,277905,46f08dea9fd162c5aa87915f5e1846232a834b651b9d9719c6cd9dc718abcc42,scored,Indonesia/Body_with_Diagram/Indonesia_53_Body_with_Diagram.jpg,61,37,47,12,52,82,0,82
Indonesia,53,Body_with_Diagram,8 Indonesia/Body_with_Diagram/Indonesia_Diagram-53.jpg,Indonesia/Body_with_Diagram/Indonesia_53_Body_with_Diagram.jpg,.jpg,293365,009c3a3253059b7dd4056672c1a4d1e59f95a22757f78c16f6c867ca7d0d77a7,scored,Indonesia/Body_with_Diagram/Indonesia_53_Body_with_Diagram.jpg,61,37,47,12,52,82,0,82
Indonesia,53,Transparent_Diagram,8 Indonesia/Transparent_Diagram/Indonesia_Diagram_Transparent-53.png,Indonesia/Transparent_Diagram/Indonesia_53_Transparent_Diagram.png,.png,105007,885194360808d13a176d549511f9ccd3d7dfdb32b4876d81afd719c3dd4df3cc,scored,Indonesia/Body_with_Diagram/Indonesia_53_Body_with_Diagram.jpg,61,37,47,12,52,82,0,82
Indonesia,54,Body,8 Indonesia/Body/Indonesia_Grayscale-54.jpg,Indonesia/Body/Indonesia_54_Body.jpg,.jpg,292748,157cb0ee0f2a7f9e9ce73cd6067ef195606394d43daa0f60b0930993cb559b3b,scored,Indonesia/Body_with_Diagram/Indonesia_54_Body_with_Diagram.jpg,87,68,17,12,92,92,52,92
Indonesia,54,Body_with_Diagram,8 Indonesia/Body_with_Diagram/Indonesia_Diagram-54.jpg,Indonesia/Body_with_Diagram/Indonesia_54_Body_with_Diagram.jpg,.jpg,304230,a4b48deb7b2b707b8f06c658af061b7fa0f71dd52ebbf869e32658e7bf59414f,scored,Indonesia/Body_with_Diagram/Indonesia_54_Body_with_Diagram.jpg,87,68,17,12,92,92,52,92
Indonesia,54,Transparent_Diagram,8 Indonesia/Transparent_Diagram/Indonesia_Diagram_Transparent-54.png,Indonesia/Transparent_Diagram/Indonesia_54_Transparent_Diagram.png,.png,79513,0622303723e80b58c12ce808cf61b8bc4f486745eb582514418ae5afca552ac8,scored,Indonesia/Body_with_Diagram/Indonesia_54_Body_with_Diagram.jpg,87,68,17,12,92,92,52,92
Indonesia,55,Body,8 Indonesia/Body/Indonesia_Grayscale-55.jpg,Indonesia/Body/Indonesia_55_Body.jpg,.jpg,288135,e83af3f9f29ecc6d9504c52527c847e4be804c73b2ac78c7d781c0fc71ed3631,scored,Indonesia/Body_with_Diagram/Indonesia_55_Body_with_Diagram.jpg,72,73,17,12,82,87,0,87
Indonesia,55,Body_with_Diagram,8 Indonesia/Body_with_Diagram/Indonesia_Diagram-55.jpg,Indonesia/Body_with_Diagram/Indonesia_55_Body_with_Diagram.jpg,.jpg,309509,61585a61fa1215b46b381e264fb077223a9cc55154debcceee71b52e7020d923,scored,Indonesia/Body_with_Diagram/Indonesia_55_Body_with_Diagram.jpg,72,73,17,12,82,87,0,87
Indonesia,55,Transparent_Diagram,8 Indonesia/Transparent_Diagram/Indonesia_Diagram_Transparent-55.png,Indonesia/Transparent_Diagram/Indonesia_55_Transparent_Diagram.png,.png,114935,81d759a8842ef1f469b3035aba1bda71f7f5f3b129dd55ae7a91d3e31eb9407d,scored,Indonesia/Body_with_Diagram/Indonesia_55_Body_with_Diagram.jpg,72,73,17,12,82,87,0,87
Indonesia,56,Body,8 Indonesia/Body/Indonesia_Grayscale-56.jpg,Indonesia/Body/Indonesia_56_Body.jpg,.jpg,264700,8f5eba117324fbd071e1a6e2db856d60530b59b5c0dedf0cdc8338ef69e34518,scored,Indonesia/Body_with_Diagram/Indonesia_56_Body_with_Diagram.jpg,43,31,78,93,42,43,0,77
Indonesia,56,Body_with_Diagram,8 Indonesia/Body_with_Diagram/Indonesia_Diagram-56.jpg,Indonesia/Body_with_Diagram/Indonesia_56_Body_with_Diagram.jpg,.jpg,278827,29a13f07dba35835b825b236e6b31896401bafed2563279921e9e445c87fc591,scored,Indonesia/Body_with_Diagram/Indonesia_56_Body_with_Diagram.jpg,43,31,78,93,42,43,0,77
Indonesia,56,Transparent_Diagram,8 Indonesia/Transparent_Diagram/Indonesia_Diagram_Transparent-56.png,Indonesia/Transparent_Diagram/Indonesia_56_Transparent_Diagram.png,.png,98501,711750368ca5abc9040912ff8def36235e8e6b7e347e49587bba86d73d851964,scored,Indonesia/Body_with_Diagram/Indonesia_56_Body_with_Diagram.jpg,43,31,78,93,42,43,0,77
Indonesia,57,Body,8 Indonesia/Body/Indonesia_Grayscale-57.jpg,Indonesia/Body/Indonesia_57_Body.jpg,.jpg,254450,d11391237af6c83e32c3add2ce7cdb32b9cc9f6bca26b2946891162af33003f9,scored,Indonesia/Body_with_Diagram/Indonesia_57_Body_with_Diagram.jpg,48,32,68,38,42,67,0,77
Indonesia,57,Body_with_Diagram,8 Indonesia/Body_with_Diagram/Indonesia_Diagram-57.jpg,Indonesia/Body_with_Diagram/Indonesia_57_Body_with_Diagram.jpg,.jpg,268617,c017ea224888a6d667876fead15502de7ba616a1779f9103a71c8885b1dce24f,scored,Indonesia/Body_with_Diagram/Indonesia_57_Body_with_Diagram.jpg,48,32,68,38,42,67,0,77
Indonesia,57,Transparent_Diagram,8 Indonesia/Transparent_Diagram/Indonesia_Diagram_Transparent-57.png,Indonesia/Transparent_Diagram/Indonesia_57_Transparent_Diagram.png,.png,105873,ba8e9dcdb3c093f2309aac914f0ede0ce67d6f31195d449d66eb5f24a37dcf5f,scored,Indonesia/Body_with_Diagram/Indonesia_57_Body_with_Diagram.jpg,48,32,68,38,42,67,0,77
Laos,01,Body,4 Laos/Body/Laos_Grayscale-01.png,Laos/Body/Laos_01_Body.png,.png,4349457,3b4259bd3cd8e0ba88a32a58e8ec2e37374d413d76c802364420ac93986e8fef,scored,Laos/Body_with_Diagram/Laos_01_Body_with_Diagram.png,38,28,57,60,30,52,0,58
Laos,01,Body_with_Diagram,4 Laos/Body_with_Diagram/Laos_Diagram-01.png,Laos/Body_with_Diagram/Laos_01_Body_with_Diagram.png,.png,4385312,3aa6e10d12387596c36e71e47218493a8e313f35a7983661610980cf1eb137a9,scored,Laos/Body_with_Diagram/Laos_01_Body_with_Diagram.png,38,28,57,60,30,52,0,58
Laos,01,Transparent_Diagram,4 Laos/Transparent_Diagram/Diagram_Transparent-01.png,Laos/Transparent_Diagram/Laos_01_Transparent_Diagram.png,.png,96315,fa113f4ed766e04c8b7361251f4a6c90d244de656b4017a3b1d257bb28f2053a,scored,Laos/Body_with_Diagram/Laos_01_Body_with_Diagram.png,38,28,57,60,30,52,0,58
Laos,02,Body,4 Laos/Body/Laos_Grayscale-02.png,Laos/Body/Laos_02_Body.png,.png,4400454,4a03b1cf9db14454024ec3ea11df1dc02b5e899b9a507357851bb79d7790ce7c,scored,Laos/Body_with_Diagram/Laos_02_Body_with_Diagram.png,48,25,15,78,65,40,5,62
Laos,02,Body_with_Diagram,4 Laos/Body_with_Diagram/Laos_Diagram-02.png,Laos/Body_with_Diagram/Laos_02_Body_with_Diagram.png,.png,4435882,048adf0b9744cd03679da9b745991e05ff96c2e42fccf7f89df78511fc0c316e,scored,Laos/Body_with_Diagram/Laos_02_Body_with_Diagram.png,48,25,15,78,65,40,5,62
Laos,02,Transparent_Diagram,4 Laos/Transparent_Diagram/Diagram_Transparent-02.png,Laos/Transparent_Diagram/Laos_02_Transparent_Diagram.png,.png,107786,5d59ef78fe7e90d0d45e6184a9d8aa870f0dcd3bfbab726a6507e0c1b8bcc1de,scored,Laos/Body_with_Diagram/Laos_02_Body_with_Diagram.png,48,25,15,78,65,40,5,62
Laos,03,Body,4 Laos/Body/Laos_Grayscale-03.png,Laos/Body/Laos_03_Body.png,.png,4428670,1d2b2aaa03fbd5bab0a4c31fb04a9dad325c868341ec4715bb74d27f1b9ab681,scored,Laos/Body_with_Diagram/Laos_03_Body_with_Diagram.png,43,32,62,55,35,58,0,60
Laos,03,Body_with_Diagram,4 Laos/Body_with_Diagram/Laos_Diagram-03.png,Laos/Body_with_Diagram/Laos_03_Body_with_Diagram.png,.png,4468667,34546b930b457040fb651454d6d2cecf78fe687da87eabb08a940a2f1d31f9d8,scored,Laos/Body_with_Diagram/Laos_03_Body_with_Diagram.png,43,32,62,55,35,58,0,60
Laos,03,Transparent_Diagram,4 Laos/Transparent_Diagram/Diagram_Transparent-03.png,Laos/Transparent_Diagram/Laos_03_Transparent_Diagram.png,.png,122386,6f46fc7609ae6398a0b63ca2500f2b2e1685b34e76770b55a5a00f5b4bb4017f,scored,Laos/Body_with_Diagram/Laos_03_Body_with_Diagram.png,43,32,62,55,35,58,0,60
Laos,04,Body,4 Laos/Body/Laos_Grayscale-04.png,Laos/Body/Laos_04_Body.png,.png,4348365,1544188081eced4c21d2d91b0eecc1cd2f506a56c59b8a386704799f15c612ea,scored,Laos/Body_with_Diagram/Laos_04_Body_with_Diagram.png,56,78,52,42,66,76,0,64
Laos,04,Body_with_Diagram,4 Laos/Body_with_Diagram/Laos_Diagram-04.png,Laos/Body_with_Diagram/Laos_04_Body_with_Diagram.png,.png,4400676,519c33478c398f79c02a6ddabf3c760b0ecf3f66b482fbc6d73e3c53b9984ce9,scored,Laos/Body_with_Diagram/Laos_04_Body_with_Diagram.png,56,78,52,42,66,76,0,64
Laos,04,Transparent_Diagram,4 Laos/Transparent_Diagram/Diagram_Transparent-04.png,Laos/Transparent_Diagram/Laos_04_Transparent_Diagram.png,.png,119486,779ad4bfce9ea6ef4af5ef32b5eaedf06f7953c2fb4b5b233c2d64a5aac1f357,scored,Laos/Body_with_Diagram/Laos_04_Body_with_Diagram.png,56,78,52,42,66,76,0,64
Laos,05,Body,4 Laos/Body/Laos_Grayscale-05.png,Laos/Body/Laos_05_Body.png,.png,4380216,f471ff8b6bea17af434d742c6ea0709052e35b6f0a98f615283663f6d15505b0,scored,Laos/Body_with_Diagram/Laos_05_Body_with_Diagram.png,45,48,70,45,38,68,0,65
Laos,05,Body_with_Diagram,4 Laos/Body_with_Diagram/Laos_Diagram-05.png,Laos/Body_with_Diagram/Laos_05_Body_with_Diagram.png,.png,4414814,330a6d25271db0b38fa4273cd88248b97626daf0eb19daac1708574019870f21,scored,Laos/Body_with_Diagram/Laos_05_Body_with_Diagram.png,45,48,70,45,38,68,0,65
Laos,05,Transparent_Diagram,4 Laos/Transparent_Diagram/Diagram_Transparent-05.png,Laos/Transparent_Diagram/Laos_05_Transparent_Diagram.png,.png,100009,5e5ba9a7b786c63cb7a1db74c1688cd6c701257f39d20b8dc129d5934f8d0f44,scored,Laos/Body_with_Diagram/Laos_05_Body_with_Diagram.png,45,48,70,45,38,68,0,65
Laos,06,Body,4 Laos/Body/Laos_Grayscale-06.png,Laos/Body/Laos_06_Body.png,.png,4391452,16e2074c5ee146a2a371fdcd954de909131df2343db351294019c6eccc99bc4f,scored,Laos/Body_with_Diagram/Laos_06_Body_with_Diagram.png,61,52,43,38,74,82,3,68
Laos,06,Body_with_Diagram,4 Laos/Body_with_Diagram/Laos_Diagram-06.png,Laos/Body_with_Diagram/Laos_06_Body_with_Diagram.png,.png,4448922,b6e041dc7ca3fe48941c5c872f64d83489ea638198aec5b9b6a90756b5179fab,scored,Laos/Body_with_Diagram/Laos_06_Body_with_Diagram.png,61,52,43,38,74,82,3,68
Laos,06,Transparent_Diagram,4 Laos/Transparent_Diagram/Diagram_Transparent-06.png,Laos/Transparent_Diagram/Laos_06_Transparent_Diagram.png,.png,126787,3fda631cd7af8dad3d498fc9dd4b2f10497e30ac3e7e14ffc4b1660c8a9c983b,scored,Laos/Body_with_Diagram/Laos_06_Body_with_Diagram.png,61,52,43,38,74,82,3,68
Laos,07,Body,4 Laos/Body/Laos_Grayscale-07.png,Laos/Body/Laos_07_Body.png,.png,4452221,be3eaf6c51098643ee8bac02613b265c7159709e8ea3f1ecbf67f708b801019c,scored,Laos/Body_with_Diagram/Laos_07_Body_with_Diagram.png,58,34,18,68,71,54,0,70
Laos,07,Body_with_Diagram,4 Laos/Body_with_Diagram/Laos_Diagram-07.png,Laos/Body_with_Diagram/Laos_07_Body_with_Diagram.png,.png,4523648,55c8527e82a1298df67b3e3573ed0f70d66cface90cda4003f35a68e6427431c,scored,Laos/Body_with_Diagram/Laos_07_Body_with_Diagram.png,58,34,18,68,71,54,0,70
Laos,07,Transparent_Diagram,4 Laos/Transparent_Diagram/Diagram_Transparent-07.png,Laos/Transparent_Diagram/Laos_07_Transparent_Diagram.png,.png,119323,df1f469ae1c00d14d456e9bb4cdd23d606dde900b8c5945d24e0abf87431e126,scored,Laos/Body_with_Diagram/Laos_07_Body_with_Diagram.png,58,34,18,68,71,54,0,70
Laos,08,Body,4 Laos/Body/Laos_Grayscale-08.png,Laos/Body/Laos_08_Body.png,.png,4399240,3cd4939233a465108ac607bdaa7e24b051fe596a243522c2400192b915470375,scored,Laos/Body_with_Diagram/Laos_08_Body_with_Diagram.png,53,63,61,75,60,65,0,66
Laos,08,Body_with_Diagram,4 Laos/Body_with_Diagram/Laos_Diagram-08.png,Laos/Body_with_Diagram/Laos_08_Body_with_Diagram.png,.png,4415241,04c11ae56968b2ea3c93ef40e1bc4f5fc5a185b569775dd17417a6591d939bbe,scored,Laos/Body_with_Diagram/Laos_08_Body_with_Diagram.png,53,63,61,75,60,65,0,66
Laos,08,Transparent_Diagram,4 Laos/Transparent_Diagram/Diagram_Transparent-08.png,Laos/Transparent_Diagram/Laos_08_Transparent_Diagram.png,.png,101519,4a32691b4347bd7a11484058e46e4f100ca8014c7a64d33c036b91701e34691e,scored,Laos/Body_with_Diagram/Laos_08_Body_with_Diagram.png,53,63,61,75,60,65,0,66
Laos,09,Body,4 Laos/Body/Laos_Grayscale-09.png,Laos/Body/Laos_09_Body.png,.png,4345047,5253d59027263938fab960d79ef18bbece551106a0ad51fa1d57d146d1bcba2d,scored,Laos/Body_with_Diagram/Laos_09_Body_with_Diagram.png,42,25,28,91,48,35,0,55
Laos,09,Body_with_Diagram,4 Laos/Body_with_Diagram/Laos_Diagram-09.png,Laos/Body_with_Diagram/Laos_09_Body_with_Diagram.png,.png,4366931,34dd1cb77074f757d291bcff01366b801a3016d19808bcdb9e78bb84a446d005,scored,Laos/Body_with_Diagram/Laos_09_Body_with_Diagram.png,42,25,28,91,48,35,0,55
Laos,09,Transparent_Diagram,4 Laos/Transparent_Diagram/Diagram_Transparent-09.png,Laos/Transparent_Diagram/Laos_09_Transparent_Diagram.png,.png,89692,6a3a5fef0b2740b5151c46b1c164115e77b499cf750fa47bdc6fbaa4d9c4ecd9,scored,Laos/Body_with_Diagram/Laos_09_Body_with_Diagram.png,42,25,28,91,48,35,0,55
Laos,10,Body,4 Laos/Body/Laos_Grayscale-10.png,Laos/Body/Laos_10_Body.png,.png,4423572,cb3287fbc241c00ed08ea3eb4f82d74b9d84fc1b9e50482437aa0ac4239ce802,scored,Laos/Body_with_Diagram/Laos_10_Body_with_Diagram.png,55,68,62,73,65,67,0,65
Laos,10,Body_with_Diagram,4 Laos/Body_with_Diagram/Laos_Diagram-10.png,Laos/Body_with_Diagram/Laos_10_Body_with_Diagram.png,.png,4436533,83e4d47d314c3d5ffbea056268a5f26d1e88c0d5982db1656250a4fe69ac4442,scored,Laos/Body_with_Diagram/Laos_10_Body_with_Diagram.png,55,68,62,73,65,67,0,65
Laos,10,Transparent_Diagram,4 Laos/Transparent_Diagram/Diagram_Transparent-10.png,Laos/Transparent_Diagram/Laos_10_Transparent_Diagram.png,.png,96292,6eb54bae3b7ed56ede61e26650b2018d8560cb6e1bbbe55a9c0d20ebe896d08d,scored,Laos/Body_with_Diagram/Laos_10_Body_with_Diagram.png,55,68,62,73,65,67,0,65
Laos,11,Body,4 Laos/Body/Laos_Grayscale-11.png,Laos/Body/Laos_11_Body.png,.png,4423976,3f2d6ce57ed2483116de857f1ba30834c5682bd94c8c9b7e4616b6a2bf0e26b8,scored,Laos/Body_with_Diagram/Laos_11_Body_with_Diagram.png,64,57,18,25,72,78,32,72
Laos,11,Body_with_Diagram,4 Laos/Body_with_Diagram/Laos_Diagram-11.png,Laos/Body_with_Diagram/Laos_11_Body_with_Diagram.png,.png,4495109,93091adf60139f98fcc78e2d0d4b6ec17254acd61ff20a8dbc0b448079c17874,scored,Laos/Body_with_Diagram/Laos_11_Body_with_Diagram.png,64,57,18,25,72,78,32,72
Laos,11,Transparent_Diagram,4 Laos/Transparent_Diagram/Diagram_Transparent-11.png,Laos/Transparent_Diagram/Laos_11_Transparent_Diagram.png,.png,120428,715e2e39f2daa9308282f4fc0ed7bd25179c08f25c4cfca71f3c0de35f3180f2,scored,Laos/Body_with_Diagram/Laos_11_Body_with_Diagram.png,64,57,18,25,72,78,32,72
Laos,12,Body,4 Laos/Body/Laos_Grayscale-12.png,Laos/Body/Laos_12_Body.png,.png,4416708,0c79b2ccae310a1a12cebbe9b02d8de1ca9d1365881863ebcd76ebcace07610f,scored,Laos/Body_with_Diagram/Laos_12_Body_with_Diagram.png,58,43,58,40,52,72,12,68
Laos,12,Body_with_Diagram,4 Laos/Body_with_Diagram/Laos_Diagram-12.png,Laos/Body_with_Diagram/Laos_12_Body_with_Diagram.png,.png,4444992,822339ecdd288e22c9e6faf259f7c097d90ad692f079d17eba49a3b1f743e811,scored,Laos/Body_with_Diagram/Laos_12_Body_with_Diagram.png,58,43,58,40,52,72,12,68
Laos,12,Transparent_Diagram,4 Laos/Transparent_Diagram/Diagram_Transparent-12.png,Laos/Transparent_Diagram/Laos_12_Transparent_Diagram.png,.png,107669,99e5d121d4f85df1364147563309d9a554b8e3dd38fd403f457cb1c50082b966,scored,Laos/Body_with_Diagram/Laos_12_Body_with_Diagram.png,58,43,58,40,52,72,12,68
Laos,13,Body,4 Laos/Body/Laos_Grayscale-13.png,Laos/Body/Laos_13_Body.png,.png,4442847,0dfe4e91f202845d1629b0760b105081b49bf644102e80a34033f057843ded14,scored,Laos/Body_with_Diagram/Laos_13_Body_with_Diagram.png,66,72,22,18,78,85,0,74
Laos,13,Body_with_Diagram,4 Laos/Body_with_Diagram/Laos_Diagram-13.png,Laos/Body_with_Diagram/Laos_13_Body_with_Diagram.png,.png,4494051,62b5185ce7b7aea4377c5d5875720936d1c8c640f4535da79e2ef56ab6579ac3,scored,Laos/Body_with_Diagram/Laos_13_Body_with_Diagram.png,66,72,22,18,78,85,0,74
Laos,13,Transparent_Diagram,4 Laos/Transparent_Diagram/Diagram_Transparent-13.png,Laos/Transparent_Diagram/Laos_13_Transparent_Diagram.png,.png,116039,753a5172a26a50a2705c80147bd40192c847119452b89654f888bb4ad74313e8,scored,Laos/Body_with_Diagram/Laos_13_Body_with_Diagram.png,66,72,22,18,78,85,0,74
Laos,14,Body,4 Laos/Body/Laos_Grayscale-14.png,Laos/Body/Laos_14_Body.png,.png,4444348,096d2a1038b746d8ddcd12d6218b61863da78a65920020fe9b75aef643f24c6f,scored,Laos/Body_with_Diagram/Laos_14_Body_with_Diagram.png,76,58,26,20,82,88,46,76
Laos,14,Body_with_Diagram,4 Laos/Body_with_Diagram/Laos_Diagram-14.png,Laos/Body_with_Diagram/Laos_14_Body_with_Diagram.png,.png,4560629,3de7317a85e3b9026e651bd0314ab00db0b8ce01e4927c5ac1845ebc64287590,scored,Laos/Body_with_Diagram/Laos_14_Body_with_Diagram.png,76,58,26,20,82,88,46,76
Laos,14,Transparent_Diagram,4 Laos/Transparent_Diagram/Diagram_Transparent-14.png,Laos/Transparent_Diagram/Laos_14_Transparent_Diagram.png,.png,164390,4b4c4bd9179c2f26a4d41e23a4bdd62a8d98c711098d9a6475ddd8cf409b7e34,scored,Laos/Body_with_Diagram/Laos_14_Body_with_Diagram.png,76,58,26,20,82,88,46,76
Laos,15,Body,4 Laos/Body/Laos_Grayscale-15.png,Laos/Body/Laos_15_Body.png,.png,4438234,5d60614e300dea4acc2c270adecb7d96fa3abfbda5c0d6bd02d8f4e78e1d1956,scored,Laos/Body_with_Diagram/Laos_15_Body_with_Diagram.png,57,74,25,65,73,55,0,70
Laos,15,Body_with_Diagram,4 Laos/Body_with_Diagram/Laos_Diagram-15.png,Laos/Body_with_Diagram/Laos_15_Body_with_Diagram.png,.png,4486113,ecee162a1b32093eea4d4f3106285929891561722c8cd55a348a3b8453a17d07,scored,Laos/Body_with_Diagram/Laos_15_Body_with_Diagram.png,57,74,25,65,73,55,0,70
Laos,15,Transparent_Diagram,4 Laos/Transparent_Diagram/Diagram_Transparent-15.png,Laos/Transparent_Diagram/Laos_15_Transparent_Diagram.png,.png,138497,f521abc767e8f3a48c17f7d42d7fb46ad9608bbcbed44f7d2d9424cfb309f899,scored,Laos/Body_with_Diagram/Laos_15_Body_with_Diagram.png,57,74,25,65,73,55,0,70
Laos,16,Body,4 Laos/Body/Laos_Grayscale-16.png,Laos/Body/Laos_16_Body.png,.png,4589097,de9c4f9315be2cfa23db5a01548e093e9ca3b03198101da8c44a5db5d0772aaa,scored,Laos/Body_with_Diagram/Laos_16_Body_with_Diagram.png,61,55,48,12,68,86,0,74
Laos,16,Body_with_Diagram,4 Laos/Body_with_Diagram/Laos_Diagram-16.png,Laos/Body_with_Diagram/Laos_16_Body_with_Diagram.png,.png,4636253,24713c698819f9c95b9849cf257e2fcb1186563e14ab9b3b95e71b9abf86875f,scored,Laos/Body_with_Diagram/Laos_16_Body_with_Diagram.png,61,55,48,12,68,86,0,74
Laos,16,Transparent_Diagram,4 Laos/Transparent_Diagram/Diagram_Transparent-16.png,Laos/Transparent_Diagram/Laos_16_Transparent_Diagram.png,.png,138260,c27d16a4350b01963424ada5d968e6ed23d939fc7ec1887a8cdb4a5b55e54403,scored,Laos/Body_with_Diagram/Laos_16_Body_with_Diagram.png,61,55,48,12,68,86,0,74
Laos,17,Body,4 Laos/Body/Laos_Grayscale-17.png,Laos/Body/Laos_17_Body.png,.png,4569936,fcb7d5bdaf7579a92622d8aba336604a86d7016899cb65b9697bbc7c5f164f33,scored,Laos/Body_with_Diagram/Laos_17_Body_with_Diagram.png,46,28,18,72,48,48,0,61
Laos,17,Body_with_Diagram,4 Laos/Body_with_Diagram/Laos_Diagram-17.png,Laos/Body_with_Diagram/Laos_17_Body_with_Diagram.png,.png,4651114,c350b2dfed8d57dda3a46a891cfbd420de2ae6dcf85d9fcf665aee0f3ee2beb3,scored,Laos/Body_with_Diagram/Laos_17_Body_with_Diagram.png,46,28,18,72,48,48,0,61
Laos,17,Transparent_Diagram,4 Laos/Transparent_Diagram/Diagram_Transparent-17.png,Laos/Transparent_Diagram/Laos_17_Transparent_Diagram.png,.png,140883,db873d363d6c787f96188b8dee9a2da20613a73db64370e5bcbbcebd846b4abe,scored,Laos/Body_with_Diagram/Laos_17_Body_with_Diagram.png,46,28,18,72,48,48,0,61
Laos,18,Body,4 Laos/Body/Laos_Grayscale-18.png,Laos/Body/Laos_18_Body.png,.png,4550713,e3d885f7151f626cb36dab0d59cfb7cf83b5691259c636a8cfaf33eab874a627,scored,Laos/Body_with_Diagram/Laos_18_Body_with_Diagram.png,51,32,16,93,72,34,5,63
Laos,18,Body_with_Diagram,4 Laos/Body_with_Diagram/Laos_Diagram-18.png,Laos/Body_with_Diagram/Laos_18_Body_with_Diagram.png,.png,4514460,98ed305f08af933eb0d0fffdf562cbd9ec1953984e4d43f980e4f47d9f523719,scored,Laos/Body_with_Diagram/Laos_18_Body_with_Diagram.png,51,32,16,93,72,34,5,63
Laos,18,Transparent_Diagram,4 Laos/Transparent_Diagram/Diagram_Transparent-18.png,Laos/Transparent_Diagram/Laos_18_Transparent_Diagram.png,.png,93615,ab58105ba6f16eb66b548bb02c266772e2dea98313d1be73351442ee12c6e372,scored,Laos/Body_with_Diagram/Laos_18_Body_with_Diagram.png,51,32,16,93,72,34,5,63
Laos,19,Body,4 Laos/Body/Laos_Grayscale-19.png,Laos/Body/Laos_19_Body.png,.png,4516264,4de4597b3124ac6c5aa942e869d7dba4302017ecbd263d5892d2b40d4e0700d5,scored,Laos/Body_with_Diagram/Laos_19_Body_with_Diagram.png,43,58,66,78,42,55,0,58
Laos,19,Body_with_Diagram,4 Laos/Body_with_Diagram/Laos_Diagram-19.png,Laos/Body_with_Diagram/Laos_19_Body_with_Diagram.png,.png,4585227,245893d421d53090451511141e0a427966c3597b16564b139f40fe121284de9c,scored,Laos/Body_with_Diagram/Laos_19_Body_with_Diagram.png,43,58,66,78,42,55,0,58
Laos,19,Transparent_Diagram,4 Laos/Transparent_Diagram/Diagram_Transparent-19.png,Laos/Transparent_Diagram/Laos_19_Transparent_Diagram.png,.png,144213,601333b353149411cfdf246b136a208db587da49c001952acff8add9b08195e9,scored,Laos/Body_with_Diagram/Laos_19_Body_with_Diagram.png,43,58,66,78,42,55,0,58
Malaysia,01,Body,7 Malaysia/Body/Malaysia_Grayscale-01.png,Malaysia/Body/Malaysia_01_Body.png,.png,4402747,16a58f38609b53a9a3e6451815b08ef321724886d2237a8f88fa41ffbc1202b6,scored,Malaysia/Body_with_Diagram/Malaysia_01_Body_with_Diagram.png,32,28,42,94,46,32,0,44
Malaysia,01,Body_with_Diagram,7 Malaysia/Body_with_Diagram/Malaysia_Diagram-01.png,Malaysia/Body_with_Diagram/Malaysia_01_Body_with_Diagram.png,.png,4453338,16fd26d6ab1d0a34d520f6d0a7b2293f2dbe2e839ec0a2cea2a5a71d0d409bb4,scored,Malaysia/Body_with_Diagram/Malaysia_01_Body_with_Diagram.png,32,28,42,94,46,32,0,44
Malaysia,01,Transparent_Diagram,7 Malaysia/Diagram_Transparent/Malaysia_Tramsparent-01.png,Malaysia/Transparent_Diagram/Malaysia_01_Transparent_Diagram.png,.png,108346,cc433222e678b7ae4acd0614d3018d1cb54be4afe648f30ffde704d9b028cbe1,scored,Malaysia/Body_with_Diagram/Malaysia_01_Body_with_Diagram.png,32,28,42,94,46,32,0,44
Malaysia,02,Body,7 Malaysia/Body/Malaysia_Grayscale-02.png,Malaysia/Body/Malaysia_02_Body.png,.png,4294503,23ebe05590c7003c679654a4e61089f6b8f65da425ae82b6fc9178d2ab059975,scored,Malaysia/Body_with_Diagram/Malaysia_02_Body_with_Diagram.png,36,32,76,95,38,44,0,46
Malaysia,02,Body_with_Diagram,7 Malaysia/Body_with_Diagram/Malaysia_Diagram-02.png,Malaysia/Body_with_Diagram/Malaysia_02_Body_with_Diagram.png,.png,4328457,c5e69d55c9bc2d0ff638a4f4c3695835f5b2fddcd77492044b5e151d23775814,scored,Malaysia/Body_with_Diagram/Malaysia_02_Body_with_Diagram.png,36,32,76,95,38,44,0,46
Malaysia,02,Transparent_Diagram,7 Malaysia/Diagram_Transparent/Malaysia_Tramsparent-02.png,Malaysia/Transparent_Diagram/Malaysia_02_Transparent_Diagram.png,.png,82603,844b52755a321f40d225deab9407170cf3eae3e39ebcb7f3965cbd4928d757e3,scored,Malaysia/Body_with_Diagram/Malaysia_02_Body_with_Diagram.png,36,32,76,95,38,44,0,46
Malaysia,03,Body,7 Malaysia/Body/Malaysia_Grayscale-03.png,Malaysia/Body/Malaysia_03_Body.png,.png,4313465,9fc9fb768624cbdf638f42bcb63814e9d017f4445eab00b412abdadca64c26d7,scored,Malaysia/Body_with_Diagram/Malaysia_03_Body_with_Diagram.png,39,75,26,91,55,36,0,45
Malaysia,03,Body_with_Diagram,7 Malaysia/Body_with_Diagram/Malaysia_Diagram-03.png,Malaysia/Body_with_Diagram/Malaysia_03_Body_with_Diagram.png,.png,4365758,0367c8ddcc1944a93a1ea6b5235ef55974748f8792c3ed309564fae29799b5d2,scored,Malaysia/Body_with_Diagram/Malaysia_03_Body_with_Diagram.png,39,75,26,91,55,36,0,45
Malaysia,03,Transparent_Diagram,7 Malaysia/Diagram_Transparent/Malaysia_Tramsparent-03.png,Malaysia/Transparent_Diagram/Malaysia_03_Transparent_Diagram.png,.png,79164,80cdc4ffab2b55bd9907b3a19fe03c26564b5d02f6afa4778aafee82e59698bc,scored,Malaysia/Body_with_Diagram/Malaysia_03_Body_with_Diagram.png,39,75,26,91,55,36,0,45
Malaysia,04,Body,7 Malaysia/Body/Malaysia_Grayscale-04.png,Malaysia/Body/Malaysia_04_Body.png,.png,4410506,aa79bf93d42020a8b272a66887d961ccc0a1ec11ef445c9c25af73ac8b6ac401,scored,Malaysia/Body_with_Diagram/Malaysia_04_Body_with_Diagram.png,52,64,12,18,91,78,0,54
Malaysia,04,Body_with_Diagram,7 Malaysia/Body_with_Diagram/Malaysia_Diagram-04.png,Malaysia/Body_with_Diagram/Malaysia_04_Body_with_Diagram.png,.png,4445669,37e28c28f37c033cfa832f4c7bf4eae990fc1403316a3483c08aa29cc5caa6e9,scored,Malaysia/Body_with_Diagram/Malaysia_04_Body_with_Diagram.png,52,64,12,18,91,78,0,54
Malaysia,04,Transparent_Diagram,7 Malaysia/Diagram_Transparent/Malaysia_Tramsparent-04.png,Malaysia/Transparent_Diagram/Malaysia_04_Transparent_Diagram.png,.png,75562,a0391b5ce2bd7412e7f93a376a83c06b09f99ba931a27a2c04a13353286aefbf,scored,Malaysia/Body_with_Diagram/Malaysia_04_Body_with_Diagram.png,52,64,12,18,91,78,0,54
Malaysia,05,Body,7 Malaysia/Body/Malaysia_Grayscale-05.png,Malaysia/Body/Malaysia_05_Body.png,.png,4338000,dc7a301213df694f278810f6823e0304b6cc75002418625bd17efd1853dc4ede,scored,Malaysia/Body_with_Diagram/Malaysia_05_Body_with_Diagram.png,51,58,14,22,88,76,0,53
Malaysia,05,Body_with_Diagram,7 Malaysia/Body_with_Diagram/Malaysia_Diagram-05.png,Malaysia/Body_with_Diagram/Malaysia_05_Body_with_Diagram.png,.png,4385267,5adae53960df3c93b7d971403edc35fde61a6e7f7f27be9a72322eb74f711404,scored,Malaysia/Body_with_Diagram/Malaysia_05_Body_with_Diagram.png,51,58,14,22,88,76,0,53
Malaysia,05,Transparent_Diagram,7 Malaysia/Diagram_Transparent/Malaysia_Tramsparent-05.png,Malaysia/Transparent_Diagram/Malaysia_05_Transparent_Diagram.png,.png,101254,1d80d61f08d31423d177fad6761ecc88768292399afc332e12cc96f80ff1e557,scored,Malaysia/Body_with_Diagram/Malaysia_05_Body_with_Diagram.png,51,58,14,22,88,76,0,53
Malaysia,06,Body,7 Malaysia/Body/Malaysia_Grayscale-06.png,Malaysia/Body/Malaysia_06_Body.png,.png,4446389,fb231ad4b19e35d32cf0d8c4dcd3c9caf06a2d7ba2512e8dfad5bebc6af1132f,scored,Malaysia/Body_with_Diagram/Malaysia_06_Body_with_Diagram.png,55,72,47,13,64,84,0,58
Malaysia,06,Body_with_Diagram,7 Malaysia/Body_with_Diagram/Malaysia_Diagram-06.png,Malaysia/Body_with_Diagram/Malaysia_06_Body_with_Diagram.png,.png,4503448,1d7a92df6527140ca0f79041d3c74d096943406233ad936b2a564cd1ceaa29bd,scored,Malaysia/Body_with_Diagram/Malaysia_06_Body_with_Diagram.png,55,72,47,13,64,84,0,58
Malaysia,06,Transparent_Diagram,7 Malaysia/Diagram_Transparent/Malaysia_Tramsparent-06.png,Malaysia/Transparent_Diagram/Malaysia_06_Transparent_Diagram.png,.png,91498,e2f5f43f147db7030e8671745006667d989a29833864784645dba21a7a9fa54b,scored,Malaysia/Body_with_Diagram/Malaysia_06_Body_with_Diagram.png,55,72,47,13,64,84,0,58
Malaysia,07,Body,7 Malaysia/Body/Malaysia_Grayscale-07.png,Malaysia/Body/Malaysia_07_Body.png,.png,4422584,6a0250c79d8bf3ba87f928efd40ce031b284e52ffd4a3249b39609949d2569c8,scored,Malaysia/Body_with_Diagram/Malaysia_07_Body_with_Diagram.png,57,88,32,10,72,87,0,61
Malaysia,07,Body_with_Diagram,7 Malaysia/Body_with_Diagram/Malaysia_Diagram-07.png,Malaysia/Body_with_Diagram/Malaysia_07_Body_with_Diagram.png,.png,4485339,ea9bf7330824f15535d662432ad516e051c191393d40c84b02722b2ca3b57f80,scored,Malaysia/Body_with_Diagram/Malaysia_07_Body_with_Diagram.png,57,88,32,10,72,87,0,61
Malaysia,07,Transparent_Diagram,7 Malaysia/Diagram_Transparent/Malaysia_Tramsparent-07.png,Malaysia/Transparent_Diagram/Malaysia_07_Transparent_Diagram.png,.png,101220,95e23a79fcaaa7a6c1c0842e3ba1d45b592fc3c9e7e1014ae8ff65408eeba5c0,scored,Malaysia/Body_with_Diagram/Malaysia_07_Body_with_Diagram.png,57,88,32,10,72,87,0,61
Malaysia,08,Body,7 Malaysia/Body/Malaysia_Grayscale-08.png,Malaysia/Body/Malaysia_08_Body.png,.png,4363123,16c5b9d9ba87792ba42cfc742f1056c6c55a1ec91ad4197ffe2ae301b330f8b8,scored,Malaysia/Body_with_Diagram/Malaysia_08_Body_with_Diagram.png,38,87,58,18,42,64,0,49
Malaysia,08,Body_with_Diagram,7 Malaysia/Body_with_Diagram/Malaysia_Diagram-08.png,Malaysia/Body_with_Diagram/Malaysia_08_Body_with_Diagram.png,.png,4452500,063737b8d83b0eb06317fc4cfd1fefd56ca4547a05df7418e6238298cda79997,scored,Malaysia/Body_with_Diagram/Malaysia_08_Body_with_Diagram.png,38,87,58,18,42,64,0,49
Malaysia,08,Transparent_Diagram,7 Malaysia/Diagram_Transparent/Malaysia_Tramsparent-08.png,Malaysia/Transparent_Diagram/Malaysia_08_Transparent_Diagram.png,.png,122083,57fbb908fa166837f3fcbb42caf202d97867ee89785f302495b6fbec6bb50916,scored,Malaysia/Body_with_Diagram/Malaysia_08_Body_with_Diagram.png,38,87,58,18,42,64,0,49
Malaysia,09,Body,7 Malaysia/Body/Malaysia_Grayscale-09.png,Malaysia/Body/Malaysia_09_Body.png,.png,4317569,2506653d93de89c99b0a47edd958b3c9d71530da24c4248ce0ed58f32add8d30,scored,Malaysia/Body_with_Diagram/Malaysia_09_Body_with_Diagram.png,42,65,51,14,48,71,0,52
Malaysia,09,Body_with_Diagram,7 Malaysia/Body_with_Diagram/Malaysia_Diagram-09.png,Malaysia/Body_with_Diagram/Malaysia_09_Body_with_Diagram.png,.png,4410874,ecc06b36a6a6c76555bc9d6b260b0319d4555e88d8d7007df0f90cfadaef775f,scored,Malaysia/Body_with_Diagram/Malaysia_09_Body_with_Diagram.png,42,65,51,14,48,71,0,52
Malaysia,09,Transparent_Diagram,7 Malaysia/Diagram_Transparent/Malaysia_Tramsparent-09.png,Malaysia/Transparent_Diagram/Malaysia_09_Transparent_Diagram.png,.png,123475,a6a418df0c3c182bf9ab3c1f29ff66aa70a44edf3794c96b7a9cb6897bee3106,scored,Malaysia/Body_with_Diagram/Malaysia_09_Body_with_Diagram.png,42,65,51,14,48,71,0,52
Malaysia,10,Body,7 Malaysia/Body/Malaysia_Grayscale-10.png,Malaysia/Body/Malaysia_10_Body.png,.png,4321839,165e123cd12bdae5f2bc20d0617d350d5d63186803590e4b5a2f006672401db8,scored,Malaysia/Body_with_Diagram/Malaysia_10_Body_with_Diagram.png,43,60,24,92,58,36,0,50
Malaysia,10,Body_with_Diagram,7 Malaysia/Body_with_Diagram/Malaysia_Diagram-10.png,Malaysia/Body_with_Diagram/Malaysia_10_Body_with_Diagram.png,.png,4329192,344048be7a93584bcd8d97ee97aa1f8631a3c247a954bd280c9522a9c5ebf307,scored,Malaysia/Body_with_Diagram/Malaysia_10_Body_with_Diagram.png,43,60,24,92,58,36,0,50
Malaysia,10,Transparent_Diagram,7 Malaysia/Diagram_Transparent/Malaysia_Tramsparent-10.png,Malaysia/Transparent_Diagram/Malaysia_10_Transparent_Diagram.png,.png,71736,dee58c79366fd997a4b9e5c63b6855bfa3165dc4a1336cf19e1463e1d87c0666,scored,Malaysia/Body_with_Diagram/Malaysia_10_Body_with_Diagram.png,43,60,24,92,58,36,0,50
Malaysia,11,Body,7 Malaysia/Body/Malaysia_Grayscale-11.png,Malaysia/Body/Malaysia_11_Body.png,.png,4291464,fdcc2924f38b4382f06a3e7453744561147d63ecbbc77ae0f19ab02ed472b725,scored,Malaysia/Body_with_Diagram/Malaysia_11_Body_with_Diagram.png,46,86,22,90,61,38,0,52
Malaysia,11,Body_with_Diagram,7 Malaysia/Body_with_Diagram/Malaysia_Diagram-11.png,Malaysia/Body_with_Diagram/Malaysia_11_Body_with_Diagram.png,.png,4369909,5ef7d60fb4fdda4d8966a2b0cb9838df97bb7bed4364a4209af88ecfa8a0c58c,scored,Malaysia/Body_with_Diagram/Malaysia_11_Body_with_Diagram.png,46,86,22,90,61,38,0,52
Malaysia,11,Transparent_Diagram,7 Malaysia/Diagram_Transparent/Malaysia_Tramsparent-11.png,Malaysia/Transparent_Diagram/Malaysia_11_Transparent_Diagram.png,.png,115684,b748467ef09999a5c5336c4f6926764b0f1b598495b0df84d4d7ea480eae66b9,scored,Malaysia/Body_with_Diagram/Malaysia_11_Body_with_Diagram.png,46,86,22,90,61,38,0,52
Malaysia,12,Body,7 Malaysia/Body/Malaysia_Grayscale-12.png,Malaysia/Body/Malaysia_12_Body.png,.png,4355857,78fe43a6662a773986293cb2d033258d5d6e43b5efda4b77b1bcaa952cec98c0,scored,Malaysia/Body_with_Diagram/Malaysia_12_Body_with_Diagram.png,37,74,46,87,65,34,0,48
Malaysia,12,Body_with_Diagram,7 Malaysia/Body_with_Diagram/Malaysia_Diagram-12.png,Malaysia/Body_with_Diagram/Malaysia_12_Body_with_Diagram.png,.png,4440906,8a128bd6883c8d0285dcb7c6d8eec164e19bc6a8c336834e7ef133488c81a21e,scored,Malaysia/Body_with_Diagram/Malaysia_12_Body_with_Diagram.png,37,74,46,87,65,34,0,48
Malaysia,12,Transparent_Diagram,7 Malaysia/Diagram_Transparent/Malaysia_Tramsparent-12.png,Malaysia/Transparent_Diagram/Malaysia_12_Transparent_Diagram.png,.png,128353,4d940ec57b8c8bb746e13dcb1aa1dd5d7e4b59738bccf3b73349f1a1a20e5cb8,scored,Malaysia/Body_with_Diagram/Malaysia_12_Body_with_Diagram.png,37,74,46,87,65,34,0,48
Malaysia,13,Body,7 Malaysia/Body/Malaysia_Grayscale-13.png,Malaysia/Body/Malaysia_13_Body.png,.png,4416528,dd674d27308c1b14ab5d9630fa2df4e492a22c1b7c6f584b47b8bbaa31ca79e3,scored,Malaysia/Body_with_Diagram/Malaysia_13_Body_with_Diagram.png,48,78,18,95,73,37,0,52
Malaysia,13,Body_with_Diagram,7 Malaysia/Body_with_Diagram/Malaysia_Diagram-13.png,Malaysia/Body_with_Diagram/Malaysia_13_Body_with_Diagram.png,.png,4479771,dd5c6ff11fc4f5affaff5badb4fa2ef8c255a1487021aab52eb4b8787b487477,scored,Malaysia/Body_with_Diagram/Malaysia_13_Body_with_Diagram.png,48,78,18,95,73,37,0,52
Malaysia,13,Transparent_Diagram,7 Malaysia/Diagram_Transparent/Malaysia_Tramsparent-13.png,Malaysia/Transparent_Diagram/Malaysia_13_Transparent_Diagram.png,.png,116957,d2940ca5460f3ed362b480931310effd4f4d06729529c8c134b22059befbefce,scored,Malaysia/Body_with_Diagram/Malaysia_13_Body_with_Diagram.png,48,78,18,95,73,37,0,52
Malaysia,14,Body,7 Malaysia/Body/Malaysia_Grayscale-14.png,Malaysia/Body/Malaysia_14_Body.png,.png,4553689,5aa9755cf5835f7e0ad5e1bb76e43c5a26b60ffef0117d856ac3ac387732708d,missing_body_with_diagram,,,,,,,,,
Malaysia,15,Body,7 Malaysia/Body/Malaysia_Grayscale-15.png,Malaysia/Body/Malaysia_15_Body.png,.png,4585703,20b806a3b533acf8716b85b8d58f3d27814d624e62734c4a220e3e5e7b75a294,scored,Malaysia/Body_with_Diagram/Malaysia_15_Body_with_Diagram.png,43,67,56,12,52,79,0,54
Malaysia,15,Body_with_Diagram,7 Malaysia/Body_with_Diagram/Malaysia_Diagram-15.png,Malaysia/Body_with_Diagram/Malaysia_15_Body_with_Diagram.png,.png,4663104,daa14be184449c8b74387e918b98ad8113aa70f7d65a71e207f8571070b7348d,scored,Malaysia/Body_with_Diagram/Malaysia_15_Body_with_Diagram.png,43,67,56,12,52,79,0,54
Malaysia,15,Transparent_Diagram,7 Malaysia/Diagram_Transparent/Malaysia_Tramsparent-15.png,Malaysia/Transparent_Diagram/Malaysia_15_Transparent_Diagram.png,.png,132821,fad1c31e06e21f4c3f395b92686576dc823f8eb0075a84f32da723c2c5f68f55,scored,Malaysia/Body_with_Diagram/Malaysia_15_Body_with_Diagram.png,43,67,56,12,52,79,0,54
Malaysia,16,Body,7 Malaysia/Body/Malaysia_Grayscale-16.png,Malaysia/Body/Malaysia_16_Body.png,.png,4782466,5f99eb3b42dc63df84dd2827c1325e2a58a89ea5cd32604012fab04a2290e691,scored,Malaysia/Body_with_Diagram/Malaysia_16_Body_with_Diagram.png,52,82,28,14,71,85,0,58
Malaysia,16,Body_with_Diagram,7 Malaysia/Body_with_Diagram/Malaysia_Diagram-16.png,Malaysia/Body_with_Diagram/Malaysia_16_Body_with_Diagram.png,.png,4878887,cdbd68bdd3caf291191686d733d1797741c42d0169678046a2a37d5764335ed7,scored,Malaysia/Body_with_Diagram/Malaysia_16_Body_with_Diagram.png,52,82,28,14,71,85,0,58
Malaysia,16,Transparent_Diagram,7 Malaysia/Diagram_Transparent/Malaysia_Tramsparent-16.png,Malaysia/Transparent_Diagram/Malaysia_16_Transparent_Diagram.png,.png,130353,8c1a4fa79db797ba32844e6fb6ff201ced462355aad4ad2827ea56412b65e1cf,scored,Malaysia/Body_with_Diagram/Malaysia_16_Body_with_Diagram.png,52,82,28,14,71,85,0,58
Malaysia,17,Body,7 Malaysia/Body/Malaysia_Grayscale-17.png,Malaysia/Body/Malaysia_17_Body.png,.png,4455612,7b81a834395999dfccee3fe8c20a9b9d21a55df37444c773ce93aea94115bfe9,scored,Malaysia/Body_with_Diagram/Malaysia_17_Body_with_Diagram.png,64,39,15,20,92,86,0,61
Malaysia,17,Body_with_Diagram,7 Malaysia/Body_with_Diagram/Malaysia_Diagram-17.png,Malaysia/Body_with_Diagram/Malaysia_17_Body_with_Diagram.png,.png,4525013,8104bac7e20ab691ee1b786281528a724dbe82ec1d4144482f6712ea24172542,scored,Malaysia/Body_with_Diagram/Malaysia_17_Body_with_Diagram.png,64,39,15,20,92,86,0,61
Malaysia,17,Transparent_Diagram,7 Malaysia/Diagram_Transparent/Malaysia_Tramsparent-17.png,Malaysia/Transparent_Diagram/Malaysia_17_Transparent_Diagram.png,.png,93754,7b908ef00a90c2d33b8e137d3064896deec386efa3a3ec29350c19d650d8189c,scored,Malaysia/Body_with_Diagram/Malaysia_17_Body_with_Diagram.png,64,39,15,20,92,86,0,61
Malaysia,18,Body,7 Malaysia/Body/Malaysia_Grayscale-18.png,Malaysia/Body/Malaysia_18_Body.png,.png,4440692,6ef9f6c1bdfe1894cd9122a91e8d01771a4a5cbb86def9f9b796dd28914acb78,scored,Malaysia/Body_with_Diagram/Malaysia_18_Body_with_Diagram.png,33,71,82,91,32,43,0,44
Malaysia,18,Body_with_Diagram,7 Malaysia/Body_with_Diagram/Malaysia_Diagram-18.png,Malaysia/Body_with_Diagram/Malaysia_18_Body_with_Diagram.png,.png,4499432,f86d436d0ffd5f67656cc40159b7992c30a0d069dc260009d09ce6a70ae44873,scored,Malaysia/Body_with_Diagram/Malaysia_18_Body_with_Diagram.png,33,71,82,91,32,43,0,44
Malaysia,18,Transparent_Diagram,7 Malaysia/Diagram_Transparent/Malaysia_Tramsparent-18.png,Malaysia/Transparent_Diagram/Malaysia_18_Transparent_Diagram.png,.png,94423,c186b764fc0f4bcea24e319429f7cc801cb2f299e3ab0f866ef6b981ff21e2da,scored,Malaysia/Body_with_Diagram/Malaysia_18_Body_with_Diagram.png,33,71,82,91,32,43,0,44
Malaysia,19,Body,7 Malaysia/Body/Malaysia_Grayscale-19.png,Malaysia/Body/Malaysia_19_Body.png,.png,5155035,b82d69f98aef2536a605b383dfcfd920378992db095ca672df9e462aa28c9478,scored,Malaysia/Body_with_Diagram/Malaysia_19_Body_with_Diagram.png,39,90,38,55,47,56,0,48
Malaysia,19,Body_with_Diagram,7 Malaysia/Body_with_Diagram/Malaysia_Diagram-19.png,Malaysia/Body_with_Diagram/Malaysia_19_Body_with_Diagram.png,.png,5248935,42d992c1a861c9ebd068bb2025e1bd1e5ebab335f5ad8159fc22dc34f30eb08f,scored,Malaysia/Body_with_Diagram/Malaysia_19_Body_with_Diagram.png,39,90,38,55,47,56,0,48
Malaysia,19,Transparent_Diagram,7 Malaysia/Diagram_Transparent/Malaysia_Tramsparent-19.png,Malaysia/Transparent_Diagram/Malaysia_19_Transparent_Diagram.png,.png,131553,bcf65440b0674698dffc7cf4ff3926067eb6b800a2ecbc50eb547e849c0e7ec0,scored,Malaysia/Body_with_Diagram/Malaysia_19_Body_with_Diagram.png,39,90,38,55,47,56,0,48
Malaysia,20,Body,7 Malaysia/Body/Malaysia_Grayscale-20.png,Malaysia/Body/Malaysia_20_Body.png,.png,4509117,45fa44cbb1b9e7b1e9a0a2a8b0be7f3ceb4914843d51f877a2dcb33e9a2aa648,scored,Malaysia/Body_with_Diagram/Malaysia_20_Body_with_Diagram.png,49,88,22,24,68,82,0,57
Malaysia,20,Body_with_Diagram,7 Malaysia/Body_with_Diagram/Malaysia_Diagram-20.png,Malaysia/Body_with_Diagram/Malaysia_20_Body_with_Diagram.png,.png,4586848,8ba51c68e8253399caa635400230adb034d0e42e6d42dadae8bc8a9bdeae7238,scored,Malaysia/Body_with_Diagram/Malaysia_20_Body_with_Diagram.png,49,88,22,24,68,82,0,57
Malaysia,20,Transparent_Diagram,7 Malaysia/Diagram_Transparent/Malaysia_Tramsparent-20.png,Malaysia/Transparent_Diagram/Malaysia_20_Transparent_Diagram.png,.png,118474,1132ef152af669d9e89c10b3360fc9a1b06d1d6a97792b5d6b410880d6c48dc9,scored,Malaysia/Body_with_Diagram/Malaysia_20_Body_with_Diagram.png,49,88,22,24,68,82,0,57
Malaysia,21,Body,7 Malaysia/Body/Malaysia_Grayscale-21.png,Malaysia/Body/Malaysia_21_Body.png,.png,5384595,473895806b70a2fa912d9d10664767eb8f0ae3ccc9cd7fa7b25ed3b43d0c2d45,scored,Malaysia/Body_with_Diagram/Malaysia_21_Body_with_Diagram.png,51,92,18,52,76,65,0,58
Malaysia,21,Body_with_Diagram,7 Malaysia/Body_with_Diagram/Malaysia_Diagram-21.png,Malaysia/Body_with_Diagram/Malaysia_21_Body_with_Diagram.png,.png,5502419,342298657e94e34d4b4c0f7de73f20f17b7414d3a313371b7042d569a58ac81c,scored,Malaysia/Body_with_Diagram/Malaysia_21_Body_with_Diagram.png,51,92,18,52,76,65,0,58
Malaysia,21,Transparent_Diagram,7 Malaysia/Diagram_Transparent/Malaysia_Tramsparent-21.png,Malaysia/Transparent_Diagram/Malaysia_21_Transparent_Diagram.png,.png,143852,938e5e40740e0719eec6f09988ef31ff81e02a073ecbab6783ca4d00dd058cc4,scored,Malaysia/Body_with_Diagram/Malaysia_21_Body_with_Diagram.png,51,92,18,52,76,65,0,58
Malaysia,22,Body,7 Malaysia/Body/Malaysia_Grayscale-22.png,Malaysia/Body/Malaysia_22_Body.png,.png,4631948,81769cc44b81640e6cbd656ffc927146ffff91639d2997c73b862e90d9c9e6d4,scored,Malaysia/Body_with_Diagram/Malaysia_22_Body_with_Diagram.png,58,52,20,86,60,42,0,55
Malaysia,22,Body_with_Diagram,7 Malaysia/Body_with_Diagram/Malaysia_Diagram-22.png,Malaysia/Body_with_Diagram/Malaysia_22_Body_with_Diagram.png,.png,4705508,d6f3c4fcd7d0a87c014384e40116a443bd7288e27e14cebce62616e614e2f967,scored,Malaysia/Body_with_Diagram/Malaysia_22_Body_with_Diagram.png,58,52,20,86,60,42,0,55
Malaysia,22,Transparent_Diagram,7 Malaysia/Diagram_Transparent/Malaysia_Tramsparent-22.png,Malaysia/Transparent_Diagram/Malaysia_22_Transparent_Diagram.png,.png,93030,6333ae80695a1913a733191e0c3d77704d563bc97103e80e74222b2b90ffd953,scored,Malaysia/Body_with_Diagram/Malaysia_22_Body_with_Diagram.png,58,52,20,86,60,42,0,55
Malaysia,23,Body,7 Malaysia/Body/Malaysia_Grayscale-23.png,Malaysia/Body/Malaysia_23_Body.png,.png,4645664,5591979e7a8095d56d2259a013f274bf6c10c5ac2d544ca447484870dc17e964,scored,Malaysia/Body_with_Diagram/Malaysia_23_Body_with_Diagram.png,61,79,14,27,86,79,0,58
Malaysia,23,Body_with_Diagram,7 Malaysia/Body_with_Diagram/Malaysia_Diagram-23.png,Malaysia/Body_with_Diagram/Malaysia_23_Body_with_Diagram.png,.png,4723022,11cee6814fa76de8a72115fbca7ccc272714babd189b84c33e558edde6a20c9b,scored,Malaysia/Body_with_Diagram/Malaysia_23_Body_with_Diagram.png,61,79,14,27,86,79,0,58
Malaysia,23,Transparent_Diagram,7 Malaysia/Diagram_Transparent/Malaysia_Tramsparent-23.png,Malaysia/Transparent_Diagram/Malaysia_23_Transparent_Diagram.png,.png,110555,4f1b3ef30b0f11d95223b455b1a6ce520e97ee193ba6c97b33f2d64a832bd762,scored,Malaysia/Body_with_Diagram/Malaysia_23_Body_with_Diagram.png,61,79,14,27,86,79,0,58
Malaysia,24,Body,7 Malaysia/Body/Malaysia_Grayscale-24.png,Malaysia/Body/Malaysia_24_Body.png,.png,4651492,4b741e45dd06c8234f4daab99dcf6480144b94116ac0ee7f22829f9ec18b341d,scored,Malaysia/Body_with_Diagram/Malaysia_24_Body_with_Diagram.png,56,35,28,76,55,48,5,57
Malaysia,24,Body_with_Diagram,7 Malaysia/Body_with_Diagram/Malaysia_Diagram-24.png,Malaysia/Body_with_Diagram/Malaysia_24_Body_with_Diagram.png,.png,4672861,72887a9362c3a95b39b5c75616a8b745b70149da52e1fa60fc00f0ccadb561e0,scored,Malaysia/Body_with_Diagram/Malaysia_24_Body_with_Diagram.png,56,35,28,76,55,48,5,57
Malaysia,24,Transparent_Diagram,7 Malaysia/Diagram_Transparent/Malaysia_Tramsparent-24.png,Malaysia/Transparent_Diagram/Malaysia_24_Transparent_Diagram.png,.png,81635,9cfa5edc03863a1d63299303c5146e05c003af66ce5e3e8fe061a08589dc6502,scored,Malaysia/Body_with_Diagram/Malaysia_24_Body_with_Diagram.png,56,35,28,76,55,48,5,57
Malaysia,25,Body,7 Malaysia/Body/Malaysia_Grayscale-25.png,Malaysia/Body/Malaysia_25_Body.png,.png,4739132,b09306d29506f573391c77a68cf52b01e2e6a07eb71b7282ebc98c4c24324490,scored,Malaysia/Body_with_Diagram/Malaysia_25_Body_with_Diagram.png,69,68,12,18,95,88,0,61
Malaysia,25,Body_with_Diagram,7 Malaysia/Body_with_Diagram/Malaysia_Diagram-25.png,Malaysia/Body_with_Diagram/Malaysia_25_Body_with_Diagram.png,.png,4822887,0255b1c47fd28845eab2238f5048ffbbbae1d4b5c7e7cd5ccd8f5daab466d44a,scored,Malaysia/Body_with_Diagram/Malaysia_25_Body_with_Diagram.png,69,68,12,18,95,88,0,61
Malaysia,25,Transparent_Diagram,7 Malaysia/Diagram_Transparent/Malaysia_Tramsparent-25.png,Malaysia/Transparent_Diagram/Malaysia_25_Transparent_Diagram.png,.png,119091,4cd2c71b5f33c9986eaf631284c7a89331a99144f4427ae777698bb87333fd0b,scored,Malaysia/Body_with_Diagram/Malaysia_25_Body_with_Diagram.png,69,68,12,18,95,88,0,61
Malaysia,26,Body,7 Malaysia/Body/Malaysia_Grayscale-26.png,Malaysia/Body/Malaysia_26_Body.png,.png,4739043,34b2bc6e402550520b01e1eb7fad18d8f722ee97907588eb7fe6a35e47caab96,scored,Malaysia/Body_with_Diagram/Malaysia_26_Body_with_Diagram.png,74,83,10,22,96,88,0,63
Malaysia,26,Body_with_Diagram,7 Malaysia/Body_with_Diagram/Malaysia_Diagram-26.png,Malaysia/Body_with_Diagram/Malaysia_26_Body_with_Diagram.png,.png,4797661,2ccac7f1f4fc0d64789d63d5fd02a1aee6efe98f092d2abbcb4cce78fb7c1194,scored,Malaysia/Body_with_Diagram/Malaysia_26_Body_with_Diagram.png,74,83,10,22,96,88,0,63
Malaysia,26,Transparent_Diagram,7 Malaysia/Diagram_Transparent/Malaysia_Tramsparent-26.png,Malaysia/Transparent_Diagram/Malaysia_26_Transparent_Diagram.png,.png,122336,d9776cf3c912da0c9c56888163d0e5c98ed794f295cf3697f42bc9833ce99400,scored,Malaysia/Body_with_Diagram/Malaysia_26_Body_with_Diagram.png,74,83,10,22,96,88,0,63
Malaysia,27,Body,7 Malaysia/Body/Malaysia_Grayscale-27.png,Malaysia/Body/Malaysia_27_Body.png,.png,4575537,3e758e759e2a2ad25c55c63fb252a86130ff55431957acfc69d8f0ff48104df4,scored,Malaysia/Body_with_Diagram/Malaysia_27_Body_with_Diagram.png,62,88,12,38,91,76,5,58
Malaysia,27,Body_with_Diagram,7 Malaysia/Body_with_Diagram/Malaysia_Diagram-27.png,Malaysia/Body_with_Diagram/Malaysia_27_Body_with_Diagram.png,.png,4662312,53319cb0c1af780adfb14d43ae43c3cee036774b4dcba4d69cd285743a8389b2,scored,Malaysia/Body_with_Diagram/Malaysia_27_Body_with_Diagram.png,62,88,12,38,91,76,5,58
Malaysia,27,Transparent_Diagram,7 Malaysia/Diagram_Transparent/Malaysia_Tramsparent-27.png,Malaysia/Transparent_Diagram/Malaysia_27_Transparent_Diagram.png,.png,115713,feac2201a5d575c69e7670b63693a22a385a005852a65232f8a82bcbd762b328,scored,Malaysia/Body_with_Diagram/Malaysia_27_Body_with_Diagram.png,62,88,12,38,91,76,5,58
Malaysia,28,Body,7 Malaysia/Body/Malaysia_Grayscale-28.png,Malaysia/Body/Malaysia_28_Body.png,.png,5028954,228db7f22562381354130007359d704daabbad7e6a656c2611fc0c62187251fa,scored,Malaysia/Body_with_Diagram/Malaysia_28_Body_with_Diagram.png,67,85,12,20,93,85,0,60
Malaysia,28,Body_with_Diagram,7 Malaysia/Body_with_Diagram/Malaysia_Diagram-28.png,Malaysia/Body_with_Diagram/Malaysia_28_Body_with_Diagram.png,.png,5157366,cb6d397321c03b12c4a114c56f2326a7663909a738caf3f09ce8686830b51af2,scored,Malaysia/Body_with_Diagram/Malaysia_28_Body_with_Diagram.png,67,85,12,20,93,85,0,60
Malaysia,28,Transparent_Diagram,7 Malaysia/Diagram_Transparent/Malaysia_Tramsparent-28.png,Malaysia/Transparent_Diagram/Malaysia_28_Transparent_Diagram.png,.png,138870,bafc0e65d7c9f97545582015fb69965252a3d116297352ad010c98b0699f5c35,scored,Malaysia/Body_with_Diagram/Malaysia_28_Body_with_Diagram.png,67,85,12,20,93,85,0,60
Malaysia,29,Body,7 Malaysia/Body/Malaysia_Grayscale-29.png,Malaysia/Body/Malaysia_29_Body.png,.png,4748718,3f15641fd20a79fb6547247e5f978248ca45e81261870043b5f5fd653fba24bd,scored,Malaysia/Body_with_Diagram/Malaysia_29_Body_with_Diagram.png,62,54,12,88,91,43,0,56
Malaysia,29,Body_with_Diagram,7 Malaysia/Body_with_Diagram/Malaysia_Diagram-29.png,Malaysia/Body_with_Diagram/Malaysia_29_Body_with_Diagram.png,.png,4762321,bb154a2fe6bb44500da18b77859c51b5a41fb72792f87c7cbf7f8d84cd61a97a,scored,Malaysia/Body_with_Diagram/Malaysia_29_Body_with_Diagram.png,62,54,12,88,91,43,0,56
Malaysia,29,Transparent_Diagram,7 Malaysia/Diagram_Transparent/Malaysia_Tramsparent-29.png,Malaysia/Transparent_Diagram/Malaysia_29_Transparent_Diagram.png,.png,72712,2019a1aa25bc08e55bb965d41e14e1895682042647a0ac7a79ca3d0be4bcceb8,scored,Malaysia/Body_with_Diagram/Malaysia_29_Body_with_Diagram.png,62,54,12,88,91,43,0,56
Malaysia,30,Body,7 Malaysia/Body/Malaysia_Grayscale-30.png,Malaysia/Body/Malaysia_30_Body.png,.png,4921978,ddc42b563edea39bada7c1183cbad50064f3950d20595f1c463f3605218be718,scored,Malaysia/Body_with_Diagram/Malaysia_30_Body_with_Diagram.png,68,31,25,66,73,68,18,60
Malaysia,30,Body_with_Diagram,7 Malaysia/Body_with_Diagram/Malaysia_Diagram-30.png,Malaysia/Body_with_Diagram/Malaysia_30_Body_with_Diagram.png,.png,4987962,a0c36ec3573202f57f06b92b866960848bc406bc1df1824cfe6d5301a40fc446,scored,Malaysia/Body_with_Diagram/Malaysia_30_Body_with_Diagram.png,68,31,25,66,73,68,18,60
Malaysia,30,Transparent_Diagram,7 Malaysia/Diagram_Transparent/Malaysia_Tramsparent-30.png,Malaysia/Transparent_Diagram/Malaysia_30_Transparent_Diagram.png,.png,99733,0004a88e5e91947cca685e16f68bacce0d81e057cca13bb9910294bf350ad461,scored,Malaysia/Body_with_Diagram/Malaysia_30_Body_with_Diagram.png,68,31,25,66,73,68,18,60
Malaysia,31,Body,7 Malaysia/Body/Malaysia_Grayscale-31.png,Malaysia/Body/Malaysia_31_Body.png,.png,4789801,2155564b66320e7dd2035ef1ea110a3c59a480cb38d5fa794fd6f57b1b290a73,missing_body_with_diagram,,,,,,,,,
Malaysia,32,Body,7 Malaysia/Body/Malaysia_Grayscale-32.png,Malaysia/Body/Malaysia_32_Body.png,.png,5278957,4df9693ca8d3f815e474af1ad0ad5fb49e0b3f7c32432ef2518276a52798186b,scored,Malaysia/Body_with_Diagram/Malaysia_32_Body_with_Diagram.png,62,77,14,58,78,65,8,60
Malaysia,32,Body_with_Diagram,7 Malaysia/Body_with_Diagram/Malaysia_Diagram-32.png,Malaysia/Body_with_Diagram/Malaysia_32_Body_with_Diagram.png,.png,5345162,b9ca4e8a17e79f579ec46fbd8c53a40da04adb5aaa90cf782296e348aea6904a,scored,Malaysia/Body_with_Diagram/Malaysia_32_Body_with_Diagram.png,62,77,14,58,78,65,8,60
Malaysia,32,Transparent_Diagram,7 Malaysia/Diagram_Transparent/Malaysia_Tramsparent-32.png,Malaysia/Transparent_Diagram/Malaysia_32_Transparent_Diagram.png,.png,96195,9081094c1f05c397b991bafc0dbba12197a455fc843de77df725ae37df4e2d3c,scored,Malaysia/Body_with_Diagram/Malaysia_32_Body_with_Diagram.png,62,77,14,58,78,65,8,60
Malaysia,33,Body,7 Malaysia/Body/Malaysia_Grayscale-33.png,Malaysia/Body/Malaysia_33_Body.png,.png,4909374,8711345a24bce73d48ede5509436c1a9adb14c82481d0d28ebb45904c180f207,scored,Malaysia/Body_with_Diagram/Malaysia_33_Body_with_Diagram.png,74,43,50,12,81,90,0,64
Malaysia,33,Body_with_Diagram,7 Malaysia/Body_with_Diagram/Malaysia_Diagram-33.png,Malaysia/Body_with_Diagram/Malaysia_33_Body_with_Diagram.png,.png,5002826,6071f806e9e1e2c5469c1bd80365adaa45b259e46f824750c6f7ad52ded6c02d,scored,Malaysia/Body_with_Diagram/Malaysia_33_Body_with_Diagram.png,74,43,50,12,81,90,0,64
Malaysia,33,Transparent_Diagram,7 Malaysia/Diagram_Transparent/Malaysia_Tramsparent-33.png,Malaysia/Transparent_Diagram/Malaysia_33_Transparent_Diagram.png,.png,155812,1f525a9d826169074ba780ec1ed6730998001883b3e775bcad5f3e35907681ef,scored,Malaysia/Body_with_Diagram/Malaysia_33_Body_with_Diagram.png,74,43,50,12,81,90,0,64
Malaysia,34,Body,7 Malaysia/Body/Malaysia_Grayscale-34.png,Malaysia/Body/Malaysia_34_Body.png,.png,4796450,621e05a422646637a7b81a7a3440d83308f960ab95a26354277521434f07aedf,scored,Malaysia/Body_with_Diagram/Malaysia_34_Body_with_Diagram.png,77,63,43,10,79,91,39,62
Malaysia,34,Body_with_Diagram,7 Malaysia/Body_with_Diagram/Malaysia_Diagram-34.png,Malaysia/Body_with_Diagram/Malaysia_34_Body_with_Diagram.png,.png,4857045,24102df9be99cffaf812208a5b7bd9b627af0d7bf3b18ebd9c858c3bb786dc85,scored,Malaysia/Body_with_Diagram/Malaysia_34_Body_with_Diagram.png,77,63,43,10,79,91,39,62
Malaysia,34,Transparent_Diagram,7 Malaysia/Diagram_Transparent/Malaysia_Tramsparent-34.png,Malaysia/Transparent_Diagram/Malaysia_34_Transparent_Diagram.png,.png,121880,507913be45e931fa3d0008f5eb211b1019474a74fb1ccfe0ad4794b93cfab114,scored,Malaysia/Body_with_Diagram/Malaysia_34_Body_with_Diagram.png,77,63,43,10,79,91,39,62
Malaysia,35,Body,7 Malaysia/Body/Malaysia_Grayscale-35.png,Malaysia/Body/Malaysia_35_Body.png,.png,5066931,25fc169ff3a3b0c48f4907e4c5099dc0794f5afd647288a939049f296de556ee,scored,Malaysia/Body_with_Diagram/Malaysia_35_Body_with_Diagram.png,79,58,44,12,78,90,46,60
Malaysia,35,Body_with_Diagram,7 Malaysia/Body_with_Diagram/Malaysia_Diagram-35.png,Malaysia/Body_with_Diagram/Malaysia_35_Body_with_Diagram.png,.png,5105403,9be8d30bb10edc4f7212551c337afc35e8fef4f01253a322e1bfc32282a587e8,scored,Malaysia/Body_with_Diagram/Malaysia_35_Body_with_Diagram.png,79,58,44,12,78,90,46,60
Malaysia,35,Transparent_Diagram,7 Malaysia/Diagram_Transparent/Malaysia_Tramsparent-35.png,Malaysia/Transparent_Diagram/Malaysia_35_Transparent_Diagram.png,.png,115416,5ef29bb9024d702edb375d7041090d114cb0b4ac5fa2ef1d600bcdac0cdf0ffc,scored,Malaysia/Body_with_Diagram/Malaysia_35_Body_with_Diagram.png,79,58,44,12,78,90,46,60
Malaysia,36,Body,7 Malaysia/Body/Malaysia_Grayscale-36.png,Malaysia/Body/Malaysia_36_Body.png,.png,5019919,79b893c77e6e567afb8738844b2a4a498b922fa53d1198b1bbd0a0fc6fb3bd00,scored,Malaysia/Body_with_Diagram/Malaysia_36_Body_with_Diagram.png,68,79,14,24,84,82,16,61
Malaysia,36,Body_with_Diagram,7 Malaysia/Body_with_Diagram/Malaysia_Diagram-36.png,Malaysia/Body_with_Diagram/Malaysia_36_Body_with_Diagram.png,.png,5084134,2e6146478e800ee051e1b15f83e01e27a2faea30bba5a45946b22da974143e6f,scored,Malaysia/Body_with_Diagram/Malaysia_36_Body_with_Diagram.png,68,79,14,24,84,82,16,61
Malaysia,36,Transparent_Diagram,7 Malaysia/Diagram_Transparent/Malaysia_Tramsparent-36.png,Malaysia/Transparent_Diagram/Malaysia_36_Transparent_Diagram.png,.png,131934,bc2f3a9c7b5708bf9343849e748c36800a9342b5cbf05b43d555419fe5e6d2a8,scored,Malaysia/Body_with_Diagram/Malaysia_36_Body_with_Diagram.png,68,79,14,24,84,82,16,61
Malaysia,37,Body,7 Malaysia/Body/Malaysia_Grayscale-37.png,Malaysia/Body/Malaysia_37_Body.png,.png,5991138,871abd121b00425883070d03096b6e14f72a939c5a8f77440f2ad966f31bc3e6,scored,Malaysia/Body_with_Diagram/Malaysia_37_Body_with_Diagram.png,70,87,12,18,92,86,18,64
Malaysia,37,Body_with_Diagram,7 Malaysia/Body_with_Diagram/Malaysia_Diagram-37.png,Malaysia/Body_with_Diagram/Malaysia_37_Body_with_Diagram.png,.png,6068419,4f54dd9baef2271656bd5f2412ad664088f5ca59ddf78916d28562ef97d3dc81,scored,Malaysia/Body_with_Diagram/Malaysia_37_Body_with_Diagram.png,70,87,12,18,92,86,18,64
Malaysia,37,Transparent_Diagram,7 Malaysia/Diagram_Transparent/Malaysia_Tramsparent-37.png,Malaysia/Transparent_Diagram/Malaysia_37_Transparent_Diagram.png,.png,156002,5f0dd92a06efab190e0d383a4b5bc6851750b9e0029f1ba7592214c12ee02ab8,scored,Malaysia/Body_with_Diagram/Malaysia_37_Body_with_Diagram.png,70,87,12,18,92,86,18,64
Malaysia,38,Body,7 Malaysia/Body/Malaysia_Grayscale-38.png,Malaysia/Body/Malaysia_38_Body.png,.png,5453304,d56ad5b27893263a71b256075436369a85663d0e1f29eee2bbdc2903c7b8f71f,scored,Malaysia/Body_with_Diagram/Malaysia_38_Body_with_Diagram.png,78,84,12,12,88,91,49,63
Malaysia,38,Body_with_Diagram,7 Malaysia/Body_with_Diagram/Malaysia_Diagram-38.png,Malaysia/Body_with_Diagram/Malaysia_38_Body_with_Diagram.png,.png,5544841,51658cb2c6ad2b069d6be34474ab9dcb2f9196e529aebe5c6966598f046bbb6b,scored,Malaysia/Body_with_Diagram/Malaysia_38_Body_with_Diagram.png,78,84,12,12,88,91,49,63
Malaysia,38,Transparent_Diagram,7 Malaysia/Diagram_Transparent/Malaysia_Tramsparent-38.png,Malaysia/Transparent_Diagram/Malaysia_38_Transparent_Diagram.png,.png,141573,79c8180a947f36d23045d3cdef08f9e803cdae0a9c59b5611cc5e9d753240bba,scored,Malaysia/Body_with_Diagram/Malaysia_38_Body_with_Diagram.png,78,84,12,12,88,91,49,63
Malaysia,39,Body,7 Malaysia/Body/Malaysia_Grayscale-39.png,Malaysia/Body/Malaysia_39_Body.png,.png,5095270,f9b96d5deeb63016253e7a493bc8a10887cbe1794af5563f9a18246cf44141f2,scored,Malaysia/Body_with_Diagram/Malaysia_39_Body_with_Diagram.png,80,46,12,10,83,93,50,65
Malaysia,39,Body_with_Diagram,7 Malaysia/Body_with_Diagram/Malaysia_Diagram-39.png,Malaysia/Body_with_Diagram/Malaysia_39_Body_with_Diagram.png,.png,5157825,efb5d695d4131c8c509234a78687a31fb0707a2ee07ac5fff07ce6d469b52b2d,scored,Malaysia/Body_with_Diagram/Malaysia_39_Body_with_Diagram.png,80,46,12,10,83,93,50,65
Malaysia,39,Transparent_Diagram,7 Malaysia/Diagram_Transparent/Malaysia_Tramsparent-39.png,Malaysia/Transparent_Diagram/Malaysia_39_Transparent_Diagram.png,.png,113944,7d5f03d0fa2b0701722e1abe08ce23e5c0e96444acc79a713e4e42210bd70481,scored,Malaysia/Body_with_Diagram/Malaysia_39_Body_with_Diagram.png,80,46,12,10,83,93,50,65
Malaysia,40,Body,7 Malaysia/Body/Malaysia_Grayscale-40.png,Malaysia/Body/Malaysia_40_Body.png,.png,4964273,7830a26d3e554ae78797ecbc7c08b828cd3c4b58435b3e570385ef6642390810,scored,Malaysia/Body_with_Diagram/Malaysia_40_Body_with_Diagram.png,69,83,14,25,87,84,9,63
Malaysia,40,Body_with_Diagram,7 Malaysia/Body_with_Diagram/Malaysia_Diagram-40.png,Malaysia/Body_with_Diagram/Malaysia_40_Body_with_Diagram.png,.png,5053482,923749b6257fb4c454a8f8564b53335ce374142e685f118ad7cc1f6d99a21f8e,scored,Malaysia/Body_with_Diagram/Malaysia_40_Body_with_Diagram.png,69,83,14,25,87,84,9,63
Malaysia,40,Transparent_Diagram,7 Malaysia/Diagram_Transparent/Malaysia_Tramsparent-40.png,Malaysia/Transparent_Diagram/Malaysia_40_Transparent_Diagram.png,.png,123401,f9de291a0a7b636e67c12eb7f5f0807fd975cd4d617cb3944f4ed8ba8a336b2f,scored,Malaysia/Body_with_Diagram/Malaysia_40_Body_with_Diagram.png,69,83,14,25,87,84,9,63
Malaysia,41,Body,7 Malaysia/Body/Malaysia_Grayscale-41.png,Malaysia/Body/Malaysia_41_Body.png,.png,4804334,20aff9f6eba2906920098b0282e0a609ef0a43b4cc3d1127b01c1636ec8bff5d,scored,Malaysia/Body_with_Diagram/Malaysia_41_Body_with_Diagram.png,70,61,13,38,90,80,10,64
Malaysia,41,Body_with_Diagram,7 Malaysia/Body_with_Diagram/Malaysia_Diagram-41.png,Malaysia/Body_with_Diagram/Malaysia_41_Body_with_Diagram.png,.png,4885308,8fdc9be4e4a21ee599afe069e1dbd6213fed87b218325f6dd4c0dcc62981e763,scored,Malaysia/Body_with_Diagram/Malaysia_41_Body_with_Diagram.png,70,61,13,38,90,80,10,64
Malaysia,41,Transparent_Diagram,7 Malaysia/Diagram_Transparent/Malaysia_Tramsparent-41.png,Malaysia/Transparent_Diagram/Malaysia_41_Transparent_Diagram.png,.png,137297,3c40c4b0945ba4a372e022ef01f7d42d7e3cc25df8bef1a0d482f6899bad8a10,scored,Malaysia/Body_with_Diagram/Malaysia_41_Body_with_Diagram.png,70,61,13,38,90,80,10,64
Malaysia,42,Body,7 Malaysia/Body/Malaysia_Grayscale-42.png,Malaysia/Body/Malaysia_42_Body.png,.png,4714357,21c02eab815e244d5e9f459ee38bca498ee1c752aaf0473750737ead58831035,scored,Malaysia/Body_with_Diagram/Malaysia_42_Body_with_Diagram.png,76,82,10,18,97,89,0,66
Malaysia,42,Body_with_Diagram,7 Malaysia/Body_with_Diagram/Malaysia_Diagram-42.png,Malaysia/Body_with_Diagram/Malaysia_42_Body_with_Diagram.png,.png,4771443,33d407aaf5d7010275df04c6826969c1ce20a136e27ccb8738c86a76faa20189,scored,Malaysia/Body_with_Diagram/Malaysia_42_Body_with_Diagram.png,76,82,10,18,97,89,0,66
Malaysia,42,Transparent_Diagram,7 Malaysia/Diagram_Transparent/Malaysia_Tramsparent-42.png,Malaysia/Transparent_Diagram/Malaysia_42_Transparent_Diagram.png,.png,116039,84b303d841e60dcdbfd63ed44a221e31568ef2c09408881592c850a3810eab7a,scored,Malaysia/Body_with_Diagram/Malaysia_42_Body_with_Diagram.png,76,82,10,18,97,89,0,66
Malaysia,43,Body,7 Malaysia/Body/Malaysia_Grayscale-43.png,Malaysia/Body/Malaysia_43_Body.png,.png,5651462,05b81bec1bc2308e340e3bea9d6fe8235ce32891679f8138f5fc72d8dfead7a9,scored,Malaysia/Body_with_Diagram/Malaysia_43_Body_with_Diagram.png,62,86,49,12,73,84,8,60
Malaysia,43,Body_with_Diagram,7 Malaysia/Body_with_Diagram/Malaysia_Diagram-43.png,Malaysia/Body_with_Diagram/Malaysia_43_Body_with_Diagram.png,.png,5746242,bad583b1a7fe646b670c7baccb0a39db4cfa9a64330ab617178076b7b41bc568,scored,Malaysia/Body_with_Diagram/Malaysia_43_Body_with_Diagram.png,62,86,49,12,73,84,8,60
Malaysia,43,Transparent_Diagram,7 Malaysia/Diagram_Transparent/Malaysia_Tramsparent-43.png,Malaysia/Transparent_Diagram/Malaysia_43_Transparent_Diagram.png,.png,140199,6f4b5054976fc6b3879923d8abd9034dffdc539074f89b04c9967be111ccfe34,scored,Malaysia/Body_with_Diagram/Malaysia_43_Body_with_Diagram.png,62,86,49,12,73,84,8,60
Myanmar,01,Body,3 Myanmar/Body/1.1 ကန်တော့ပန်းအက (Gadou Pann).png,Myanmar/Body/Myanmar_01_Body.png,.png,2509003,048d61f0fcaec270f2f81c8eeda66218400a3e695fdd440f6b1788a28e55d550,scored,Myanmar/Body_with_Diagram/Myanmar_01_Body_with_Diagram.png,42,32,52,90,42,35,0,54
Myanmar,01,Body_with_Diagram,3 Myanmar/Body_with_Diagram/1.1 ကန်တော့ပန်းအက (Gadou Pann).png,Myanmar/Body_with_Diagram/Myanmar_01_Body_with_Diagram.png,.png,2546762,d612f40ede7710211cd274e48beec598462039b04cf62129fbc0d5e63510b7a5,scored,Myanmar/Body_with_Diagram/Myanmar_01_Body_with_Diagram.png,42,32,52,90,42,35,0,54
Myanmar,01,Transparent_Diagram,3 Myanmar/Transparent_Diagram/1.1 ကန်တော့ပန်းအက (Gadou Pann).png,Myanmar/Transparent_Diagram/Myanmar_01_Transparent_Diagram.png,.png,49228,d3a4ff056ac9fda7e0f5a587e2317f0bb7146f9f502f5ee85fedce1cb4e37a0e,scored,Myanmar/Body_with_Diagram/Myanmar_01_Body_with_Diagram.png,42,32,52,90,42,35,0,54
Myanmar,02,Body,3 Myanmar/Body/1.2 ကန်တော့ပန်းအက (Gadou Pann).png,Myanmar/Body/Myanmar_02_Body.png,.png,2510308,dfe6021adeead0e5a1e92e227cccc2e468f456bab4bd4e80e01ffc7dfdd92e62,scored,Myanmar/Body_with_Diagram/Myanmar_02_Body_with_Diagram.png,66,75,18,8,82,91,0,63
Myanmar,02,Body_with_Diagram,3 Myanmar/Body_with_Diagram/1.2 ကန်တော့ပန်းအက (Gadou Pann).png,Myanmar/Body_with_Diagram/Myanmar_02_Body_with_Diagram.png,.png,2561152,7c08f22f89033f569bd545e1255f6444e2edbfd44b9bd80ed99a5ea90c67242d,scored,Myanmar/Body_with_Diagram/Myanmar_02_Body_with_Diagram.png,66,75,18,8,82,91,0,63
Myanmar,02,Transparent_Diagram,3 Myanmar/Transparent_Diagram/1.2 ကန်တော့ပန်းအက (Gadou Pann).png,Myanmar/Transparent_Diagram/Myanmar_02_Transparent_Diagram.png,.png,58597,a9c2a4afd4776630ff3b8dd11e8a1682b573cff5e00376cdc9c1a397dce6c907,scored,Myanmar/Body_with_Diagram/Myanmar_02_Body_with_Diagram.png,66,75,18,8,82,91,0,63
Myanmar,03,Body,3 Myanmar/Body/1.3 ကန်တော့ပန်းအက (Gadou Pann).png,Myanmar/Body/Myanmar_03_Body.png,.png,2508570,18cd16e868cdf522c1e3e3b82350ae715f47b2d93e69769798c2d2e0b7f772ac,scored,Myanmar/Body_with_Diagram/Myanmar_03_Body_with_Diagram.png,43,38,60,88,38,40,0,55
Myanmar,03,Body_with_Diagram,3 Myanmar/Body_with_Diagram/1.3 ကန်တော့ပန်းအက (Gadou Pann).png,Myanmar/Body_with_Diagram/Myanmar_03_Body_with_Diagram.png,.png,2550628,8b96f6a097f5e2dde67e5367c8f6979b2c8064b867659a828c9bcf1e556ebb67,scored,Myanmar/Body_with_Diagram/Myanmar_03_Body_with_Diagram.png,43,38,60,88,38,40,0,55
Myanmar,03,Transparent_Diagram,3 Myanmar/Transparent_Diagram/1.3 ကန်တော့ပန်းအက (Gadou Pann).png,Myanmar/Transparent_Diagram/Myanmar_03_Transparent_Diagram.png,.png,49477,5f4026773c51e20eb1da0f37343f97e296f5d9fd79044a3b602b3faaecc9500a,scored,Myanmar/Body_with_Diagram/Myanmar_03_Body_with_Diagram.png,43,38,60,88,38,40,0,55
Myanmar,04,Body,3 Myanmar/Body/2.1 ငှက်ပျောဖူးလက် (Ngapyaw Phoo Lak).png,Myanmar/Body/Myanmar_04_Body.png,.png,2477104,3cb1dcfd45825c572b538cffbe2c6ec92a6912d798ce8ade6568b482158b05f6,scored,Myanmar/Body_with_Diagram/Myanmar_04_Body_with_Diagram.png,39,36,78,92,32,42,0,54
Myanmar,04,Body_with_Diagram,3 Myanmar/Body_with_Diagram/2.1 ငှက်ပျောဖူးလက် (Ngapyaw Phoo Lak).png,Myanmar/Body_with_Diagram/Myanmar_04_Body_with_Diagram.png,.png,2500622,fbf87c7cabb64b87dab6df6d64a6f87c164f3aac05b3ce08a6708b79af440a28,scored,Myanmar/Body_with_Diagram/Myanmar_04_Body_with_Diagram.png,39,36,78,92,32,42,0,54
Myanmar,04,Transparent_Diagram,3 Myanmar/Transparent_Diagram/2.1 ငှက်ပျောဖူးလက် (Ngapyaw Phoo Lak).png,Myanmar/Transparent_Diagram/Myanmar_04_Transparent_Diagram.png,.png,36511,9bd058581f4bef0f928df1b1b6cb8e0030c4e27d8602ba0262039241fea02d36,scored,Myanmar/Body_with_Diagram/Myanmar_04_Body_with_Diagram.png,39,36,78,92,32,42,0,54
Myanmar,05,Body,3 Myanmar/Body/2.2 ငှက်ပျောဖူးလက် (Ngapyaw Phoo Lak).png,Myanmar/Body/Myanmar_05_Body.png,.png,2462846,752b5db46f0e04ddc7f376ef5ac3ee45e743261a575e6aab4351e1422dd0d589,scored,Myanmar/Body_with_Diagram/Myanmar_05_Body_with_Diagram.png,68,45,17,10,83,90,0,64
Myanmar,05,Body_with_Diagram,3 Myanmar/Body_with_Diagram/2.2 ငှက်ပျောဖူးလက် (Ngapyaw Phoo Lak).png,Myanmar/Body_with_Diagram/Myanmar_05_Body_with_Diagram.png,.png,2498097,5fddf501c016568da5cd24a7c5cf849c84d80a91e37fc58754b437039290bb98,scored,Myanmar/Body_with_Diagram/Myanmar_05_Body_with_Diagram.png,68,45,17,10,83,90,0,64
Myanmar,05,Transparent_Diagram,3 Myanmar/Transparent_Diagram/2.2 ငှက်ပျောဖူးလက် (Ngapyaw Phoo Lak).png,Myanmar/Transparent_Diagram/Myanmar_05_Transparent_Diagram.png,.png,48757,8ba9d4cd38a2aeaae0851b24a1c1a4681c85175ed2c13210cdd3232ae0645615,scored,Myanmar/Body_with_Diagram/Myanmar_05_Body_with_Diagram.png,68,45,17,10,83,90,0,64
Myanmar,06,Body,3 Myanmar/Body/2.3 ငှက်ပျောဖူးလက် (Ngapyaw Phoo Lak).png,Myanmar/Body/Myanmar_06_Body.png,.png,2489704,e495f1700fcd93aae099d671d9cc31c9000767c28392ed4b9a4532068e106b82,scored,Myanmar/Body_with_Diagram/Myanmar_06_Body_with_Diagram.png,40,34,76,93,31,40,0,55
Myanmar,06,Body_with_Diagram,3 Myanmar/Body_with_Diagram/2.3 ငှက်ပျောဖူးလက် (Ngapyaw Phoo Lak).png,Myanmar/Body_with_Diagram/Myanmar_06_Body_with_Diagram.png,.png,2522889,f2e98fd23f00ba96927443e935deb05e222567739fe449f46c888084ed2052f8,scored,Myanmar/Body_with_Diagram/Myanmar_06_Body_with_Diagram.png,40,34,76,93,31,40,0,55
Myanmar,06,Transparent_Diagram,3 Myanmar/Transparent_Diagram/2.3 ငှက်ပျောဖူးလက် (Ngapyaw Phoo Lak).png,Myanmar/Transparent_Diagram/Myanmar_06_Transparent_Diagram.png,.png,43590,e16b85935885042befdde13091ed8b311d8c27f89bf8e3dd8c6276bc1bbb590c,scored,Myanmar/Body_with_Diagram/Myanmar_06_Body_with_Diagram.png,40,34,76,93,31,40,0,55
Myanmar,07,Body,3 Myanmar/Body/2.4 ငှက်ပျောဖူးလက် (Ngapyaw Phoo Lak).png,Myanmar/Body/Myanmar_07_Body.png,.png,2479863,033a4f5e068bd9514924e1e37d2b4cb9e52ec7e522a4d2c72538a83ced2d085b,scored,Myanmar/Body_with_Diagram/Myanmar_07_Body_with_Diagram.png,64,44,18,12,78,88,0,63
Myanmar,07,Body_with_Diagram,3 Myanmar/Body_with_Diagram/2.4 ငှက်ပျောဖူးလက် (Ngapyaw Phoo Lak).png,Myanmar/Body_with_Diagram/Myanmar_07_Body_with_Diagram.png,.png,2514354,c54c9110a3de8ab1d5b38205eb8992dd50dfba679c92bb5e5adca6d240c55cdd,scored,Myanmar/Body_with_Diagram/Myanmar_07_Body_with_Diagram.png,64,44,18,12,78,88,0,63
Myanmar,07,Transparent_Diagram,3 Myanmar/Transparent_Diagram/2.4 ငှက်ပျောဖူးလက် (Ngapyaw Phoo Lak).png,Myanmar/Transparent_Diagram/Myanmar_07_Transparent_Diagram.png,.png,49151,2388fce6792fe84db81482ea5f038daebc0ae3952fbc32defbe2087fcd28b50b,scored,Myanmar/Body_with_Diagram/Myanmar_07_Body_with_Diagram.png,64,44,18,12,78,88,0,63
Myanmar,08,Body,3 Myanmar/Body/2.5 ငှက်ပျောဖူးလက် (Ngapyaw Phoo Lak).png,Myanmar/Body/Myanmar_08_Body.png,.png,2478962,2786613968f7bf1925534af56ec8e4e231d0a00619d0d6ba14fe1efaa8cd1a53,scored,Myanmar/Body_with_Diagram/Myanmar_08_Body_with_Diagram.png,40,34,76,93,31,40,0,55
Myanmar,08,Body_with_Diagram,3 Myanmar/Body_with_Diagram/2.5 ငှက်ပျောဖူးလက် (Ngapyaw Phoo Lak).png,Myanmar/Body_with_Diagram/Myanmar_08_Body_with_Diagram.png,.png,2507981,8efdeed4c12d053f8a895ceb13897e0d2f76f16917006dfd823a974a715c5962,scored,Myanmar/Body_with_Diagram/Myanmar_08_Body_with_Diagram.png,40,34,76,93,31,40,0,55
Myanmar,08,Transparent_Diagram,3 Myanmar/Transparent_Diagram/2.5 ငှက်ပျောဖူးလက် (Ngapyaw Phoo Lak).png,Myanmar/Transparent_Diagram/Myanmar_08_Transparent_Diagram.png,.png,36158,8880b59a7dd783d78dd03ac7ef91b80c6909c47d88fc9f395dfe3f25195fd836,scored,Myanmar/Body_with_Diagram/Myanmar_08_Body_with_Diagram.png,40,34,76,93,31,40,0,55
Myanmar,09,Body,3 Myanmar/Body/3.1 လက်ထပ်လှည့် (Lak Htap Lhany).png,Myanmar/Body/Myanmar_09_Body.png,.png,2527112,8605c77dc1607ae1720b0e41b70211d736e7cf743bd127c354b7f79cb7441c0d,scored,Myanmar/Body_with_Diagram/Myanmar_09_Body_with_Diagram.png,55,42,54,9,50,82,0,60
Myanmar,09,Body_with_Diagram,3 Myanmar/Body_with_Diagram/3.1 လက်ထပ်လှည့် (Lak Htap Lhany).png,Myanmar/Body_with_Diagram/Myanmar_09_Body_with_Diagram.png,.png,2570881,0c0a8447bbdf405ef586778e177ab51074b65992ddb3fad4a3660586f10bc4bb,scored,Myanmar/Body_with_Diagram/Myanmar_09_Body_with_Diagram.png,55,42,54,9,50,82,0,60
Myanmar,09,Transparent_Diagram,3 Myanmar/Transparent_Diagram/3.1 လက်ထပ်လှည့် (Lak Htap Lhany).png,Myanmar/Transparent_Diagram/Myanmar_09_Transparent_Diagram.png,.png,50654,9b78a7a9818251429ff24c260b797f232b8559d6e52defb132a94fdc32d96740,scored,Myanmar/Body_with_Diagram/Myanmar_09_Body_with_Diagram.png,55,42,54,9,50,82,0,60
Myanmar,10,Body,3 Myanmar/Body/3.2 လက်ထပ်လှည့် (Lak Htap Lhany).png,Myanmar/Body/Myanmar_10_Body.png,.png,2500272,fa12339e16cead33d0b2c683467ace1b6580e37a764526e1c6fde73b059391bc,scored,Myanmar/Body_with_Diagram/Myanmar_10_Body_with_Diagram.png,42,55,65,89,38,42,0,56
Myanmar,10,Body_with_Diagram,3 Myanmar/Body_with_Diagram/3.2 လက်ထပ်လှည့် (Lak Htap Lhany).png,Myanmar/Body_with_Diagram/Myanmar_10_Body_with_Diagram.png,.png,2529956,10e3042ba041d40dfca4fc196c6a12066716690f588bf3ff6a1ca49948fee237,scored,Myanmar/Body_with_Diagram/Myanmar_10_Body_with_Diagram.png,42,55,65,89,38,42,0,56
Myanmar,10,Transparent_Diagram,3 Myanmar/Transparent_Diagram/3.2 လက်ထပ်လှည့် (Lak Htap Lhany).png,Myanmar/Transparent_Diagram/Myanmar_10_Transparent_Diagram.png,.png,38202,9d1dc79195b09c3a3a40eaf29bddc8219928c9524bc709d544469368199e306b,scored,Myanmar/Body_with_Diagram/Myanmar_10_Body_with_Diagram.png,42,55,65,89,38,42,0,56
Myanmar,11,Body,3 Myanmar/Body/3.3 လက်ထပ်လှည့် (Lak Htap Lhany).png,Myanmar/Body/Myanmar_11_Body.png,.png,2508954,db7728244894059baa43132e2d6695ba91c63744fba04123b90c8bf70ba6ddf7,scored,Myanmar/Body_with_Diagram/Myanmar_11_Body_with_Diagram.png,57,38,45,10,58,84,0,61
Myanmar,11,Body_with_Diagram,3 Myanmar/Body_with_Diagram/3.3 လက်ထပ်လှည့် (Lak Htap Lhany).png,Myanmar/Body_with_Diagram/Myanmar_11_Body_with_Diagram.png,.png,2545749,e49908aeec16fd8626bd541e4d78248ff4f0b2ae84bfaa338ef763461b8e521d,scored,Myanmar/Body_with_Diagram/Myanmar_11_Body_with_Diagram.png,57,38,45,10,58,84,0,61
Myanmar,11,Transparent_Diagram,3 Myanmar/Transparent_Diagram/3.3 လက်ထပ်လှည့် (Lak Htap Lhany).png,Myanmar/Transparent_Diagram/Myanmar_11_Transparent_Diagram.png,.png,49643,b9454546fd8e9064e971f4dbf806555bbef83ce1ad597ab8b0fa4a4a36f3a661,scored,Myanmar/Body_with_Diagram/Myanmar_11_Body_with_Diagram.png,57,38,45,10,58,84,0,61
Myanmar,12,Body,3 Myanmar/Body/3.4 လက်ထပ်လှည့် (Lak Htap Lhany).png,Myanmar/Body/Myanmar_12_Body.png,.png,2487666,4c44702542da32dfc28d0cb49bd49ad402d4fc868f01e7003d3c009a7c80de81,scored,Myanmar/Body_with_Diagram/Myanmar_12_Body_with_Diagram.png,41,52,67,91,37,41,0,56
Myanmar,12,Body_with_Diagram,3 Myanmar/Body_with_Diagram/3.4 လက်ထပ်လှည့် (Lak Htap Lhany).png,Myanmar/Body_with_Diagram/Myanmar_12_Body_with_Diagram.png,.png,2507648,9ae76b0a9f11e419c56f34490f56869ee77b20618c524c81529fc93db23b4c47,scored,Myanmar/Body_with_Diagram/Myanmar_12_Body_with_Diagram.png,41,52,67,91,37,41,0,56
Myanmar,12,Transparent_Diagram,3 Myanmar/Transparent_Diagram/3.4 လက်ထပ်လှည့် (Lak Htap Lhany).png,Myanmar/Transparent_Diagram/Myanmar_12_Transparent_Diagram.png,.png,31682,d0f3d3f0b74582eaf078fa5cbf161a24e87db533dbd9552d05ecb1ba19a11069,scored,Myanmar/Body_with_Diagram/Myanmar_12_Body_with_Diagram.png,41,52,67,91,37,41,0,56
Myanmar,13,Body,3 Myanmar/Body/4.1 လက်ခွဲလှည့် (Lak Khwe Lhany).png,Myanmar/Body/Myanmar_13_Body.png,.png,2529281,5b69ba0122f6d0d4b49d0c5ea2636248e4a449d0f6d7389d2617397201de2544,scored,Myanmar/Body_with_Diagram/Myanmar_13_Body_with_Diagram.png,62,41,24,15,72,86,0,61
Myanmar,13,Body_with_Diagram,3 Myanmar/Body_with_Diagram/4.1 လက်ခွဲလှည့် (Lak Khwe Lhany).png,Myanmar/Body_with_Diagram/Myanmar_13_Body_with_Diagram.png,.png,2584040,b87cb6a8d17e30b19a63c517d4b90d6d29b213e13defde54c753c50b0a726338,scored,Myanmar/Body_with_Diagram/Myanmar_13_Body_with_Diagram.png,62,41,24,15,72,86,0,61
Myanmar,13,Transparent_Diagram,3 Myanmar/Transparent_Diagram/4.1 လက်ခွဲလှည့် (Lak Khwe Lhany).png,Myanmar/Transparent_Diagram/Myanmar_13_Transparent_Diagram.png,.png,65681,b8f4402eb10dc798bc35bbd1970c35c1c26c9920ced06fe535c185c3eec46f98,scored,Myanmar/Body_with_Diagram/Myanmar_13_Body_with_Diagram.png,62,41,24,15,72,86,0,61
Myanmar,14,Body,3 Myanmar/Body/4.2 လက်ခွဲလှည့် (Lak Khwe Lhany).png,Myanmar/Body/Myanmar_14_Body.png,.png,2510622,90db27c5a19d8d798fb5b3319f6ecb9d6983d520efc65f50b5d8bda140e8d508,scored,Myanmar/Body_with_Diagram/Myanmar_14_Body_with_Diagram.png,44,45,52,68,43,52,0,56
Myanmar,14,Body_with_Diagram,3 Myanmar/Body_with_Diagram/4.2 လက်ခွဲလှည့် (Lak Khwe Lhany).png,Myanmar/Body_with_Diagram/Myanmar_14_Body_with_Diagram.png,.png,2552738,cb1c8ccf18c87d432535f188fd9729cb5687e22f40a131e65bd6f106cc7923ed,scored,Myanmar/Body_with_Diagram/Myanmar_14_Body_with_Diagram.png,44,45,52,68,43,52,0,56
Myanmar,14,Transparent_Diagram,3 Myanmar/Transparent_Diagram/4.2 လက်ခွဲလှည့် (Lak Khwe Lhany).png,Myanmar/Transparent_Diagram/Myanmar_14_Transparent_Diagram.png,.png,50043,12c5144f27f7ec818303bb32397ec74c05d5c364f958778f64ebddd815ad6a1f,scored,Myanmar/Body_with_Diagram/Myanmar_14_Body_with_Diagram.png,44,45,52,68,43,52,0,56
Myanmar,15,Body,3 Myanmar/Body/4.3 လက်ခွဲလှည့် (Lak Khwe Lhany).png,Myanmar/Body/Myanmar_15_Body.png,.png,2485302,2d6396a9ebd52444500f6959cb0e2e3205951d5f071484cdef2c98739c17ffe9,scored,Myanmar/Body_with_Diagram/Myanmar_15_Body_with_Diagram.png,59,58,30,12,65,84,0,62
Myanmar,15,Body_with_Diagram,3 Myanmar/Body_with_Diagram/4.3 လက်ခွဲလှည့် (Lak Khwe Lhany).png,Myanmar/Body_with_Diagram/Myanmar_15_Body_with_Diagram.png,.png,2524391,190b9efefab97bde099ca0def8801c03e7e9073db664faf5567087cdbf89684a,scored,Myanmar/Body_with_Diagram/Myanmar_15_Body_with_Diagram.png,59,58,30,12,65,84,0,62
Myanmar,15,Transparent_Diagram,3 Myanmar/Transparent_Diagram/4.3 လက်ခွဲလှည့် (Lak Khwe Lhany).png,Myanmar/Transparent_Diagram/Myanmar_15_Transparent_Diagram.png,.png,42956,1bff908400d4f6b6ac7e3dd6c7328ac53d26f30803f3f0592c09e90cc9780e66,scored,Myanmar/Body_with_Diagram/Myanmar_15_Body_with_Diagram.png,59,58,30,12,65,84,0,62
Myanmar,16,Body,3 Myanmar/Body/4.4 လက်ခွဲလှည့် (Lak Khwe Lhany).png,Myanmar/Body/Myanmar_16_Body.png,.png,2456238,876c7686dc37dc445e5610915895c3bf73db3ac6fda2e5ec58331db7fcf56d37,scored,Myanmar/Body_with_Diagram/Myanmar_16_Body_with_Diagram.png,49,55,58,35,45,67,0,58
Myanmar,16,Body_with_Diagram,3 Myanmar/Body_with_Diagram/4.4 လက်ခွဲလှည့် (Lak Khwe Lhany).png,Myanmar/Body_with_Diagram/Myanmar_16_Body_with_Diagram.png,.png,2520478,cfef03dd47943be73fb98344d6d95f59a73775bd96d336a3ff42a72932425a8f,scored,Myanmar/Body_with_Diagram/Myanmar_16_Body_with_Diagram.png,49,55,58,35,45,67,0,58
Myanmar,16,Transparent_Diagram,3 Myanmar/Transparent_Diagram/4.4 လက်ခွဲလှည့် (Lak Khwe Lhany).png,Myanmar/Transparent_Diagram/Myanmar_16_Transparent_Diagram.png,.png,57188,b25807458ad221dd3454dcb30d6984ef50e86b56637ae306807b5448120a697b,scored,Myanmar/Body_with_Diagram/Myanmar_16_Body_with_Diagram.png,49,55,58,35,45,67,0,58
Myanmar,17,Body,3 Myanmar/Body/5.1 ခရုပတ်လက် (Khayu Pat Lak).png,Myanmar/Body/Myanmar_17_Body.png,.png,2471871,eec900fd63f9ff92ff4ef29a542b68a65eab2c718015f9ad6748ed99a5f510e6,scored,Myanmar/Body_with_Diagram/Myanmar_17_Body_with_Diagram.png,57,45,55,10,54,84,0,62
Myanmar,17,Body_with_Diagram,3 Myanmar/Body_with_Diagram/5.1 ခရုပတ်လက် (Khayu Pat Lak).png,Myanmar/Body_with_Diagram/Myanmar_17_Body_with_Diagram.png,.png,2522848,d4fbef7bd95e5473a932022b4711b5bc61f5796d8c505101f145a690b784b755,scored,Myanmar/Body_with_Diagram/Myanmar_17_Body_with_Diagram.png,57,45,55,10,54,84,0,62
Myanmar,17,Transparent_Diagram,3 Myanmar/Transparent_Diagram/5.1 ခရုပတ်လက် (Khayu Pat Lak).png,Myanmar/Transparent_Diagram/Myanmar_17_Transparent_Diagram.png,.png,56583,acb3edfc79b91bbff158539787a2e14f1c13f13e93163cc1d56610f0be681c7d,scored,Myanmar/Body_with_Diagram/Myanmar_17_Body_with_Diagram.png,57,45,55,10,54,84,0,62
Myanmar,18,Body,3 Myanmar/Body/5.2 ခရုပတ်လက် (Khayu Pat Lak).png,Myanmar/Body/Myanmar_18_Body.png,.png,2467830,f4142ff3f53fba6f503050d289ce71f35c850766b4e47ac17366ea220275d476,scored,Myanmar/Body_with_Diagram/Myanmar_18_Body_with_Diagram.png,41,54,72,87,38,46,0,56
Myanmar,18,Body_with_Diagram,3 Myanmar/Body_with_Diagram/5.2 ခရုပတ်လက် (Khayu Pat Lak).png,Myanmar/Body_with_Diagram/Myanmar_18_Body_with_Diagram.png,.png,2494563,bd00d151718ba46f8a8439346ee1fa3169c6ecc89aeecaf4a634fa41d50feecb,scored,Myanmar/Body_with_Diagram/Myanmar_18_Body_with_Diagram.png,41,54,72,87,38,46,0,56
Myanmar,18,Transparent_Diagram,3 Myanmar/Transparent_Diagram/5.2 ခရုပတ်လက် (Khayu Pat Lak).png,Myanmar/Transparent_Diagram/Myanmar_18_Transparent_Diagram.png,.png,39386,855bf42011e35f5e6805f7cc3b060ea3ac0e10d1c86496e2e6b43bc973d0710a,scored,Myanmar/Body_with_Diagram/Myanmar_18_Body_with_Diagram.png,41,54,72,87,38,46,0,56
Myanmar,19,Body,3 Myanmar/Body/5.3 ခရုပတ်လက် (Khayu Pat Lak).png,Myanmar/Body/Myanmar_19_Body.png,.png,2466843,092f0d8ebcd7dccf6cb81248196f4d48a9b34b52cbac47200c9a1ee9d68dcb7d,scored,Myanmar/Body_with_Diagram/Myanmar_19_Body_with_Diagram.png,54,53,62,12,49,82,0,61
Myanmar,19,Body_with_Diagram,3 Myanmar/Body_with_Diagram/5.3 ခရုပတ်လက် (Khayu Pat Lak).png,Myanmar/Body_with_Diagram/Myanmar_19_Body_with_Diagram.png,.png,2503122,1e2b58f4386acbcff9723e55279542bffe012fa0358bc68ad3b36e2ef49abd2f,scored,Myanmar/Body_with_Diagram/Myanmar_19_Body_with_Diagram.png,54,53,62,12,49,82,0,61
Myanmar,19,Transparent_Diagram,3 Myanmar/Transparent_Diagram/5.3 ခရုပတ်လက် (Khayu Pat Lak).png,Myanmar/Transparent_Diagram/Myanmar_19_Transparent_Diagram.png,.png,45891,968264ef06d2b7f04ad732e4f2a9825edaaae0e90910d6273c0e793ebcfcbdcd,scored,Myanmar/Body_with_Diagram/Myanmar_19_Body_with_Diagram.png,54,53,62,12,49,82,0,61
Myanmar,20,Body,3 Myanmar/Body/5.4 ခရုပတ်လက် (Khayu Pat Lak).png,Myanmar/Body/Myanmar_20_Body.png,.png,2459667,b195565e0401c6a14fdb1c90e7b4a4b368636e147f471dc30379cbbb0e4225e5,scored,Myanmar/Body_with_Diagram/Myanmar_20_Body_with_Diagram.png,40,53,70,89,36,44,0,56
Myanmar,20,Body_with_Diagram,3 Myanmar/Body_with_Diagram/5.4 ခရုပတ်လက် (Khayu Pat Lak).png,Myanmar/Body_with_Diagram/Myanmar_20_Body_with_Diagram.png,.png,2492834,4ac85573622bdca2592277796be5d470f7590cb21061847f60ecda513b136dd5,scored,Myanmar/Body_with_Diagram/Myanmar_20_Body_with_Diagram.png,40,53,70,89,36,44,0,56
Myanmar,20,Transparent_Diagram,3 Myanmar/Transparent_Diagram/5.4 ခရုပတ်လက် (Khayu Pat Lak).png,Myanmar/Transparent_Diagram/Myanmar_20_Transparent_Diagram.png,.png,38591,df60ff68a52613389cd1d8c4ab5a44a899594fbcb84deff26437e9601d19d3c0,scored,Myanmar/Body_with_Diagram/Myanmar_20_Body_with_Diagram.png,40,53,70,89,36,44,0,56
Myanmar,21,Body,3 Myanmar/Body/6.1 ဘယ်လှန်ညာမှောက်တဆင့် (Bhaal Lhaan Nyar Mhaout Tsang).png,Myanmar/Body/Myanmar_21_Body.png,.png,2465169,55615a2fa718f4fcafb464ba5ce12b27f1512c7c0135e2126f1b60a73a540f8e,scored,Myanmar/Body_with_Diagram/Myanmar_21_Body_with_Diagram.png,55,54,60,12,50,83,0,62
Myanmar,21,Body_with_Diagram,3 Myanmar/Body_with_Diagram/6.1 ဘယ်လှန်ညာမှောက်တဆင့် (Bhaal Lhaan Nyar Mhaout Tsang).png,Myanmar/Body_with_Diagram/Myanmar_21_Body_with_Diagram.png,.png,2508005,e9b3b90d95d8d7b68e8ab71b16599ca10384c5388b05370b2370c3d7fc181efe,scored,Myanmar/Body_with_Diagram/Myanmar_21_Body_with_Diagram.png,55,54,60,12,50,83,0,62
Myanmar,21,Transparent_Diagram,3 Myanmar/Transparent_Diagram/6.1 ဘယ်လှန်ညာမှောက်တဆင့် (Bhaal Lhaan Nyar Mhaout Tsang).png,Myanmar/Transparent_Diagram/Myanmar_21_Transparent_Diagram.png,.png,49465,ca6e7dfa88d556163abe9e46e5424b88d4c40b0e8cb53105decea98dfe710fca,scored,Myanmar/Body_with_Diagram/Myanmar_21_Body_with_Diagram.png,55,54,60,12,50,83,0,62
Myanmar,22,Body,3 Myanmar/Body/6.2 ဘယ်လှန်ညာမှောက်တဆင့် (Bhaal Lhaan Nyar Mhaout Tsang).png,Myanmar/Body/Myanmar_22_Body.png,.png,2510429,97a6f2507ecdc6de2e4d40f483c46d54931209a06b95e2c74dc03217a782505a,scored,Myanmar/Body_with_Diagram/Myanmar_22_Body_with_Diagram.png,40,52,68,90,36,43,0,56
Myanmar,22,Body_with_Diagram,3 Myanmar/Body_with_Diagram/6.2 ဘယ်လှန်ညာမှောက်တဆင့် (Bhaal Lhaan Nyar Mhaout Tsang).png,Myanmar/Body_with_Diagram/Myanmar_22_Body_with_Diagram.png,.png,2534481,f4a7d39dd3907a533159116219f25489fff47fcc96f7f88917bcdf961cd098f6,scored,Myanmar/Body_with_Diagram/Myanmar_22_Body_with_Diagram.png,40,52,68,90,36,43,0,56
Myanmar,22,Transparent_Diagram,3 Myanmar/Transparent_Diagram/6.2 ဘယ်လှန်ညာမှောက်တဆင့် (Bhaal Lhaan Nyar Mhaout Tsang).png,Myanmar/Transparent_Diagram/Myanmar_22_Transparent_Diagram.png,.png,37614,cb1b662728aa44bfd5d3cf0e4aded0832810be04b3f95f8fd4a020d8990062dc,scored,Myanmar/Body_with_Diagram/Myanmar_22_Body_with_Diagram.png,40,52,68,90,36,43,0,56
Myanmar,23,Body,3 Myanmar/Body/7.1 ဘယ်လှန်ညာမှောက်နှစ်ဆင့် (Bhaal Lhaan Nyar Mhaout Nhasang).png,Myanmar/Body/Myanmar_23_Body.png,.png,2466778,1112e09b57d66b8696e2218f890950c411645ba080d603c3fa557fddf3612e50,scored,Myanmar/Body_with_Diagram/Myanmar_23_Body_with_Diagram.png,55,53,60,11,50,83,0,62
Myanmar,23,Body_with_Diagram,3 Myanmar/Body_with_Diagram/7.1 ဘယ်လှန်ညာမှောက်နှစ်ဆင့် (Bhaal Lhaan Nyar Mhaout Nhasang).png,Myanmar/Body_with_Diagram/Myanmar_23_Body_with_Diagram.png,.png,2513237,e745c00cb1b192b9c919e8eaa92715b6c92a535787bd0438ec98390f1f7a3423,scored,Myanmar/Body_with_Diagram/Myanmar_23_Body_with_Diagram.png,55,53,60,11,50,83,0,62
Myanmar,23,Transparent_Diagram,3 Myanmar/Transparent_Diagram/7.1 ဘယ်လှန်ညာမှောက်နှစ်ဆင့် (Bhaal Lhaan Nyar Mhaout Nhasang).png,Myanmar/Transparent_Diagram/Myanmar_23_Transparent_Diagram.png,.png,50897,c81033b0884acdd5c32442b9d093b2884ec5a7d62360e0ae9b04b59df82e27db,scored,Myanmar/Body_with_Diagram/Myanmar_23_Body_with_Diagram.png,55,53,60,11,50,83,0,62
Myanmar,24,Body,3 Myanmar/Body/7.2 ဘယ်လှန်ညာမှောက်နှစ်ဆင့် (Bhaal Lhaan Nyar Mhaout Nhasang).png,Myanmar/Body/Myanmar_24_Body.png,.png,2494752,d202ae86bd9d40cefb0525ee6b227bfdacd5d213245d8dd969d74678ff306972,scored,Myanmar/Body_with_Diagram/Myanmar_24_Body_with_Diagram.png,40,52,68,90,36,43,0,56
Myanmar,24,Body_with_Diagram,3 Myanmar/Body_with_Diagram/7.2 ဘယ်လှန်ညာမှောက်နှစ်ဆင့် (Bhaal Lhaan Nyar Mhaout Nhasang).png,Myanmar/Body_with_Diagram/Myanmar_24_Body_with_Diagram.png,.png,2526681,0ce288ac0e8ede36e34ef1fe52e1f99c12e5b39ed6b3c1257d93889d31c76b9a,scored,Myanmar/Body_with_Diagram/Myanmar_24_Body_with_Diagram.png,40,52,68,90,36,43,0,56
Myanmar,24,Transparent_Diagram,3 Myanmar/Transparent_Diagram/7.2 ဘယ်လှန်ညာမှောက်နှစ်ဆင့် (Bhaal Lhaan Nyar Mhaout Nhasang).png,Myanmar/Transparent_Diagram/Myanmar_24_Transparent_Diagram.png,.png,38161,72866b33d62538e0529f96b0eb2239bfd1fcf63f005b5a73766a72d25edb34ec,scored,Myanmar/Body_with_Diagram/Myanmar_24_Body_with_Diagram.png,40,52,68,90,36,43,0,56
Myanmar,25,Body,3 Myanmar/Body/8.1 ကြာဖူးချိုး (Kyaar Phoo Choe).png,Myanmar/Body/Myanmar_25_Body.png,.png,2482449,34236742c8a11adce90a9bd4a36d51a82a06c984324688bb454022485ca30d38,scored,Myanmar/Body_with_Diagram/Myanmar_25_Body_with_Diagram.png,55,54,61,11,50,83,0,62
Myanmar,25,Body_with_Diagram,3 Myanmar/Body_with_Diagram/8.1 ကြာဖူးချိုး (Kyaar Phoo Choe).png,Myanmar/Body_with_Diagram/Myanmar_25_Body_with_Diagram.png,.png,2536261,5c4ee00db9b1f4a1fcb8d707a7c8ed8085006b83ae8c61f2f4bbbd9db2c3d54b,scored,Myanmar/Body_with_Diagram/Myanmar_25_Body_with_Diagram.png,55,54,61,11,50,83,0,62
Myanmar,25,Transparent_Diagram,3 Myanmar/Transparent_Diagram/8.1 ကြာဖူးချိုး (Kyaar Phoo Choe).png,Myanmar/Transparent_Diagram/Myanmar_25_Transparent_Diagram.png,.png,55186,cf111c8c2c00fa450b8df6a4676f00cbf0352e0a2430802de011cad874c15db6,scored,Myanmar/Body_with_Diagram/Myanmar_25_Body_with_Diagram.png,55,54,61,11,50,83,0,62
Myanmar,26,Body,3 Myanmar/Body/8.2 ကြာဖူးချိုး (Kyaar Phoo Choe).png,Myanmar/Body/Myanmar_26_Body.png,.png,2483771,f09ab105da395fb9bb9ccc0d63f06f9bb1d416a0932897b87f8d38b410246956,scored,Myanmar/Body_with_Diagram/Myanmar_26_Body_with_Diagram.png,40,52,68,90,36,43,0,56
Myanmar,26,Body_with_Diagram,3 Myanmar/Body_with_Diagram/8.2 ကြာဖူးချိုး (Kyaar Phoo Choe).png,Myanmar/Body_with_Diagram/Myanmar_26_Body_with_Diagram.png,.png,2516695,ecb471545842374d36e36a46da55572867228752d2406469bc3786e80497dada,scored,Myanmar/Body_with_Diagram/Myanmar_26_Body_with_Diagram.png,40,52,68,90,36,43,0,56
Myanmar,26,Transparent_Diagram,3 Myanmar/Transparent_Diagram/8.2 ကြာဖူးချိုး (Kyaar Phoo Choe).png,Myanmar/Transparent_Diagram/Myanmar_26_Transparent_Diagram.png,.png,38582,ab3eac5a9bc595441442bab8c439cd70931e17508e70abef80b183c240e8e3ee,scored,Myanmar/Body_with_Diagram/Myanmar_26_Body_with_Diagram.png,40,52,68,90,36,43,0,56
Myanmar,27,Body,3 Myanmar/Body/8.3 ကြာဖူးချိုး (Kyaar Phoo Choe).png,Myanmar/Body/Myanmar_27_Body.png,.png,2473989,08e345dcc01b5321e87d460cbe8a492668ca6ac2d024c878b5cfae6a3e138c7f,scored,Myanmar/Body_with_Diagram/Myanmar_27_Body_with_Diagram.png,56,54,62,10,51,84,0,62
Myanmar,27,Body_with_Diagram,3 Myanmar/Body_with_Diagram/8.3 ကြာဖူးချိုး (Kyaar Phoo Choe).png,Myanmar/Body_with_Diagram/Myanmar_27_Body_with_Diagram.png,.png,2517256,442aa0884a6dde31e66f37bad4f925ab85f436bc173592949f47cb4ea4c56cda,scored,Myanmar/Body_with_Diagram/Myanmar_27_Body_with_Diagram.png,56,54,62,10,51,84,0,62
Myanmar,27,Transparent_Diagram,3 Myanmar/Transparent_Diagram/8.3 ကြာဖူးချိုး (Kyaar Phoo Choe).png,Myanmar/Transparent_Diagram/Myanmar_27_Transparent_Diagram.png,.png,51373,16b317024f310c06f612c49caaa0fb17f338a6dcef53493f586d1d80faa4b908,scored,Myanmar/Body_with_Diagram/Myanmar_27_Body_with_Diagram.png,56,54,62,10,51,84,0,62
Myanmar,28,Body,3 Myanmar/Body/8.4 ကြာဖူးချိုး (Kyaar Phoo Choe).png,Myanmar/Body/Myanmar_28_Body.png,.png,2495715,76e32a23b52cd5b13cb062065d84a7d78f9f30fc27c87e19f0e6719ecea9754c,scored,Myanmar/Body_with_Diagram/Myanmar_28_Body_with_Diagram.png,40,52,68,90,36,43,0,56
Myanmar,28,Body_with_Diagram,3 Myanmar/Body_with_Diagram/8.4 ကြာဖူးချိုး (Kyaar Phoo Choe).png,Myanmar/Body_with_Diagram/Myanmar_28_Body_with_Diagram.png,.png,2522510,e20e690afc10a9b79a036dbc77741118f59c990516cd82e251289c5ad0828366,scored,Myanmar/Body_with_Diagram/Myanmar_28_Body_with_Diagram.png,40,52,68,90,36,43,0,56
Myanmar,28,Transparent_Diagram,3 Myanmar/Transparent_Diagram/8.4 ကြာဖူးချိုး (Kyaar Phoo Choe).png,Myanmar/Transparent_Diagram/Myanmar_28_Transparent_Diagram.png,.png,38578,48cbd6fdd167784a1b6e4b1b4253e1ed9c4a6367654ab9d17cc1146a65415215,scored,Myanmar/Body_with_Diagram/Myanmar_28_Body_with_Diagram.png,40,52,68,90,36,43,0,56
Myanmar,29,Body,3 Myanmar/Body/11.1 ဆံတော်သိမ်းထောင့်ဆွဲ (Sandawsaim Dawng Swal).png,Myanmar/Body/Myanmar_29_Body.png,.png,2501813,7ddccb5d4394af11bf12bd980b2700ef5fd0ebf49eeaa119a58b3aa885b65b8b,scored,Myanmar/Body_with_Diagram/Myanmar_29_Body_with_Diagram.png,58,51,64,8,55,86,0,63
Myanmar,29,Body_with_Diagram,3 Myanmar/Body_with_Diagram/11.1 ဆံတော်သိမ်းထောင့်ဆွဲ (Sandawsaim Dawng Swal).png,Myanmar/Body_with_Diagram/Myanmar_29_Body_with_Diagram.png,.png,2542103,37a92e9f39e6246604e9381fde1274cbc965e05660b8c095258dd23b7c74cc52,scored,Myanmar/Body_with_Diagram/Myanmar_29_Body_with_Diagram.png,58,51,64,8,55,86,0,63
Myanmar,29,Transparent_Diagram,3 Myanmar/Transparent_Diagram/11.1 ဆံတော်သိမ်းထောင့်ဆွဲ (Sandawsaim Dawng Swal).png,Myanmar/Transparent_Diagram/Myanmar_29_Transparent_Diagram.png,.png,46598,7c4d83613cca961569c0041ec498d804610f5507812b93c11504c4708a6169a8,scored,Myanmar/Body_with_Diagram/Myanmar_29_Body_with_Diagram.png,58,51,64,8,55,86,0,63
Myanmar,30,Body,3 Myanmar/Body/11.2 ဆံတော်သိမ်းထောင့်ဆွဲ (Sandawsaim Dawng Swal).png,Myanmar/Body/Myanmar_30_Body.png,.png,2494523,5d30b65433c8c256e36ebd105c060bca0efd7190ccd150d19b265f00bdbb8e66,scored,Myanmar/Body_with_Diagram/Myanmar_30_Body_with_Diagram.png,43,48,57,56,42,56,0,57
Myanmar,30,Body_with_Diagram,3 Myanmar/Body_with_Diagram/11.2 ဆံတော်သိမ်းထောင့်ဆွဲ (Sandawsaim Dawng Swal).png,Myanmar/Body_with_Diagram/Myanmar_30_Body_with_Diagram.png,.png,2517811,65c219e3dfeb531194dba6803bbbd66706f7b0be29e321cacaf4e58b82f49787,scored,Myanmar/Body_with_Diagram/Myanmar_30_Body_with_Diagram.png,43,48,57,56,42,56,0,57
Myanmar,30,Transparent_Diagram,3 Myanmar/Transparent_Diagram/11.2 ဆံတော်သိမ်းထောင့်ဆွဲ (Sandawsaim Dawng Swal).png,Myanmar/Transparent_Diagram/Myanmar_30_Transparent_Diagram.png,.png,35262,d1c9cd1d3f572e6fbac3a6f4fa217645b1be971f857ead5064a3e325589863bc,scored,Myanmar/Body_with_Diagram/Myanmar_30_Body_with_Diagram.png,43,48,57,56,42,56,0,57
Myanmar,31,Body,3 Myanmar/Body/11.3 ဆံတော်သိမ်းထောင့်ဆွဲ (Sandawsaim Dawng Swal).png,Myanmar/Body/Myanmar_31_Body.png,.png,2496041,a72faf6a54d1bf3d13366457111b339fc10bca752c4c3f5a1f36e7781acd61bb,scored,Myanmar/Body_with_Diagram/Myanmar_31_Body_with_Diagram.png,57,49,72,18,48,85,0,62
Myanmar,31,Body_with_Diagram,3 Myanmar/Body_with_Diagram/11.3 ဆံတော်သိမ်းထောင့်ဆွဲ (Sandawsaim Dawng Swal).png,Myanmar/Body_with_Diagram/Myanmar_31_Body_with_Diagram.png,.png,2540483,7dd69e4ef67576c45e21d9f95b19ded8c25b6fbfebc587898369e481fbfa4e58,scored,Myanmar/Body_with_Diagram/Myanmar_31_Body_with_Diagram.png,57,49,72,18,48,85,0,62
Myanmar,31,Transparent_Diagram,3 Myanmar/Transparent_Diagram/11.3 ဆံတော်သိမ်းထောင့်ဆွဲ (Sandawsaim Dawng Swal).png,Myanmar/Transparent_Diagram/Myanmar_31_Transparent_Diagram.png,.png,53399,2e0d88560547cf7fca24df29738235e6a2b7902ce310145084f4f2f66f39cd7d,scored,Myanmar/Body_with_Diagram/Myanmar_31_Body_with_Diagram.png,57,49,72,18,48,85,0,62
Myanmar,32,Body,3 Myanmar/Body/11.4 ဆံတော်သိမ်းထောင့်ဆွဲ (Sandawsaim Dawng Swal).png,Myanmar/Body/Myanmar_32_Body.png,.png,2492233,97918438fbd66d9d1378f12e89c55ff85903cd11b7b1bf127b67f77eb1e0a08f,scored,Myanmar/Body_with_Diagram/Myanmar_32_Body_with_Diagram.png,55,50,55,8,59,85,0,62
Myanmar,32,Body_with_Diagram,3 Myanmar/Body_with_Diagram/11.4 ဆံတော်သိမ်းထောင့်ဆွဲ (Sandawsaim Dawng Swal).png,Myanmar/Body_with_Diagram/Myanmar_32_Body_with_Diagram.png,.png,2546131,6b29d855589417d75899a23785c230100a73e8c45448791f9bf8ef69126cefba,scored,Myanmar/Body_with_Diagram/Myanmar_32_Body_with_Diagram.png,55,50,55,8,59,85,0,62
Myanmar,32,Transparent_Diagram,3 Myanmar/Transparent_Diagram/11.4 ဆံတော်သိမ်းထောင့်ဆွဲ (Sandawsaim Dawng Swal).png,Myanmar/Transparent_Diagram/Myanmar_32_Transparent_Diagram.png,.png,54894,d651079f4913da7257e8855c51b65e61309ea175fc4b4063ef5cfe631838ec7a,scored,Myanmar/Body_with_Diagram/Myanmar_32_Body_with_Diagram.png,55,50,55,8,59,85,0,62
Myanmar,33,Body,3 Myanmar/Body/11.5 ဆံတော်သိမ်းထောင့်ဆွဲ (Sandawsaim Dawng Swal).png,Myanmar/Body/Myanmar_33_Body.png,.png,2472516,a709829432fdc0cff00787937adda8a02fca3a0006caa8d95a99c575f0d7a310,scored,Myanmar/Body_with_Diagram/Myanmar_33_Body_with_Diagram.png,59,52,62,8,55,87,0,64
Myanmar,33,Body_with_Diagram,3 Myanmar/Body_with_Diagram/11.5 ဆံတော်သိမ်းထောင့်ဆွဲ (Sandawsaim Dawng Swal).png,Myanmar/Body_with_Diagram/Myanmar_33_Body_with_Diagram.png,.png,2512129,a5cba942ad0f0f13a862ebbeeeb83141401fb5d76679df2095c840c9f09c21c4,scored,Myanmar/Body_with_Diagram/Myanmar_33_Body_with_Diagram.png,59,52,62,8,55,87,0,64
Myanmar,33,Transparent_Diagram,3 Myanmar/Transparent_Diagram/11.5 ဆံတော်သိမ်းထောင့်ဆွဲ (Sandawsaim Dawng Swal).png,Myanmar/Transparent_Diagram/Myanmar_33_Transparent_Diagram.png,.png,51509,03ab657a3a976815fbf1f7ff51dfa5ba46ee2f50fc5b2ef339ec9c942eab0483,scored,Myanmar/Body_with_Diagram/Myanmar_33_Body_with_Diagram.png,59,52,62,8,55,87,0,64
Myanmar,34,Body,3 Myanmar/Body/11.6 ဆံတော်သိမ်းထောင့်ဆွဲ (Sandawsaim Dawng Swal).png,Myanmar/Body/Myanmar_34_Body.png,.png,2462276,6a549cf3c998f4e718dd71c0a22918269a842adc981909e4c54503baa848901a,scored,Myanmar/Body_with_Diagram/Myanmar_34_Body_with_Diagram.png,41,49,70,87,35,45,0,56
Myanmar,34,Body_with_Diagram,3 Myanmar/Body_with_Diagram/11.6 ဆံတော်သိမ်းထောင့်ဆွဲ (Sandawsaim Dawng Swal).png,Myanmar/Body_with_Diagram/Myanmar_34_Body_with_Diagram.png,.png,2496655,9b7765c698c9048f91ffc5262ba079165ccd6a4bf89c84fc040503166d57bced,scored,Myanmar/Body_with_Diagram/Myanmar_34_Body_with_Diagram.png,41,49,70,87,35,45,0,56
Myanmar,34,Transparent_Diagram,3 Myanmar/Transparent_Diagram/11.6 ဆံတော်သိမ်းထောင့်ဆွဲ (Sandawsaim Dawng Swal).png,Myanmar/Transparent_Diagram/Myanmar_34_Transparent_Diagram.png,.png,42531,0aa77d822244505c320e87fd905ea768c31134c8f7b7aedf2b7391f5960b2749,scored,Myanmar/Body_with_Diagram/Myanmar_34_Body_with_Diagram.png,41,49,70,87,35,45,0,56
Myanmar,35,Body,3 Myanmar/Body/11.7 ဆံတော်သိမ်းထောင့်ဆွဲ (Sandawsaim Dawng Swal).png,Myanmar/Body/Myanmar_35_Body.png,.png,2493078,7ec38c0983dc6a49bea6fb67864914083813f1c7ea260860ce062448d567461a,scored,Myanmar/Body_with_Diagram/Myanmar_35_Body_with_Diagram.png,57,49,70,17,48,84,0,62
Myanmar,35,Body_with_Diagram,3 Myanmar/Body_with_Diagram/11.7 ဆံတော်သိမ်းထောင့်ဆွဲ (Sandawsaim Dawng Swal).png,Myanmar/Body_with_Diagram/Myanmar_35_Body_with_Diagram.png,.png,2537873,d95ad2ad07aef374f6f3ee78002b9aec5a529b0afcad5ac697e917b702324d24,scored,Myanmar/Body_with_Diagram/Myanmar_35_Body_with_Diagram.png,57,49,70,17,48,84,0,62
Myanmar,35,Transparent_Diagram,3 Myanmar/Transparent_Diagram/11.7 ဆံတော်သိမ်းထောင့်ဆွဲ (Sandawsaim Dawng Swal).png,Myanmar/Transparent_Diagram/Myanmar_35_Transparent_Diagram.png,.png,53414,10db01525f7a836d8aa97df3dcb3c107298e78f0c99afb2a204b0be4f4473a82,scored,Myanmar/Body_with_Diagram/Myanmar_35_Body_with_Diagram.png,57,49,70,17,48,84,0,62
Myanmar,36,Body,3 Myanmar/Body/11.8 ဆံတော်သိမ်းထောင့်ဆွဲ (Sandawsaim Dawng Swal).png,Myanmar/Body/Myanmar_36_Body.png,.png,2497721,e3d785507d36e272b33363d4de549d00707858d79d8ad13d1015a2a3ce17f351,scored,Myanmar/Body_with_Diagram/Myanmar_36_Body_with_Diagram.png,54,51,54,7,58,84,0,62
Myanmar,36,Body_with_Diagram,3 Myanmar/Body_with_Diagram/11.8 ဆံတော်သိမ်းထောင့်ဆွဲ (Sandawsaim Dawng Swal).png,Myanmar/Body_with_Diagram/Myanmar_36_Body_with_Diagram.png,.png,2533858,9e86ce402e0cbb1979f4cc124316cf1b14f61c15f76c366e0858ea9e2288ed22,scored,Myanmar/Body_with_Diagram/Myanmar_36_Body_with_Diagram.png,54,51,54,7,58,84,0,62
Myanmar,36,Transparent_Diagram,3 Myanmar/Transparent_Diagram/11.8 ဆံတော်သိမ်းထောင့်ဆွဲ (Sandawsaim Dawng Swal).png,Myanmar/Transparent_Diagram/Myanmar_36_Transparent_Diagram.png,.png,45018,23816906e4d92922739ea57cea21153067d402299da6c0e1d77b47bd703c861e,scored,Myanmar/Body_with_Diagram/Myanmar_36_Body_with_Diagram.png,54,51,54,7,58,84,0,62
Myanmar,37,Body,3 Myanmar/Body/12.1 ပန်းဝိုင်းထောင့်ဆွဲ (Pann Wyne Dawng Swal).png,Myanmar/Body/Myanmar_37_Body.png,.png,2474580,5e83f335a7a02c96053c60fda0f6b52565c65dac989a942d56f0bcfe5cfa76c0,scored,Myanmar/Body_with_Diagram/Myanmar_37_Body_with_Diagram.png,68,58,24,5,82,94,0,64
Myanmar,37,Body_with_Diagram,3 Myanmar/Body_with_Diagram/12.1 ပန်းဝိုင်းထောင့်ဆွဲ (Pann Wyne Dawng Swal).png,Myanmar/Body_with_Diagram/Myanmar_37_Body_with_Diagram.png,.png,2536776,4efac8f8be4f5a601b1c52d3ab5db5673044cebbd9502df5d49cc83121af8154,scored,Myanmar/Body_with_Diagram/Myanmar_37_Body_with_Diagram.png,68,58,24,5,82,94,0,64
Myanmar,37,Transparent_Diagram,3 Myanmar/Transparent_Diagram/12.1 ပန်းဝိုင်းထောင့်ဆွဲ (Pann Wyne Dawng Swal).png,Myanmar/Transparent_Diagram/Myanmar_37_Transparent_Diagram.png,.png,61414,bb451f788ed8d7327c37d43af43a7bc17c60b53278a0373eeed033ec73bd977f,scored,Myanmar/Body_with_Diagram/Myanmar_37_Body_with_Diagram.png,68,58,24,5,82,94,0,64
Myanmar,38,Body,3 Myanmar/Body/12.2 ပန်းဝိုင်းထောင့်ဆွဲ (Pann Wyne Dawng Swal).png,Myanmar/Body/Myanmar_38_Body.png,.png,2479446,7c61aedad02b8376c4f9e7f49c1572a643957851dcd492e2f2601879ca3dae77,scored,Myanmar/Body_with_Diagram/Myanmar_38_Body_with_Diagram.png,51,44,30,94,72,40,0,59
Myanmar,38,Body_with_Diagram,3 Myanmar/Body_with_Diagram/12.2 ပန်းဝိုင်းထောင့်ဆွဲ (Pann Wyne Dawng Swal).png,Myanmar/Body_with_Diagram/Myanmar_38_Body_with_Diagram.png,.png,2509474,f1ee2752a152ae0582794db9b3d4ace5da3b6af4fd01e237d991c99ebd6ae954,scored,Myanmar/Body_with_Diagram/Myanmar_38_Body_with_Diagram.png,51,44,30,94,72,40,0,59
Myanmar,38,Transparent_Diagram,3 Myanmar/Transparent_Diagram/12.2 ပန်းဝိုင်းထောင့်ဆွဲ (Pann Wyne Dawng Swal).png,Myanmar/Transparent_Diagram/Myanmar_38_Transparent_Diagram.png,.png,36289,29e4a2f0a1663ec7c3317eebe2a4cd9f141fda26ae811076f8a1b7948c0a4717,scored,Myanmar/Body_with_Diagram/Myanmar_38_Body_with_Diagram.png,51,44,30,94,72,40,0,59
Myanmar,39,Body,3 Myanmar/Body/12.3 ပန်းဝိုင်းထောင့်ဆွဲ (Pann Wyne Dawng Swal).png,Myanmar/Body/Myanmar_39_Body.png,.png,2478295,57f2270c591a9da8d62d34273f043816e16ab4e8f741abd240243b7016af0830,scored,Myanmar/Body_with_Diagram/Myanmar_39_Body_with_Diagram.png,69,60,22,6,84,94,0,65
Myanmar,39,Body_with_Diagram,3 Myanmar/Body_with_Diagram/12.3 ပန်းဝိုင်းထောင့်ဆွဲ (Pann Wyne Dawng Swal).png,Myanmar/Body_with_Diagram/Myanmar_39_Body_with_Diagram.png,.png,2534724,f3325d48a928ecf8c3c1a22b63e80e468a94dfa5edd37bdefca610ed06a41279,scored,Myanmar/Body_with_Diagram/Myanmar_39_Body_with_Diagram.png,69,60,22,6,84,94,0,65
Myanmar,39,Transparent_Diagram,3 Myanmar/Transparent_Diagram/12.3 ပန်းဝိုင်းထောင့်ဆွဲ (Pann Wyne Dawng Swal).png,Myanmar/Transparent_Diagram/Myanmar_39_Transparent_Diagram.png,.png,56542,c6f224e47c8c03211ba4f1c9c6bf5fb995a4400afbac5d69fe83086a5fd15c21,scored,Myanmar/Body_with_Diagram/Myanmar_39_Body_with_Diagram.png,69,60,22,6,84,94,0,65
Myanmar,40,Body,3 Myanmar/Body/12.4 ပန်းဝိုင်းထောင့်ဆွဲ (Pann Wyne Dawng Swal).png,Myanmar/Body/Myanmar_40_Body.png,.png,2489358,3964783856c5abbac5ecb02df107e6f6afc83e8416d493644962ff226fe3be2a,scored,Myanmar/Body_with_Diagram/Myanmar_40_Body_with_Diagram.png,52,43,28,95,74,39,0,59
Myanmar,40,Body_with_Diagram,3 Myanmar/Body_with_Diagram/12.4 ပန်းဝိုင်းထောင့်ဆွဲ (Pann Wyne Dawng Swal).png,Myanmar/Body_with_Diagram/Myanmar_40_Body_with_Diagram.png,.png,2518112,392f5f6a47a96ec2c844d518eb6b7168d1f9d308f7aa62e6a1da2422bf3e4685,scored,Myanmar/Body_with_Diagram/Myanmar_40_Body_with_Diagram.png,52,43,28,95,74,39,0,59
Myanmar,40,Transparent_Diagram,3 Myanmar/Transparent_Diagram/12.4 ပန်းဝိုင်းထောင့်ဆွဲ (Pann Wyne Dawng Swal).png,Myanmar/Transparent_Diagram/Myanmar_40_Transparent_Diagram.png,.png,36981,16d7e7136b2fcb05dc3e028e2465119b1fdfa3425ae929f0bc7138faf4c2dabe,scored,Myanmar/Body_with_Diagram/Myanmar_40_Body_with_Diagram.png,52,43,28,95,74,39,0,59
Myanmar,41,Body,3 Myanmar/Body/14.1 ဇင်ယော်တောင်လည်ပြန် (Jainyaw Taung Lai Pyan).png,Myanmar/Body/Myanmar_41_Body.png,.png,2486756,159d1901818bb857aae3e0c925dc59accbe1de4a2b173f49648488e3ca0c3230,scored,Myanmar/Body_with_Diagram/Myanmar_41_Body_with_Diagram.png,48,62,15,95,81,35,0,57
Myanmar,41,Body_with_Diagram,3 Myanmar/Body_with_Diagram/14.1 ဇင်ယော်တောင်လည်ပြန် (Jainyaw Taung Lai Pyan).png,Myanmar/Body_with_Diagram/Myanmar_41_Body_with_Diagram.png,.png,2523280,b5cb1b7b20feb69829265f981fd55ef23686c17a6c13d6619a0b229080eebd92,scored,Myanmar/Body_with_Diagram/Myanmar_41_Body_with_Diagram.png,48,62,15,95,81,35,0,57
Myanmar,41,Transparent_Diagram,3 Myanmar/Transparent_Diagram/14.1 ဇင်ယော်တောင်လည်ပြန် (Jainyaw Taung Lai Pyan).png,Myanmar/Transparent_Diagram/Myanmar_41_Transparent_Diagram.png,.png,41523,c6ee940c86b460d154cbbb043b65ba3b3a7551c9210dc9e332136dcebfbdd377,scored,Myanmar/Body_with_Diagram/Myanmar_41_Body_with_Diagram.png,48,62,15,95,81,35,0,57
Myanmar,42,Body,3 Myanmar/Body/14.2 ဇင်ယော်တောင်လည်ပြန် (Jainyaw Taung Lai Pyan).png,Myanmar/Body/Myanmar_42_Body.png,.png,2471661,f05f0ec54a26184d5d5fcfa3f41358164d1a112e1162f87cd3e72ad4b5456877,scored,Myanmar/Body_with_Diagram/Myanmar_42_Body_with_Diagram.png,61,60,14,54,82,77,0,62
Myanmar,42,Body_with_Diagram,3 Myanmar/Body_with_Diagram/14.2 ဇင်ယော်တောင်လည်ပြန် (Jainyaw Taung Lai Pyan).png,Myanmar/Body_with_Diagram/Myanmar_42_Body_with_Diagram.png,.png,2534561,f81e239e8ecb0b747e7284fadcb6f27cb87841c4c8571f358a1d548ebee8b4a0,scored,Myanmar/Body_with_Diagram/Myanmar_42_Body_with_Diagram.png,61,60,14,54,82,77,0,62
Myanmar,42,Transparent_Diagram,3 Myanmar/Transparent_Diagram/14.2 ဇင်ယော်တောင်လည်ပြန် (Jainyaw Taung Lai Pyan).png,Myanmar/Transparent_Diagram/Myanmar_42_Transparent_Diagram.png,.png,57471,e31bdaf172d97d5b13f5ea115e2244b3f0210fe0b215cbd0e7e034bfb278b5d8,scored,Myanmar/Body_with_Diagram/Myanmar_42_Body_with_Diagram.png,61,60,14,54,82,77,0,62
Myanmar,43,Body,3 Myanmar/Body/14.3 ဇင်ယော်တောင်လည်ပြန် (Jainyaw Taung Lai Pyan).png,Myanmar/Body/Myanmar_43_Body.png,.png,2480243,50e4b0270e456ee6d471640a8c2724865103ccddf4081ac55a021851b4784911,scored,Myanmar/Body_with_Diagram/Myanmar_43_Body_with_Diagram.png,48,61,15,95,82,35,0,57
Myanmar,43,Body_with_Diagram,3 Myanmar/Body_with_Diagram/14.3 ဇင်ယော်တောင်လည်ပြန် (Jainyaw Taung Lai Pyan).png,Myanmar/Body_with_Diagram/Myanmar_43_Body_with_Diagram.png,.png,2517587,c462d771ab2afe58167630f1cc2585c3e1694d46e057ff8fd569e8c887b75cfd,scored,Myanmar/Body_with_Diagram/Myanmar_43_Body_with_Diagram.png,48,61,15,95,82,35,0,57
Myanmar,43,Transparent_Diagram,3 Myanmar/Transparent_Diagram/14.3 ဇင်ယော်တောင်လည်ပြန် (Jainyaw Taung Lai Pyan).png,Myanmar/Transparent_Diagram/Myanmar_43_Transparent_Diagram.png,.png,43586,af9cac7e28792aef0eeece3b8b9d07a49598f8f0433997d9fa3c2f69ca218512,scored,Myanmar/Body_with_Diagram/Myanmar_43_Body_with_Diagram.png,48,61,15,95,82,35,0,57
Myanmar,44,Body,3 Myanmar/Body/14.4 ဇင်ယော်တောင်လည်ပြန် (Jainyaw Taung Lai Pyan).png,Myanmar/Body/Myanmar_44_Body.png,.png,2479187,363310ff9d9ef1320047d19e82665cab64fceb9c194078774e17e8cdfb20dae4,scored,Myanmar/Body_with_Diagram/Myanmar_44_Body_with_Diagram.png,58,58,18,48,76,74,0,61
Myanmar,44,Body_with_Diagram,3 Myanmar/Body_with_Diagram/14.4 ဇင်ယော်တောင်လည်ပြန် (Jainyaw Taung Lai Pyan).png,Myanmar/Body_with_Diagram/Myanmar_44_Body_with_Diagram.png,.png,2529471,c2452e1b48dc1e97569380baa522bc7f817a662e5c7bdfa1a0dff4f06bdca473,scored,Myanmar/Body_with_Diagram/Myanmar_44_Body_with_Diagram.png,58,58,18,48,76,74,0,61
Myanmar,44,Transparent_Diagram,3 Myanmar/Transparent_Diagram/14.4 ဇင်ယော်တောင်လည်ပြန် (Jainyaw Taung Lai Pyan).png,Myanmar/Transparent_Diagram/Myanmar_44_Transparent_Diagram.png,.png,55439,4eaf9f7ca20e8b13a73d309e73c17f46aafbee907ec82d967c359de303317e04,scored,Myanmar/Body_with_Diagram/Myanmar_44_Body_with_Diagram.png,58,58,18,48,76,74,0,61
Myanmar,45,Body,3 Myanmar/Body/14.5 ဇင်ယော်တောင်လည်ပြန် (Jainyaw Taung Lai Pyan).png,Myanmar/Body/Myanmar_45_Body.png,.png,2495412,2718462604027e0e6cb51f2c3ae4370ae63e615208ca2173288230993d48a5ff,scored,Myanmar/Body_with_Diagram/Myanmar_45_Body_with_Diagram.png,48,61,15,95,82,35,0,57
Myanmar,45,Body_with_Diagram,3 Myanmar/Body_with_Diagram/14.5 ဇင်ယော်တောင်လည်ပြန် (Jainyaw Taung Lai Pyan).png,Myanmar/Body_with_Diagram/Myanmar_45_Body_with_Diagram.png,.png,2530425,7f811e42839b2f2c09082255c6116423fcd5c79d75889c3330971aef03d44ba3,scored,Myanmar/Body_with_Diagram/Myanmar_45_Body_with_Diagram.png,48,61,15,95,82,35,0,57
Myanmar,45,Transparent_Diagram,3 Myanmar/Transparent_Diagram/14.5 ဇင်ယော်တောင်လည်ပြန် (Jainyaw Taung Lai Pyan).png,Myanmar/Transparent_Diagram/Myanmar_45_Transparent_Diagram.png,.png,42447,6c97f4fdf76303a0134611ab7afc609ec37b285672b5d37dc367d66678428fc4,scored,Myanmar/Body_with_Diagram/Myanmar_45_Body_with_Diagram.png,48,61,15,95,82,35,0,57
Myanmar,46,Body,3 Myanmar/Body/15.1 ဆံတော်သိမ်းလက် (Sandawsaim Lak).png,Myanmar/Body/Myanmar_46_Body.png,.png,2486256,84f200fcf46eea2dc73e7e2152685dba6d4c99ed5682e3f7e2d13af136973123,scored,Myanmar/Body_with_Diagram/Myanmar_46_Body_with_Diagram.png,58,52,68,20,49,84,0,62
Myanmar,46,Body_with_Diagram,3 Myanmar/Body_with_Diagram/15.1 ဆံတော်သိမ်းလက် (Sandawsaim Lak).png,Myanmar/Body_with_Diagram/Myanmar_46_Body_with_Diagram.png,.png,2535766,62902d9a8ffb8a8cc8fc3e746031627dbf7ab1c3b89a88ec1dae3cc197cd5c5c,scored,Myanmar/Body_with_Diagram/Myanmar_46_Body_with_Diagram.png,58,52,68,20,49,84,0,62
Myanmar,46,Transparent_Diagram,3 Myanmar/Transparent_Diagram/15.1 ဆံတော်သိမ်းလက် (Sandawsaim Lak).png,Myanmar/Transparent_Diagram/Myanmar_46_Transparent_Diagram.png,.png,53761,5d88bd075ed305b3b01296031cce9b22f2289beb56bd2f68b28651b1b1201c25,scored,Myanmar/Body_with_Diagram/Myanmar_46_Body_with_Diagram.png,58,52,68,20,49,84,0,62
Myanmar,47,Body,3 Myanmar/Body/15.2 ဆံတော်သိမ်းလက် (Sandawsaim Lak).png,Myanmar/Body/Myanmar_47_Body.png,.png,2480302,e87d0c46fc9125ec951d0b5be94a109b1616e6420f33a1dd524eeeaf1b83898c,scored,Myanmar/Body_with_Diagram/Myanmar_47_Body_with_Diagram.png,54,50,52,7,58,84,0,61
Myanmar,47,Body_with_Diagram,3 Myanmar/Body_with_Diagram/15.2 ဆံတော်သိမ်းလက် (Sandawsaim Lak).png,Myanmar/Body_with_Diagram/Myanmar_47_Body_with_Diagram.png,.png,2521966,52557a7ce0ab1036e3319ad316bb5423d68e3267e594e994e21e9c04472d3838,scored,Myanmar/Body_with_Diagram/Myanmar_47_Body_with_Diagram.png,54,50,52,7,58,84,0,61
Myanmar,47,Transparent_Diagram,3 Myanmar/Transparent_Diagram/15.2 ဆံတော်သိမ်းလက် (Sandawsaim Lak).png,Myanmar/Transparent_Diagram/Myanmar_47_Transparent_Diagram.png,.png,44890,6ba08b2bf5e8ce46526b3e41e5cfd61dadafffa9440fe67ba3232d6047daa260,scored,Myanmar/Body_with_Diagram/Myanmar_47_Body_with_Diagram.png,54,50,52,7,58,84,0,61
Myanmar,48,Body,3 Myanmar/Body/15.3 ဆံတော်သိမ်းလက် (Sandawsaim Lak).png,Myanmar/Body/Myanmar_48_Body.png,.png,2493022,311b28d410cb22cbf5f18944e52200a1132c6b30195e3186964766f0745ec277,scored,Myanmar/Body_with_Diagram/Myanmar_48_Body_with_Diagram.png,58,52,71,18,48,85,0,63
Myanmar,48,Body_with_Diagram,3 Myanmar/Body_with_Diagram/15.3 ဆံတော်သိမ်းလက် (Sandawsaim Lak).png,Myanmar/Body_with_Diagram/Myanmar_48_Body_with_Diagram.png,.png,2537990,9478e86b36ddaddf29f23719acca9c07739a81695e516f5e26ad10dcaefe2995,scored,Myanmar/Body_with_Diagram/Myanmar_48_Body_with_Diagram.png,58,52,71,18,48,85,0,63
Myanmar,48,Transparent_Diagram,3 Myanmar/Transparent_Diagram/15.3 ဆံတော်သိမ်းလက် (Sandawsaim Lak).png,Myanmar/Transparent_Diagram/Myanmar_48_Transparent_Diagram.png,.png,54000,2ca1807fec0c50f98c93bb5d718d37a8f053721745911e32ab572297723940a2,scored,Myanmar/Body_with_Diagram/Myanmar_48_Body_with_Diagram.png,58,52,71,18,48,85,0,63
Myanmar,49,Body,3 Myanmar/Body/15.4 ဆံတော်သိမ်းလက် (Sandawsaim Lak).png,Myanmar/Body/Myanmar_49_Body.png,.png,2492501,4dc2b39e0dc70a65feef13024a6b64a89dfb4a7d56cb33965a4fd70710fc586b,scored,Myanmar/Body_with_Diagram/Myanmar_49_Body_with_Diagram.png,55,51,53,7,60,85,0,61
Myanmar,49,Body_with_Diagram,3 Myanmar/Body_with_Diagram/15.4 ဆံတော်သိမ်းလက် (Sandawsaim Lak).png,Myanmar/Body_with_Diagram/Myanmar_49_Body_with_Diagram.png,.png,2546532,27a8848b522811ae5c09e652dfd5eb7c5dc9fb4c58e319e7fd937ff8548560fa,scored,Myanmar/Body_with_Diagram/Myanmar_49_Body_with_Diagram.png,55,51,53,7,60,85,0,61
Myanmar,49,Transparent_Diagram,3 Myanmar/Transparent_Diagram/15.4 ဆံတော်သိမ်းလက် (Sandawsaim Lak).png,Myanmar/Transparent_Diagram/Myanmar_49_Transparent_Diagram.png,.png,54232,280afcabfa259925c9471b2dfb5d22f66d564cf6a7d6112a7526cbeba82f1dfe,scored,Myanmar/Body_with_Diagram/Myanmar_49_Body_with_Diagram.png,55,51,53,7,60,85,0,61
Myanmar,50,Body,3 Myanmar/Body/16.1 စင်္ကြာလှည့် (Hcaat Kyaar Lhany).png,Myanmar/Body/Myanmar_50_Body.png,.png,2456967,41718f128d14ecfe1132e6577fcbdf19255de18b839ff6104032919ecb725f47,scored,Myanmar/Body_with_Diagram/Myanmar_50_Body_with_Diagram.png,59,52,68,16,50,86,0,63
Myanmar,50,Body_with_Diagram,3 Myanmar/Body_with_Diagram/16.1 စင်္ကြာလှည့် (Hcaat Kyaar Lhany).png,Myanmar/Body_with_Diagram/Myanmar_50_Body_with_Diagram.png,.png,2501108,a20d9673aa6a34953162a290e605b9277790a8df226ed0ff4579e158ccd91071,scored,Myanmar/Body_with_Diagram/Myanmar_50_Body_with_Diagram.png,59,52,68,16,50,86,0,63
Myanmar,50,Transparent_Diagram,3 Myanmar/Transparent_Diagram/16.1 စင်္ကြာလှည့် (Hcaat Kyaar Lhany).png,Myanmar/Transparent_Diagram/Myanmar_50_Transparent_Diagram.png,.png,50052,b2cda4312f1d37965314f94ec8b4503550e512fb4ad06eb0de5abe562d41bbf8,scored,Myanmar/Body_with_Diagram/Myanmar_50_Body_with_Diagram.png,59,52,68,16,50,86,0,63
Myanmar,51,Body,3 Myanmar/Body/16.2 စင်္ကြာလှည့် (Hcaat Kyaar Lhany).png,Myanmar/Body/Myanmar_51_Body.png,.png,2447561,8e8dc10f37d919b2bb416118e000b2e2a6a22be025d8ff21f568757d2b21e4a8,scored,Myanmar/Body_with_Diagram/Myanmar_51_Body_with_Diagram.png,41,56,70,89,37,44,0,56
Myanmar,51,Body_with_Diagram,3 Myanmar/Body_with_Diagram/16.2 စင်္ကြာလှည့် (Hcaat Kyaar Lhany).png,Myanmar/Body_with_Diagram/Myanmar_51_Body_with_Diagram.png,.png,2473378,a020121d54e02fb430bffbea48bcecf3609f70ba611aea335f43e8a86b32da88,scored,Myanmar/Body_with_Diagram/Myanmar_51_Body_with_Diagram.png,41,56,70,89,37,44,0,56
Myanmar,51,Transparent_Diagram,3 Myanmar/Transparent_Diagram/16.2 စင်္ကြာလှည့် (Hcaat Kyaar Lhany).png,Myanmar/Transparent_Diagram/Myanmar_51_Transparent_Diagram.png,.png,34060,f094c35c30bebc46a326b23c751c08816a9f919af2adf829ad3141571d6255e5,scored,Myanmar/Body_with_Diagram/Myanmar_51_Body_with_Diagram.png,41,56,70,89,37,44,0,56
Myanmar,52,Body,3 Myanmar/Body/16.3 စင်္ကြာလှည့် (Hcaat Kyaar Lhany).png,Myanmar/Body/Myanmar_52_Body.png,.png,2461790,fe764dc64c3e7dec1e54735587f6076771fecde636a813b088883bb8cddc954e,scored,Myanmar/Body_with_Diagram/Myanmar_52_Body_with_Diagram.png,57,54,67,15,48,84,0,62
Myanmar,52,Body_with_Diagram,3 Myanmar/Body_with_Diagram/16.3 စင်္ကြာလှည့် (Hcaat Kyaar Lhany).png,Myanmar/Body_with_Diagram/Myanmar_52_Body_with_Diagram.png,.png,2472786,8f4c8fe2355351c085124a4a72c0a13d2cc07d09bb8fca907451230396a9d62a,scored,Myanmar/Body_with_Diagram/Myanmar_52_Body_with_Diagram.png,57,54,67,15,48,84,0,62
Myanmar,52,Transparent_Diagram,3 Myanmar/Transparent_Diagram/16.3 စင်္ကြာလှည့် (Hcaat Kyaar Lhany).png,Myanmar/Transparent_Diagram/Myanmar_52_Transparent_Diagram.png,.png,35037,c6bc1ecf7a1c9f9eed25a8727a8414a2aca5dca54fdf3b180dfcda02d77dc771,scored,Myanmar/Body_with_Diagram/Myanmar_52_Body_with_Diagram.png,57,54,67,15,48,84,0,62
Myanmar,53,Body,3 Myanmar/Body/16.4 စင်္ကြာလှည့် (Hcaat Kyaar Lhany).png,Myanmar/Body/Myanmar_53_Body.png,.png,2475254,edba4adb0143676d4a5cf819c4d1547277cdee845fe668996903f4a710e95ad1,scored,Myanmar/Body_with_Diagram/Myanmar_53_Body_with_Diagram.png,42,55,72,80,38,48,0,56
Myanmar,53,Body_with_Diagram,3 Myanmar/Body_with_Diagram/16.4 စင်္ကြာလှည့် (Hcaat Kyaar Lhany).png,Myanmar/Body_with_Diagram/Myanmar_53_Body_with_Diagram.png,.png,2495697,9a0b58910ab1bf35688e71983d329254eccfbe5b8c6b59b6b07e0dc4dcda9ffe,scored,Myanmar/Body_with_Diagram/Myanmar_53_Body_with_Diagram.png,42,55,72,80,38,48,0,56
Myanmar,53,Transparent_Diagram,3 Myanmar/Transparent_Diagram/16.4 စင်္ကြာလှည့် (Hcaat Kyaar Lhany).png,Myanmar/Transparent_Diagram/Myanmar_53_Transparent_Diagram.png,.png,33857,7ce22f4bc65d1245d582a70f9d98007c4d3f1072cbba9b300f189838d2fe22cd,scored,Myanmar/Body_with_Diagram/Myanmar_53_Body_with_Diagram.png,42,55,72,80,38,48,0,56
Myanmar,54,Body,3 Myanmar/Body/17.1 ဇင်ယော်ပျံလည်ဆွဲ (Jainyaw Pyan Lai Swal).png,Myanmar/Body/Myanmar_54_Body.png,.png,2457596,d66978d8aeff4a1bda1788873ef6455f5ddf91442ab22703b9304d8a116c5b95,scored,Myanmar/Body_with_Diagram/Myanmar_54_Body_with_Diagram.png,58,50,64,91,64,46,0,60
Myanmar,54,Body_with_Diagram,3 Myanmar/Body_with_Diagram/17.1 ဇင်ယော်ပျံလည်ဆွဲ (Jainyaw Pyan Lai Swal).png,Myanmar/Body_with_Diagram/Myanmar_54_Body_with_Diagram.png,.png,2484324,8d336f61c6b98551d68f6198b7027de3895b65763da944f2b74caf9133bee8ab,scored,Myanmar/Body_with_Diagram/Myanmar_54_Body_with_Diagram.png,58,50,64,91,64,46,0,60
Myanmar,54,Transparent_Diagram,3 Myanmar/Transparent_Diagram/17.1 ဇင်ယော်ပျံလည်ဆွဲ (Jainyaw Pyan Lai Swal).png,Myanmar/Transparent_Diagram/Myanmar_54_Transparent_Diagram.png,.png,37797,49f643af2d8a788ae75a9c3054c8ed6fae86d394314f0171f06241eaca904e6b,scored,Myanmar/Body_with_Diagram/Myanmar_54_Body_with_Diagram.png,58,50,64,91,64,46,0,60
Myanmar,55,Body,3 Myanmar/Body/17.2 ဇင်ယော်ပျံလည်ဆွဲ (Jainyaw Pyan Lai Swal).png,Myanmar/Body/Myanmar_55_Body.png,.png,2440395,58f30c394cd3063da8fae224314461959031700582f07f4fdb43af37e7e3b2b8,scored,Myanmar/Body_with_Diagram/Myanmar_55_Body_with_Diagram.png,65,57,20,17,82,89,0,63
Myanmar,55,Body_with_Diagram,3 Myanmar/Body_with_Diagram/17.2 ဇင်ယော်ပျံလည်ဆွဲ (Jainyaw Pyan Lai Swal).png,Myanmar/Body_with_Diagram/Myanmar_55_Body_with_Diagram.png,.png,2485234,51fe0043c4caaa1552ab597b2e704bea77175fa51c8104d920bbdc1098dc93be,scored,Myanmar/Body_with_Diagram/Myanmar_55_Body_with_Diagram.png,65,57,20,17,82,89,0,63
Myanmar,55,Transparent_Diagram,3 Myanmar/Transparent_Diagram/17.2 ဇင်ယော်ပျံလည်ဆွဲ (Jainyaw Pyan Lai Swal).png,Myanmar/Transparent_Diagram/Myanmar_55_Transparent_Diagram.png,.png,56138,efeab5e9b32cf8ef1c88470ab56ef7fea62a2c65a750635fa9e49fa639bb94d5,scored,Myanmar/Body_with_Diagram/Myanmar_55_Body_with_Diagram.png,65,57,20,17,82,89,0,63
Myanmar,56,Body,3 Myanmar/Body/17.3 ဇင်ယော်ပျံလည်ဆွဲ (Jainyaw Pyan Lai Swal).png,Myanmar/Body/Myanmar_56_Body.png,.png,2461660,644a5eb95ed938c580ddcc334244cd651894a6d4df07c52ec6dbdebb68742273,scored,Myanmar/Body_with_Diagram/Myanmar_56_Body_with_Diagram.png,68,55,20,8,80,92,0,64
Myanmar,56,Body_with_Diagram,3 Myanmar/Body_with_Diagram/17.3 ဇင်ယော်ပျံလည်ဆွဲ (Jainyaw Pyan Lai Swal).png,Myanmar/Body_with_Diagram/Myanmar_56_Body_with_Diagram.png,.png,2518059,81ab5766269b4d048c726bb645f5f6c06209d2354c6d4029562f29becfa197a4,scored,Myanmar/Body_with_Diagram/Myanmar_56_Body_with_Diagram.png,68,55,20,8,80,92,0,64
Myanmar,56,Transparent_Diagram,3 Myanmar/Transparent_Diagram/17.3 ဇင်ယော်ပျံလည်ဆွဲ (Jainyaw Pyan Lai Swal).png,Myanmar/Transparent_Diagram/Myanmar_56_Transparent_Diagram.png,.png,53094,c6c24da355eea1f695e6de4d181ce29a2a575bd3dddcb94dbea9f41be0f77130,scored,Myanmar/Body_with_Diagram/Myanmar_56_Body_with_Diagram.png,68,55,20,8,80,92,0,64
Myanmar,57,Body,3 Myanmar/Body/17.4 ဇင်ယော်ပျံလည်ဆွဲ (Jainyaw Pyan Lai Swal).png,Myanmar/Body/Myanmar_57_Body.png,.png,2466267,270f2e22d6d7bce13b583683b8dfcb82ebb749317d2ad696d1ae70dffc04c314,scored,Myanmar/Body_with_Diagram/Myanmar_57_Body_with_Diagram.png,62,45,30,10,67,88,0,62
Myanmar,57,Body_with_Diagram,3 Myanmar/Body_with_Diagram/17.4 ဇင်ယော်ပျံလည်ဆွဲ (Jainyaw Pyan Lai Swal).png,Myanmar/Body_with_Diagram/Myanmar_57_Body_with_Diagram.png,.png,2499090,97120ff389e912eedcd8fec9ee12b0b4f52302aaabd0c492e7b2ed022ea0c057,scored,Myanmar/Body_with_Diagram/Myanmar_57_Body_with_Diagram.png,62,45,30,10,67,88,0,62
Myanmar,57,Transparent_Diagram,3 Myanmar/Transparent_Diagram/17.4 ဇင်ယော်ပျံလည်ဆွဲ (Jainyaw Pyan Lai Swal).png,Myanmar/Transparent_Diagram/Myanmar_57_Transparent_Diagram.png,.png,41353,b605a87b3b4e615f3a6b58e99424d49f3e9df9c97bf03fab936ba3667a6c952f,scored,Myanmar/Body_with_Diagram/Myanmar_57_Body_with_Diagram.png,62,45,30,10,67,88,0,62
Myanmar,58,Body,3 Myanmar/Body/17.5 ဇင်ယော်ပျံလည်ဆွဲ (Jainyaw Pyan Lai Swal).png,Myanmar/Body/Myanmar_58_Body.png,.png,2444463,33b8b0ff6cee7bf2fd6bcce07fa9613ffd46955880e976c55d9197ebd5c8fc61,scored,Myanmar/Body_with_Diagram/Myanmar_58_Body_with_Diagram.png,59,48,62,92,65,45,0,60
Myanmar,58,Body_with_Diagram,3 Myanmar/Body_with_Diagram/17.5 ဇင်ယော်ပျံလည်ဆွဲ (Jainyaw Pyan Lai Swal).png,Myanmar/Body_with_Diagram/Myanmar_58_Body_with_Diagram.png,.png,2475638,0a01746411db62e0ae73aa4c33fde306151a7aea8db29671efaaf52060cc5ad2,scored,Myanmar/Body_with_Diagram/Myanmar_58_Body_with_Diagram.png,59,48,62,92,65,45,0,60
Myanmar,58,Transparent_Diagram,3 Myanmar/Transparent_Diagram/17.5 ဇင်ယော်ပျံလည်ဆွဲ (Jainyaw Pyan Lai Swal).png,Myanmar/Transparent_Diagram/Myanmar_58_Transparent_Diagram.png,.png,37711,5684a4dd247a971f92508d2bd00506346e938c29dd22185640a0de6bf0736e23,scored,Myanmar/Body_with_Diagram/Myanmar_58_Body_with_Diagram.png,59,48,62,92,65,45,0,60
Myanmar,59,Body,3 Myanmar/Body/17.6 ဇင်ယော်ပျံလည်ဆွဲ (Jainyaw Pyan Lai Swal).png,Myanmar/Body/Myanmar_59_Body.png,.png,2435394,282742135fe17dc8ae699aeb82b37053797c787ebb4af212b80c557b8d58844e,scored,Myanmar/Body_with_Diagram/Myanmar_59_Body_with_Diagram.png,64,58,20,23,79,88,0,63
Myanmar,59,Body_with_Diagram,3 Myanmar/Body_with_Diagram/17.6 ဇင်ယော်ပျံလည်ဆွဲ (Jainyaw Pyan Lai Swal).png,Myanmar/Body_with_Diagram/Myanmar_59_Body_with_Diagram.png,.png,2481597,6c30d5992a7314c0d3df9420eb4854068bfab22fea8bfc80033226ac6cbff8ec,scored,Myanmar/Body_with_Diagram/Myanmar_59_Body_with_Diagram.png,64,58,20,23,79,88,0,63
Myanmar,59,Transparent_Diagram,3 Myanmar/Transparent_Diagram/17.6 ဇင်ယော်ပျံလည်ဆွဲ (Jainyaw Pyan Lai Swal).png,Myanmar/Transparent_Diagram/Myanmar_59_Transparent_Diagram.png,.png,52194,c41a7b8e54dbfbda5f271c4b6fd3190a473a42307a140d4f72466acce768d6b5,scored,Myanmar/Body_with_Diagram/Myanmar_59_Body_with_Diagram.png,64,58,20,23,79,88,0,63
Myanmar,60,Body,3 Myanmar/Body/17.7 ဇင်ယော်ပျံလည်ဆွဲ (Jainyaw Pyan Lai Swal).png,Myanmar/Body/Myanmar_60_Body.png,.png,2470667,94aa67a1fe58e7032bcf675c0c07c46968eaf1978896bb89542af8aa120c2a4a,scored,Myanmar/Body_with_Diagram/Myanmar_60_Body_with_Diagram.png,60,55,35,10,64,85,0,61
Myanmar,60,Body_with_Diagram,3 Myanmar/Body_with_Diagram/17.7 ဇင်ယော်ပျံလည်ဆွဲ (Jainyaw Pyan Lai Swal).png,Myanmar/Body_with_Diagram/Myanmar_60_Body_with_Diagram.png,.png,2509914,accae67b2424180c617ca470444032363101e95b90501f59b5a59773adf1a342,scored,Myanmar/Body_with_Diagram/Myanmar_60_Body_with_Diagram.png,60,55,35,10,64,85,0,61
Myanmar,60,Transparent_Diagram,3 Myanmar/Transparent_Diagram/17.7 ဇင်ယော်ပျံလည်ဆွဲ (Jainyaw Pyan Lai Swal).png,Myanmar/Transparent_Diagram/Myanmar_60_Transparent_Diagram.png,.png,42823,b8e71989abe40c0c7a57756fb7e0d27a31b47d8ba1cf114e8f69498413cfc98e,scored,Myanmar/Body_with_Diagram/Myanmar_60_Body_with_Diagram.png,60,55,35,10,64,85,0,61
Myanmar,61,Body,3 Myanmar/Body/17.8 ဇင်ယော်ပျံလည်ဆွဲ (Jainyaw Pyan Lai Swal).png,Myanmar/Body/Myanmar_61_Body.png,.png,2477242,9bc30bb1ee916615d3c16f2ab50b56c79e5370ef144189560c55ca2c4bd1e48c,scored,Myanmar/Body_with_Diagram/Myanmar_61_Body_with_Diagram.png,58,53,58,10,52,83,0,61
Myanmar,61,Body_with_Diagram,3 Myanmar/Body_with_Diagram/17.8 ဇင်ယော်ပျံလည်ဆွဲ (Jainyaw Pyan Lai Swal).png,Myanmar/Body_with_Diagram/Myanmar_61_Body_with_Diagram.png,.png,2517088,f895e57a6799450c4558859b00b59f8e6a387bcb9656b35fc01cea0d02367633,scored,Myanmar/Body_with_Diagram/Myanmar_61_Body_with_Diagram.png,58,53,58,10,52,83,0,61
Myanmar,61,Transparent_Diagram,3 Myanmar/Transparent_Diagram/17.8 ဇင်ယော်ပျံလည်ဆွဲ (Jainyaw Pyan Lai Swal).png,Myanmar/Transparent_Diagram/Myanmar_61_Transparent_Diagram.png,.png,47277,85c7ee2f490c1514629a40cb499aeab536910cbf0add5f0f7c9652f5e4947054,scored,Myanmar/Body_with_Diagram/Myanmar_61_Body_with_Diagram.png,58,53,58,10,52,83,0,61
Myanmar,62,Body,3 Myanmar/Body/17.9 ဇင်ယော်ပျံလည်ဆွဲ (Jainyaw Pyan Lai Swal).png,Myanmar/Body/Myanmar_62_Body.png,.png,2376505,760728d0355dba44a80b74dff20b109001e1ca1071f440c780e58670d31bb5c4,scored,Myanmar/Body_with_Diagram/Myanmar_62_Body_with_Diagram.png,46,50,52,90,54,38,0,56
Myanmar,62,Body_with_Diagram,3 Myanmar/Body_with_Diagram/17.9 ဇင်ယော်ပျံလည်ဆွဲ (Jainyaw Pyan Lai Swal).png,Myanmar/Body_with_Diagram/Myanmar_62_Body_with_Diagram.png,.png,2395121,7b742506584ce98e80669aec67ba9f6c05b8d72b0dea6a29b92510d9d2d240a4,scored,Myanmar/Body_with_Diagram/Myanmar_62_Body_with_Diagram.png,46,50,52,90,54,38,0,56
Myanmar,62,Transparent_Diagram,3 Myanmar/Transparent_Diagram/17.9 ဇင်ယော်ပျံလည်ဆွဲ (Jainyaw Pyan Lai Swal).png,Myanmar/Transparent_Diagram/Myanmar_62_Transparent_Diagram.png,.png,26931,ca463359cf50ab5a01fffc768f2df5bfbfc58aca107a38d2e1b73fb4a526fbeb,scored,Myanmar/Body_with_Diagram/Myanmar_62_Body_with_Diagram.png,46,50,52,90,54,38,0,56
Myanmar,63,Body,3 Myanmar/Body/17.10 ဇင်ယော်ပျံလည်ဆွဲ (Jainyaw Pyan Lai Swal).png,Myanmar/Body/Myanmar_63_Body.png,.png,2476300,ee923481f6d3d8eb25975a7c3d2fcce2b10e175b9760066471825da10030465c,scored,Myanmar/Body_with_Diagram/Myanmar_63_Body_with_Diagram.png,67,57,42,6,76,92,0,64
Myanmar,63,Body_with_Diagram,3 Myanmar/Body_with_Diagram/17.10 ဇင်ယော်ပျံလည်ဆွဲ (Jainyaw Pyan Lai Swal).png,Myanmar/Body_with_Diagram/Myanmar_63_Body_with_Diagram.png,.png,2534445,56a2d6e94a2294def00a39004d29645b0eb0f1254a69c45ada26d7d582a9ba51,scored,Myanmar/Body_with_Diagram/Myanmar_63_Body_with_Diagram.png,67,57,42,6,76,92,0,64
Myanmar,63,Transparent_Diagram,3 Myanmar/Transparent_Diagram/17.10 ဇင်ယော်ပျံလည်ဆွဲ (Jainyaw Pyan Lai Swal).png,Myanmar/Transparent_Diagram/Myanmar_63_Transparent_Diagram.png,.png,58502,c9066d1fc231536bcb9a45266cdbc5e003b608dea341c630f970e15ad862ba6e,scored,Myanmar/Body_with_Diagram/Myanmar_63_Body_with_Diagram.png,67,57,42,6,76,92,0,64
Philippines,01,Body,2 Philippines/Body/Philippins_Grayscale-01.png,Philippines/Body/Philippines_01_Body.png,.png,3449661,fb748dd84305c50c9eb10c50110171b230e82414f833c098cefa5bd5141e2964,scored,Philippines/Body_with_Diagram/Philippines_01_Body_with_Diagram.png,64,72,18,18,83,86,0,58
Philippines,01,Body_with_Diagram,2 Philippines/Body_with_Diagram/Philippins_Diagram-01.png,Philippines/Body_with_Diagram/Philippines_01_Body_with_Diagram.png,.png,3572403,28140d178e21cb4a638a3e4f374e35d89bbae07211cee6c78148434afd495a66,scored,Philippines/Body_with_Diagram/Philippines_01_Body_with_Diagram.png,64,72,18,18,83,86,0,58
Philippines,01,Transparent_Diagram,2 Philippines/Transparent_Diagram/Philippins_Diagram_Transparent-01.png,Philippines/Transparent_Diagram/Philippines_01_Transparent_Diagram.png,.png,98101,b4d5229d3105d4bc52ed0b3a0b56e1eed3a6826b647f87e8f63b0a770b887072,scored,Philippines/Body_with_Diagram/Philippines_01_Body_with_Diagram.png,64,72,18,18,83,86,0,58
Philippines,02,Body,2 Philippines/Body/Philippins_Grayscale-02.png,Philippines/Body/Philippines_02_Body.png,.png,3161304,52e85d0b67343c9039c6b11b8aeac336a05e8cd9efec016791cac8a3ed89c71c,scored,Philippines/Body_with_Diagram/Philippines_02_Body_with_Diagram.png,76,96,12,35,97,84,8,63
Philippines,02,Body_with_Diagram,2 Philippines/Body_with_Diagram/Philippins_Diagram-02.png,Philippines/Body_with_Diagram/Philippines_02_Body_with_Diagram.png,.png,3367593,9e1437638e64f2f88e70d6ee7389e0127a5d2ff6876e90de5abfc200d618bec8,scored,Philippines/Body_with_Diagram/Philippines_02_Body_with_Diagram.png,76,96,12,35,97,84,8,63
Philippines,02,Transparent_Diagram,2 Philippines/Transparent_Diagram/Philippins_Diagram_Transparent-02.png,Philippines/Transparent_Diagram/Philippines_02_Transparent_Diagram.png,.png,156904,38485f5e9a0ce3500315401bda28c577d95098a07f06b5d521f90eccd46896a0,scored,Philippines/Body_with_Diagram/Philippines_02_Body_with_Diagram.png,76,96,12,35,97,84,8,63
Philippines,03,Body,2 Philippines/Body/Philippins_Grayscale-03.png,Philippines/Body/Philippines_03_Body.png,.png,3546880,cb604a9607c0187f2aa0e6f168abd78475f4849ac82645d9793fdf29390e2c63,scored,Philippines/Body_with_Diagram/Philippines_03_Body_with_Diagram.png,78,94,12,38,95,83,21,65
Philippines,03,Body_with_Diagram,2 Philippines/Body_with_Diagram/Philippins_Diagram-03.png,Philippines/Body_with_Diagram/Philippines_03_Body_with_Diagram.png,.png,3685550,f0b211892a20dae49642926cabdb1f960baedf93012d822444417c42d263683e,scored,Philippines/Body_with_Diagram/Philippines_03_Body_with_Diagram.png,78,94,12,38,95,83,21,65
Philippines,03,Transparent_Diagram,2 Philippines/Transparent_Diagram/Philippins_Diagram_Transparent-03.png,Philippines/Transparent_Diagram/Philippines_03_Transparent_Diagram.png,.png,117005,32bf5b53a9e1f6a059a1a9fff5f7841113c2a5aca1c660bab6f754153234703f,scored,Philippines/Body_with_Diagram/Philippines_03_Body_with_Diagram.png,78,94,12,38,95,83,21,65
Philippines,04,Body,2 Philippines/Body/Philippins_Grayscale-04.png,Philippines/Body/Philippines_04_Body.png,.png,3265619,e4d78603561de648b44946b4ab3756e0a9c60880f24f1381961d31e5be5118a1,scored,Philippines/Body_with_Diagram/Philippines_04_Body_with_Diagram.png,74,88,20,22,75,88,45,62
Philippines,04,Body_with_Diagram,2 Philippines/Body_with_Diagram/Philippins_Diagram-04.png,Philippines/Body_with_Diagram/Philippines_04_Body_with_Diagram.png,.png,3430970,a700a33f23dbfba0dcd0350df9cf87133d4c58194288a48433a135ee01745d27,scored,Philippines/Body_with_Diagram/Philippines_04_Body_with_Diagram.png,74,88,20,22,75,88,45,62
Philippines,04,Transparent_Diagram,2 Philippines/Transparent_Diagram/Philippins_Diagram_Transparent-04.png,Philippines/Transparent_Diagram/Philippines_04_Transparent_Diagram.png,.png,137933,a8f02163694d09b0edfd1e29a3ae56410af9b3f4555989476d312156a1f00bc7,scored,Philippines/Body_with_Diagram/Philippines_04_Body_with_Diagram.png,74,88,20,22,75,88,45,62
Philippines,05,Body,2 Philippines/Body/Philippins_Grayscale-05.png,Philippines/Body/Philippines_05_Body.png,.png,3173038,9b5f6fc7f5edbb9adffbd769b4a1f539b01914cd9e25d7665c41a24723979a16,scored,Philippines/Body_with_Diagram/Philippines_05_Body_with_Diagram.png,54,68,45,14,60,80,5,56
Philippines,05,Body_with_Diagram,2 Philippines/Body_with_Diagram/Philippins_Diagram-05.png,Philippines/Body_with_Diagram/Philippines_05_Body_with_Diagram.png,.png,3314461,f8afa288ce2e1ac45ba23fff65637bcbcd5781999b0ec740266b4c2bda86a9fc,scored,Philippines/Body_with_Diagram/Philippines_05_Body_with_Diagram.png,54,68,45,14,60,80,5,56
Philippines,05,Transparent_Diagram,2 Philippines/Transparent_Diagram/Philippins_Diagram_Transparent-05.png,Philippines/Transparent_Diagram/Philippines_05_Transparent_Diagram.png,.png,113947,7cef4f3a09e28c42a719660ce843ad8f0e595c8aeff241d5322246222768ea5f,scored,Philippines/Body_with_Diagram/Philippines_05_Body_with_Diagram.png,54,68,45,14,60,80,5,56
Philippines,06,Body,2 Philippines/Body/Philippins_Grayscale-06.png,Philippines/Body/Philippines_06_Body.png,.png,3466588,e7741babdeca8340b5ab62c4a6694e9a1193e4ce53ffd23e17f3e21584a4d5cd,scored,Philippines/Body_with_Diagram/Philippines_06_Body_with_Diagram.png,61,58,10,97,96,30,9,35
Philippines,06,Body_with_Diagram,2 Philippines/Body_with_Diagram/Philippins_Diagram-06.png,Philippines/Body_with_Diagram/Philippines_06_Body_with_Diagram.png,.png,3562119,7628e9cfcae48925ae333b3834f1cea63bb2283791d154b606ac8b06edf24c48,scored,Philippines/Body_with_Diagram/Philippines_06_Body_with_Diagram.png,61,58,10,97,96,30,9,35
Philippines,06,Transparent_Diagram,2 Philippines/Transparent_Diagram/Philippins_Diagram_Transparent-06.png,Philippines/Transparent_Diagram/Philippines_06_Transparent_Diagram.png,.png,102068,7f125551f882831d6525209c54e46c9dbd7b5d3330964a5bb19794a789eedf18,scored,Philippines/Body_with_Diagram/Philippines_06_Body_with_Diagram.png,61,58,10,97,96,30,9,35
Philippines,07,Body,2 Philippines/Body/Philippins_Grayscale-07.png,Philippines/Body/Philippines_07_Body.png,.png,3144707,475ea560afa3db5b2d40b539136056532bd1d88e3a1f7f3d48f55c361227e9c2,scored,Philippines/Body_with_Diagram/Philippines_07_Body_with_Diagram.png,59,84,20,15,63,86,0,57
Philippines,07,Body_with_Diagram,2 Philippines/Body_with_Diagram/Philippins_Diagram-07.png,Philippines/Body_with_Diagram/Philippines_07_Body_with_Diagram.png,.png,3263899,0c4de2580ca18bf23b23b9f768d815702cdbd4d1540019d23bb3b0c3c980d239,scored,Philippines/Body_with_Diagram/Philippines_07_Body_with_Diagram.png,59,84,20,15,63,86,0,57
Philippines,07,Transparent_Diagram,2 Philippines/Transparent_Diagram/Philippins_Diagram_Transparent-07.png,Philippines/Transparent_Diagram/Philippines_07_Transparent_Diagram.png,.png,115569,2c8af534a19eb659084ca8db623c07bc713f133006e49d4d67f57d99785482f3,scored,Philippines/Body_with_Diagram/Philippines_07_Body_with_Diagram.png,59,84,20,15,63,86,0,57
Philippines,08,Body,2 Philippines/Body/Philippins_Grayscale-08.png,Philippines/Body/Philippines_08_Body.png,.png,3424188,03ba550a9697449d58afe7aeb77ca4a1ca4d783f8af720d10e4b5e1a7ca84b75,scored,Philippines/Body_with_Diagram/Philippines_08_Body_with_Diagram.png,66,76,18,15,77,86,15,59
Philippines,08,Body_with_Diagram,2 Philippines/Body_with_Diagram/Philippins_Diagram-08.png,Philippines/Body_with_Diagram/Philippines_08_Body_with_Diagram.png,.png,3561378,64e55708894ec6074fc9892f5fba76c6870ba07f4656aa2525a7b52cf1a157ca,scored,Philippines/Body_with_Diagram/Philippines_08_Body_with_Diagram.png,66,76,18,15,77,86,15,59
Philippines,08,Transparent_Diagram,2 Philippines/Transparent_Diagram/Philippins_Diagram_Transparent-08.png,Philippines/Transparent_Diagram/Philippines_08_Transparent_Diagram.png,.png,132288,701f3c2d733b16962a374e3e6185f2f49664da0db66af8e07e25c6bc18aaa65e,scored,Philippines/Body_with_Diagram/Philippines_08_Body_with_Diagram.png,66,76,18,15,77,86,15,59
Philippines,09,Body,2 Philippines/Body/Philippins_Grayscale-09.png,Philippines/Body/Philippines_09_Body.png,.png,3567102,e60af02f0db9edba567f1f5c29acd1e1bde0b533ceafa5153995f26b5a0e0d11,scored,Philippines/Body_with_Diagram/Philippines_09_Body_with_Diagram.png,65,80,42,16,76,86,0,60
Philippines,09,Body_with_Diagram,2 Philippines/Body_with_Diagram/Philippins_Diagram-09.png,Philippines/Body_with_Diagram/Philippines_09_Body_with_Diagram.png,.png,3650234,dd9f74db357c8d67f7131ef29a34d5f04354952b87f7bd53126ac4d8a347cd8f,scored,Philippines/Body_with_Diagram/Philippines_09_Body_with_Diagram.png,65,80,42,16,76,86,0,60
Philippines,09,Transparent_Diagram,2 Philippines/Transparent_Diagram/Philippins_Diagram_Transparent-09.png,Philippines/Transparent_Diagram/Philippines_09_Transparent_Diagram.png,.png,121528,9cecbc9f0926c6e606b483862b62fb2e8c7dd249f84484ee09b0151e1f82fa81,scored,Philippines/Body_with_Diagram/Philippines_09_Body_with_Diagram.png,65,80,42,16,76,86,0,60
Philippines,10,Body,2 Philippines/Body/Philippins_Grayscale-10.png,Philippines/Body/Philippines_10_Body.png,.png,3420445,f1396cb564196b0dfc50dd190403aee92ced7824a32bebc2192bd637c8ffe20b,scored,Philippines/Body_with_Diagram/Philippines_10_Body_with_Diagram.png,60,32,12,95,88,36,12,55
Philippines,10,Body_with_Diagram,2 Philippines/Body_with_Diagram/Philippins_Diagram-10.png,Philippines/Body_with_Diagram/Philippines_10_Body_with_Diagram.png,.png,3502759,0ce67600f23d5b91428c049d9ee2d983eda2bcfb3d83396f11dc67360f753545,scored,Philippines/Body_with_Diagram/Philippines_10_Body_with_Diagram.png,60,32,12,95,88,36,12,55
Philippines,10,Transparent_Diagram,2 Philippines/Transparent_Diagram/Philippins_Diagram_Transparent-10.png,Philippines/Transparent_Diagram/Philippines_10_Transparent_Diagram.png,.png,89695,bf71417100a4f5c4bd3469defab9175b4865ccca4bd6590b8beaa0924a8b8b1f,scored,Philippines/Body_with_Diagram/Philippines_10_Body_with_Diagram.png,60,32,12,95,88,36,12,55
Philippines,11,Body,2 Philippines/Body/Philippins_Grayscale-11.png,Philippines/Body/Philippines_11_Body.png,.png,3408794,d5e8dbf48cf842663b7bedf7e2ffc2345122a67484b015be4c80c796c2828fb8,scored,Philippines/Body_with_Diagram/Philippines_11_Body_with_Diagram.png,58,55,18,12,68,84,0,56
Philippines,11,Body_with_Diagram,2 Philippines/Body_with_Diagram/Philippins_Diagram-11.png,Philippines/Body_with_Diagram/Philippines_11_Body_with_Diagram.png,.png,3501738,7a7371134e8dd4efd99d1d77a6eae5eaa18362e8ec6a651ae19bf09717d2e95e,scored,Philippines/Body_with_Diagram/Philippines_11_Body_with_Diagram.png,58,55,18,12,68,84,0,56
Philippines,11,Transparent_Diagram,2 Philippines/Transparent_Diagram/Philippins_Diagram_Transparent-11.png,Philippines/Transparent_Diagram/Philippines_11_Transparent_Diagram.png,.png,109764,99003a917eea678d00af1f69e31edc76dd2977f65bd3ba034a3c2b9587a9a428,scored,Philippines/Body_with_Diagram/Philippines_11_Body_with_Diagram.png,58,55,18,12,68,84,0,56
Philippines,12,Body,2 Philippines/Body/Philippins_Grayscale-12.png,Philippines/Body/Philippines_12_Body.png,.png,3273717,de9518a5149422d4fd0bb04c1fbcd6f3368dd652c77568d67e00b6face2525b1,scored,Philippines/Body_with_Diagram/Philippines_12_Body_with_Diagram.png,62,46,15,12,70,85,8,58
Philippines,12,Body_with_Diagram,2 Philippines/Body_with_Diagram/Philippins_Diagram-12.png,Philippines/Body_with_Diagram/Philippines_12_Body_with_Diagram.png,.png,3358402,76f2d8fa5a6b317d377f479483755c7b07ffeaeb407768d0c9f208921120df3e,scored,Philippines/Body_with_Diagram/Philippines_12_Body_with_Diagram.png,62,46,15,12,70,85,8,58
Philippines,12,Transparent_Diagram,2 Philippines/Transparent_Diagram/Philippins_Diagram_Transparent-12.png,Philippines/Transparent_Diagram/Philippines_12_Transparent_Diagram.png,.png,98932,3decef50372a8cfb38978a8d86a81fa83717a2320e374ea8f5f2ea6e5bf6abb8,scored,Philippines/Body_with_Diagram/Philippines_12_Body_with_Diagram.png,62,46,15,12,70,85,8,58
Philippines,13,Body,2 Philippines/Body/Philippins_Grayscale-13.png,Philippines/Body/Philippines_13_Body.png,.png,2970832,e0847684d00d9e93e4a5205a1c6f1bf8b586be423d7737279009a611c9d61937,scored,Philippines/Body_with_Diagram/Philippines_13_Body_with_Diagram.png,48,88,12,92,69,32,0,30
Philippines,13,Body_with_Diagram,2 Philippines/Body_with_Diagram/Philippins_Diagram-13.png,Philippines/Body_with_Diagram/Philippines_13_Body_with_Diagram.png,.png,3137998,8a075c79eef0f3c57138c35d65dd6de80400ec44559df574899b56ac224cbf4f,scored,Philippines/Body_with_Diagram/Philippines_13_Body_with_Diagram.png,48,88,12,92,69,32,0,30
Philippines,13,Transparent_Diagram,2 Philippines/Transparent_Diagram/Philippins_Diagram_Transparent-13.png,Philippines/Transparent_Diagram/Philippines_13_Transparent_Diagram.png,.png,167604,6d4da6e1bf077339f83672de7d39fea313491502fabdfc58363813271bcd6bd3,scored,Philippines/Body_with_Diagram/Philippines_13_Body_with_Diagram.png,48,88,12,92,69,32,0,30
Philippines,14,Body,2 Philippines/Body/Philippins_Grayscale-14.png,Philippines/Body/Philippines_14_Body.png,.png,3552921,4e71bdefba6bdaa0194b54c1d78267e4d05131a55346a24a40e30abbfed0e015,scored,Philippines/Body_with_Diagram/Philippines_14_Body_with_Diagram.png,52,43,18,58,58,60,0,54
Philippines,14,Body_with_Diagram,2 Philippines/Body_with_Diagram/Philippins_Diagram-14.png,Philippines/Body_with_Diagram/Philippines_14_Body_with_Diagram.png,.png,3630028,278225bb4f84a0d67b77689fc641b23de405146424c3f1343c0c11fe60cef183,scored,Philippines/Body_with_Diagram/Philippines_14_Body_with_Diagram.png,52,43,18,58,58,60,0,54
Philippines,14,Transparent_Diagram,2 Philippines/Transparent_Diagram/Philippins_Diagram_Transparent-14.png,Philippines/Transparent_Diagram/Philippines_14_Transparent_Diagram.png,.png,91885,f74f0b54637bc7e608b0cb0dc19051eb34e54c9fcc79ae384833908769f7713c,scored,Philippines/Body_with_Diagram/Philippines_14_Body_with_Diagram.png,52,43,18,58,58,60,0,54
Philippines,15,Body,2 Philippines/Body/Philippins_Grayscale-15.png,Philippines/Body/Philippines_15_Body.png,.png,3368263,b3b131900208ed3e2a2dee45c911feb4f57abcd8d362d3cfffcf8ce2bab78703,scored,Philippines/Body_with_Diagram/Philippines_15_Body_with_Diagram.png,63,44,32,45,58,72,25,58
Philippines,15,Body_with_Diagram,2 Philippines/Body_with_Diagram/Philippins_Diagram-15.png,Philippines/Body_with_Diagram/Philippines_15_Body_with_Diagram.png,.png,3489471,095374a53bd108eda29fec5ca31d8de5e97996ddfd803ba70ca72c615b8db1c0,scored,Philippines/Body_with_Diagram/Philippines_15_Body_with_Diagram.png,63,44,32,45,58,72,25,58
Philippines,15,Transparent_Diagram,2 Philippines/Transparent_Diagram/Philippins_Diagram_Transparent-15.png,Philippines/Transparent_Diagram/Philippines_15_Transparent_Diagram.png,.png,108515,9da42a20488e7058e5d0f463df23dc28a30f28d5b8661f46ff6efb02fad1805a,scored,Philippines/Body_with_Diagram/Philippines_15_Body_with_Diagram.png,63,44,32,45,58,72,25,58
Philippines,16,Body,2 Philippines/Body/Philippins_Grayscale-16.png,Philippines/Body/Philippines_16_Body.png,.png,3512288,172ddf8a5dfc618a5313b1544e4c33fdcc14047a9c9525e402c8954002b5d3d8,scored,Philippines/Body_with_Diagram/Philippines_16_Body_with_Diagram.png,78,35,12,18,90,91,51,61
Philippines,16,Body_with_Diagram,2 Philippines/Body_with_Diagram/Philippins_Diagram-16.png,Philippines/Body_with_Diagram/Philippines_16_Body_with_Diagram.png,.png,3599266,27a96c004259dadb1a73a96e27a6af08ad4166622b54988a7d71309273d6a246,scored,Philippines/Body_with_Diagram/Philippines_16_Body_with_Diagram.png,78,35,12,18,90,91,51,61
Philippines,16,Transparent_Diagram,2 Philippines/Transparent_Diagram/Philippins_Diagram_Transparent-16.png,Philippines/Transparent_Diagram/Philippines_16_Transparent_Diagram.png,.png,126456,92fc591a69a85a5c797c0645f2c0b3d53244ee06513d5e2e60c86c22adf9fbb6,scored,Philippines/Body_with_Diagram/Philippines_16_Body_with_Diagram.png,78,35,12,18,90,91,51,61
Philippines,17,Body,2 Philippines/Body/Philippins_Grayscale-17.png,Philippines/Body/Philippines_17_Body.png,.png,3403843,31fa58b4aa79d7d3617c50f528d2c12b2e22e815b7fa320de84bf27ee756f966,scored,Philippines/Body_with_Diagram/Philippines_17_Body_with_Diagram.png,65,45,72,90,45,68,0,62
Philippines,17,Body_with_Diagram,2 Philippines/Body_with_Diagram/Philippins_Diagram-17.png,Philippines/Body_with_Diagram/Philippines_17_Body_with_Diagram.png,.png,3539868,f9d4a478d3ed1a219bbdff55c348f8876b98e6da3ed63d039caa21403626fcb8,scored,Philippines/Body_with_Diagram/Philippines_17_Body_with_Diagram.png,65,45,72,90,45,68,0,62
Philippines,17,Transparent_Diagram,2 Philippines/Transparent_Diagram/Philippins_Diagram_Transparent-17.png,Philippines/Transparent_Diagram/Philippines_17_Transparent_Diagram.png,.png,107460,df319d81184fa3661a783a6331585c26dad6731fd807b8dac33a267200591b1f,scored,Philippines/Body_with_Diagram/Philippines_17_Body_with_Diagram.png,65,45,72,90,45,68,0,62
Philippines,18,Body,2 Philippines/Body/Philippins_Grayscale-18.png,Philippines/Body/Philippines_18_Body.png,.png,3621930,a28f888a84091fa2707441ac94abebba83917079a190f1e01cd5f88ca2b3519b,scored,Philippines/Body_with_Diagram/Philippines_18_Body_with_Diagram.png,67,35,44,12,68,87,0,59
Philippines,18,Body_with_Diagram,2 Philippines/Body_with_Diagram/Philippins_Diagram-18.png,Philippines/Body_with_Diagram/Philippines_18_Body_with_Diagram.png,.png,3749623,07be4902b3587f58c70a7f362778c5bb4795d557673333c1aa3b51aa8a17cbb4,scored,Philippines/Body_with_Diagram/Philippines_18_Body_with_Diagram.png,67,35,44,12,68,87,0,59
Philippines,18,Transparent_Diagram,2 Philippines/Transparent_Diagram/Philippins_Diagram_Transparent-18.png,Philippines/Transparent_Diagram/Philippines_18_Transparent_Diagram.png,.png,105798,a96fa4307d5e3a80b191aa9f44581258a341e558af9e2a5d2f312b320253fbcd,scored,Philippines/Body_with_Diagram/Philippines_18_Body_with_Diagram.png,67,35,44,12,68,87,0,59
Philippines,19,Body,2 Philippines/Body/Philippins_Grayscale-19.png,Philippines/Body/Philippines_19_Body.png,.png,3530820,9ab52a88ae52892ed95aa54e196fff212d50af1d2a3dbc7d78fb28738e5ea30f,scored,Philippines/Body_with_Diagram/Philippines_19_Body_with_Diagram.png,70,40,18,12,76,89,38,60
Philippines,19,Body_with_Diagram,2 Philippines/Body_with_Diagram/Philippins_Diagram-19.png,Philippines/Body_with_Diagram/Philippines_19_Body_with_Diagram.png,.png,3677898,08c26fe469bbb1841b2eae8784ebfbfbbc5a0c762eaa92eb028c24915c353a90,scored,Philippines/Body_with_Diagram/Philippines_19_Body_with_Diagram.png,70,40,18,12,76,89,38,60
Philippines,19,Transparent_Diagram,2 Philippines/Transparent_Diagram/Philippins_Diagram_Transparent-19.png,Philippines/Transparent_Diagram/Philippines_19_Transparent_Diagram.png,.png,112499,1b4cbead4659db64c9da309ed884249c2fb1a863603304dec82d868ad9d02be5,scored,Philippines/Body_with_Diagram/Philippines_19_Body_with_Diagram.png,70,40,18,12,76,89,38,60
Philippines,20,Body,2 Philippines/Body/Philippins_Grayscale-20.png,Philippines/Body/Philippines_20_Body.png,.png,2654048,958b215944570c5bdc7b30f241233d3b5095d6bd6669b6a05868a74ed42d5593,scored,Philippines/Body_with_Diagram/Philippines_20_Body_with_Diagram.png,61,55,12,92,92,37,0,57
Philippines,20,Body_with_Diagram,2 Philippines/Body_with_Diagram/Philippins_Diagram-20.png,Philippines/Body_with_Diagram/Philippines_20_Body_with_Diagram.png,.png,2776917,3fb4f2f17a589d0d21309e91137b056f299b3301ffa951563f70e4f187ab05c2,scored,Philippines/Body_with_Diagram/Philippines_20_Body_with_Diagram.png,61,55,12,92,92,37,0,57
Philippines,20,Transparent_Diagram,2 Philippines/Transparent_Diagram/Philippins_Diagram_Transparent-20.png,Philippines/Transparent_Diagram/Philippines_20_Transparent_Diagram.png,.png,137418,91d927da9eb2c4657dc65816b665e3e9507380fea5ec89e088963081665e87f5,scored,Philippines/Body_with_Diagram/Philippines_20_Body_with_Diagram.png,61,55,12,92,92,37,0,57
Philippines,21,Body,2 Philippines/Body/Philippins_Grayscale-21.png,Philippines/Body/Philippines_21_Body.png,.png,3370385,511f1cbcccd09c894057c5d103f0b22c2552dfbe4131a1d7a8a889b574e4c18e,scored,Philippines/Body_with_Diagram/Philippines_21_Body_with_Diagram.png,61,47,17,10,70,86,8,58
Philippines,21,Body_with_Diagram,2 Philippines/Body_with_Diagram/Philippins_Diagram-21.png,Philippines/Body_with_Diagram/Philippines_21_Body_with_Diagram.png,.png,3461843,504d9a557f2a6478ee0ff27a5ebe768b617c97dda0ead5d5d7d1a7cb34957c06,scored,Philippines/Body_with_Diagram/Philippines_21_Body_with_Diagram.png,61,47,17,10,70,86,8,58
Philippines,21,Transparent_Diagram,2 Philippines/Transparent_Diagram/Philippins_Diagram_Transparent-21.png,Philippines/Transparent_Diagram/Philippines_21_Transparent_Diagram.png,.png,104211,61349447bd3f0b4c8c1c6131951e9048a0a07b8e4a365b59714f2eeb22e28785,scored,Philippines/Body_with_Diagram/Philippines_21_Body_with_Diagram.png,61,47,17,10,70,86,8,58
Singapore,01,Body,6 Singapore/Body/greyscale/Artboard 1.png,Singapore/Body/Singapore_01_Body.png,.png,1137459,f061a2b8cfff3a1aff7db25a16ec6e5bd198b2a2260daa338f47d73330c518c4,scored,Singapore/Body_with_Diagram/Singapore_01_Body_with_Diagram.png,45,92,70,94,65,40,0,50
Singapore,01,Body_with_Diagram,6 Singapore/Body_with_Diagram/Artboard 1.png,Singapore/Body_with_Diagram/Singapore_01_Body_with_Diagram.png,.png,1546849,cd29480adf253a011d23f85bb50089958efa109f9ebc9336dbea041b9a726a3e,scored,Singapore/Body_with_Diagram/Singapore_01_Body_with_Diagram.png,45,92,70,94,65,40,0,50
Singapore,01,Body_with_Diagram_Greyscale,6 Singapore/Greyscale and Diagram/Artboard 1.png,Singapore/Body_with_Diagram_Greyscale/Singapore_01_Body_with_Diagram_Greyscale.png,.png,1188413,9945c044c49712364cd071ebe37756185937a74d7078ab1894d777f8d4c3bbfc,scored,Singapore/Body_with_Diagram/Singapore_01_Body_with_Diagram.png,45,92,70,94,65,40,0,50
Singapore,01,Transparent_Diagram,6 Singapore/Body/Artboard 1.png,Singapore/Transparent_Diagram/Singapore_01_Transparent_Diagram.png,.png,49771,f06b9a7763fc438680a2a3712eeb8799cab259d7e7c7286d614d7afebeabc161,scored,Singapore/Body_with_Diagram/Singapore_01_Body_with_Diagram.png,45,92,70,94,65,40,0,50
Singapore,02,Body,6 Singapore/Body/greyscale/Artboard 2.png,Singapore/Body/Singapore_02_Body.png,.png,1123469,e1dc33781cfc939103215004a97d6d32cb238170de6d6d8b4550723d005849e2,scored,Singapore/Body_with_Diagram/Singapore_02_Body_with_Diagram.png,42,80,18,93,62,38,0,48
Singapore,02,Body_with_Diagram,6 Singapore/Body_with_Diagram/Artboard 2.png,Singapore/Body_with_Diagram/Singapore_02_Body_with_Diagram.png,.png,1583138,a5412252cab070e8d86e7122dc956b7b70dcafc560feab3c75e0dd53505157c1,scored,Singapore/Body_with_Diagram/Singapore_02_Body_with_Diagram.png,42,80,18,93,62,38,0,48
Singapore,02,Body_with_Diagram_Greyscale,6 Singapore/Greyscale and Diagram/Artboard 2.png,Singapore/Body_with_Diagram_Greyscale/Singapore_02_Body_with_Diagram_Greyscale.png,.png,1163459,d1d2215e15d045942c9a71a94909dfd8d11839ec4b85a766769dd55ae8bc9a36,scored,Singapore/Body_with_Diagram/Singapore_02_Body_with_Diagram.png,42,80,18,93,62,38,0,48
Singapore,02,Transparent_Diagram,6 Singapore/Body/Artboard 2.png,Singapore/Transparent_Diagram/Singapore_02_Transparent_Diagram.png,.png,40982,f17024e9e47d8c3394a2352dfe45cf5de8cafe644a83e87804be3f8e94d50f3a,scored,Singapore/Body_with_Diagram/Singapore_02_Body_with_Diagram.png,42,80,18,93,62,38,0,48
Singapore,03,Body,6 Singapore/Body/greyscale/Artboard 3.png,Singapore/Body/Singapore_03_Body.png,.png,1139741,24ca479cf5e429760400c4f6dc4e7ced89000a6aebe9bdbda6d4bb1ea43f6651,scored,Singapore/Body_with_Diagram/Singapore_03_Body_with_Diagram.png,50,83,10,98,96,30,0,52
Singapore,03,Body_with_Diagram,6 Singapore/Body_with_Diagram/Artboard 3.png,Singapore/Body_with_Diagram/Singapore_03_Body_with_Diagram.png,.png,1561257,b46c18895c3dca0f4e96f0d89cca612354de647c57048c870ef6daf088f1f63e,scored,Singapore/Body_with_Diagram/Singapore_03_Body_with_Diagram.png,50,83,10,98,96,30,0,52
Singapore,03,Body_with_Diagram_Greyscale,6 Singapore/Greyscale and Diagram/Artboard 3.png,Singapore/Body_with_Diagram_Greyscale/Singapore_03_Body_with_Diagram_Greyscale.png,.png,1168099,1cc442380cacb4bcde1a615badac18a0deac53451bd3082c20ca8b3650b1886c,scored,Singapore/Body_with_Diagram/Singapore_03_Body_with_Diagram.png,50,83,10,98,96,30,0,52
Singapore,03,Transparent_Diagram,6 Singapore/Body/Artboard 3.png,Singapore/Transparent_Diagram/Singapore_03_Transparent_Diagram.png,.png,35199,844af68294a945d6f5cce2eced39438e1104ac9c543354112a07fb1b1f692a81,scored,Singapore/Body_with_Diagram/Singapore_03_Body_with_Diagram.png,50,83,10,98,96,30,0,52
Singapore,04,Body,6 Singapore/Body/greyscale/Artboard 4.png,Singapore/Body/Singapore_04_Body.png,.png,1103833,5ab175011a8ec54859bcabfb40ec35478d4cb7061e9bddd575ff6d4f833afda6,scored,Singapore/Body_with_Diagram/Singapore_04_Body_with_Diagram.png,61,95,18,14,75,87,8,56
Singapore,04,Body_with_Diagram,6 Singapore/Body_with_Diagram/Artboard 4.png,Singapore/Body_with_Diagram/Singapore_04_Body_with_Diagram.png,.png,1655942,1bbb24a3272ef2a08727a358b7b00e48201a03675d4bfd299829c2cc30a86208,scored,Singapore/Body_with_Diagram/Singapore_04_Body_with_Diagram.png,61,95,18,14,75,87,8,56
Singapore,04,Body_with_Diagram_Greyscale,6 Singapore/Greyscale and Diagram/Artboard 4.png,Singapore/Body_with_Diagram_Greyscale/Singapore_04_Body_with_Diagram_Greyscale.png,.png,1160409,2c66b5157bb743e7070e355b75cc95621fb46e99a5529e4173f12fab33f04686,scored,Singapore/Body_with_Diagram/Singapore_04_Body_with_Diagram.png,61,95,18,14,75,87,8,56
Singapore,04,Transparent_Diagram,6 Singapore/Body/Artboard 4.png,Singapore/Transparent_Diagram/Singapore_04_Transparent_Diagram.png,.png,52480,06530ff27f5b0dd3006d23c58a3880db8643f7eb23a386f5908eda74ebb93af9,scored,Singapore/Body_with_Diagram/Singapore_04_Body_with_Diagram.png,61,95,18,14,75,87,8,56
Singapore,05,Body,6 Singapore/Body/greyscale/Artboard 5.png,Singapore/Body/Singapore_05_Body.png,.png,1115765,413ee0c0f6fc40f8b1cc20ef3762acd05d838b216609873c891bb7981c91b993,scored,Singapore/Body_with_Diagram/Singapore_05_Body_with_Diagram.png,54,84,55,62,55,65,5,54
Singapore,05,Body_with_Diagram,6 Singapore/Body_with_Diagram/Artboard 5.png,Singapore/Body_with_Diagram/Singapore_05_Body_with_Diagram.png,.png,1595879,eafb287ba6fcdb0c3b329359435065c0eb0d4f55c9cd6c3054825df1b9444179,scored,Singapore/Body_with_Diagram/Singapore_05_Body_with_Diagram.png,54,84,55,62,55,65,5,54
Singapore,05,Body_with_Diagram_Greyscale,6 Singapore/Greyscale and Diagram/Artboard 5.png,Singapore/Body_with_Diagram_Greyscale/Singapore_05_Body_with_Diagram_Greyscale.png,.png,1152894,be60113e51a95eef8be46411874af4bece32ceeae21dea19a897f9ae521d1db1,scored,Singapore/Body_with_Diagram/Singapore_05_Body_with_Diagram.png,54,84,55,62,55,65,5,54
Singapore,05,Transparent_Diagram,6 Singapore/Body/Artboard 5.png,Singapore/Transparent_Diagram/Singapore_05_Transparent_Diagram.png,.png,40189,bb8ddaab1a83a7c8d046ba4f798629a1f0da8feb72f9e7227e67fc760e504c95,scored,Singapore/Body_with_Diagram/Singapore_05_Body_with_Diagram.png,54,84,55,62,55,65,5,54
Singapore,06,Body,6 Singapore/Body/greyscale/Artboard 6.png,Singapore/Body/Singapore_06_Body.png,.png,1148360,ddd415f8a3f19c58d54ce2c8748a7ddd24d59d1f16f16e8888491d593472f2f9,scored,Singapore/Body_with_Diagram/Singapore_06_Body_with_Diagram.png,58,87,78,91,68,48,0,55
Singapore,06,Body_with_Diagram,6 Singapore/Body_with_Diagram/Artboard 6.png,Singapore/Body_with_Diagram/Singapore_06_Body_with_Diagram.png,.png,1695580,e01be8ee56fbde957d4e8ae5bc0be2effbd595dada9c675f5a7fa6417bdcdfca,scored,Singapore/Body_with_Diagram/Singapore_06_Body_with_Diagram.png,58,87,78,91,68,48,0,55
Singapore,06,Body_with_Diagram_Greyscale,6 Singapore/Greyscale and Diagram/Artboard 6.png,Singapore/Body_with_Diagram_Greyscale/Singapore_06_Body_with_Diagram_Greyscale.png,.png,1188463,29e1a6a6244d3e0a3fab04d48061d144407a7be341b20333c3e768616ab648af,scored,Singapore/Body_with_Diagram/Singapore_06_Body_with_Diagram.png,58,87,78,91,68,48,0,55
Singapore,06,Transparent_Diagram,6 Singapore/Body/Artboard 6.png,Singapore/Transparent_Diagram/Singapore_06_Transparent_Diagram.png,.png,49124,ba1b048f4e979ebe02a7540d628bfcf78c3db11501648dbc31fad05f883573cc,scored,Singapore/Body_with_Diagram/Singapore_06_Body_with_Diagram.png,58,87,78,91,68,48,0,55
Singapore,07,Body,6 Singapore/Body/greyscale/Artboard 7.png,Singapore/Body/Singapore_07_Body.png,.png,1193474,5b4e050e1d72caae7ded793a2629a28402c51cd1b55b442de12e94967089231c,scored,Singapore/Body_with_Diagram/Singapore_07_Body_with_Diagram.png,56,85,10,97,94,32,0,54
Singapore,07,Body_with_Diagram,6 Singapore/Body_with_Diagram/Artboard 7.png,Singapore/Body_with_Diagram/Singapore_07_Body_with_Diagram.png,.png,1590200,599126ff0a99f757b2071fa6a3cd68c985d5a5652dc3392f9ad69a5bb49876ae,scored,Singapore/Body_with_Diagram/Singapore_07_Body_with_Diagram.png,56,85,10,97,94,32,0,54
Singapore,07,Body_with_Diagram_Greyscale,6 Singapore/Greyscale and Diagram/Artboard 7.png,Singapore/Body_with_Diagram_Greyscale/Singapore_07_Body_with_Diagram_Greyscale.png,.png,1228975,7df1bd441779467b3eda66f3a6ac841829f90fb5d88049af751fc20862c50977,scored,Singapore/Body_with_Diagram/Singapore_07_Body_with_Diagram.png,56,85,10,97,94,32,0,54
Singapore,07,Transparent_Diagram,6 Singapore/Body/Artboard 7.png,Singapore/Transparent_Diagram/Singapore_07_Transparent_Diagram.png,.png,40076,8af4d15512ea54cc68c7fac1895217810a6005ac613ea9d07c65bdba44c82c8f,scored,Singapore/Body_with_Diagram/Singapore_07_Body_with_Diagram.png,56,85,10,97,94,32,0,54
Singapore,08,Body,6 Singapore/Body/greyscale/Artboard 8.png,Singapore/Body/Singapore_08_Body.png,.png,1201897,f0da277608bdd148bf26f496739389327378dc8bd783f78a4f97a62d87eda5ad,scored,Singapore/Body_with_Diagram/Singapore_08_Body_with_Diagram.png,49,82,63,12,45,84,0,56
Singapore,08,Body_with_Diagram,6 Singapore/Body_with_Diagram/Artboard 8.png,Singapore/Body_with_Diagram/Singapore_08_Body_with_Diagram.png,.png,1547156,36a625a4236592cc9c67c43c103e7ae9781f23349cd705ddcbba2089090df5d6,scored,Singapore/Body_with_Diagram/Singapore_08_Body_with_Diagram.png,49,82,63,12,45,84,0,56
Singapore,08,Body_with_Diagram_Greyscale,6 Singapore/Greyscale and Diagram/Artboard 8.png,Singapore/Body_with_Diagram_Greyscale/Singapore_08_Body_with_Diagram_Greyscale.png,.png,1230598,be9f198766b0510fbe4e35a69f9f6d2001cdbffba6d125b32bbc0175706adee9,scored,Singapore/Body_with_Diagram/Singapore_08_Body_with_Diagram.png,49,82,63,12,45,84,0,56
Singapore,08,Transparent_Diagram,6 Singapore/Body/Artboard 8.png,Singapore/Transparent_Diagram/Singapore_08_Transparent_Diagram.png,.png,41966,2deedf6ab4ce07fafc5fa3d67569e0b8ae3f18a3a398793884e251bb124098c4,scored,Singapore/Body_with_Diagram/Singapore_08_Body_with_Diagram.png,49,82,63,12,45,84,0,56
Singapore,09,Body,6 Singapore/Body/greyscale/Artboard 9.png,Singapore/Body/Singapore_09_Body.png,.png,1203966,b6dd31c93a1b94eb681b26039d55824e9c3100a5d5251e1ff1ab9dd00e513fa6,scored,Singapore/Body_with_Diagram/Singapore_09_Body_with_Diagram.png,55,85,46,14,68,82,0,56
Singapore,09,Body_with_Diagram,6 Singapore/Body_with_Diagram/Artboard 9.png,Singapore/Body_with_Diagram/Singapore_09_Body_with_Diagram.png,.png,1736126,f94c7ef0260657b977cb058d1b8b4682c179700954872349ae824822233d1e46,scored,Singapore/Body_with_Diagram/Singapore_09_Body_with_Diagram.png,55,85,46,14,68,82,0,56
Singapore,09,Body_with_Diagram_Greyscale,6 Singapore/Greyscale and Diagram/Artboard 9.png,Singapore/Body_with_Diagram_Greyscale/Singapore_09_Body_with_Diagram_Greyscale.png,.png,1240285,b7f5e73ccbca1cdcf5263af4d691d4509e10673cc1e00843cc5abd7d711b194e,scored,Singapore/Body_with_Diagram/Singapore_09_Body_with_Diagram.png,55,85,46,14,68,82,0,56
Singapore,09,Transparent_Diagram,6 Singapore/Body/Artboard 9.png,Singapore/Transparent_Diagram/Singapore_09_Transparent_Diagram.png,.png,45122,56cd62a56c8da3987465f08990ce3192a94d54880e27a7c42218bc788e620f6a,scored,Singapore/Body_with_Diagram/Singapore_09_Body_with_Diagram.png,55,85,46,14,68,82,0,56
Singapore,10,Body,6 Singapore/Body/greyscale/Artboard 10.png,Singapore/Body/Singapore_10_Body.png,.png,1208119,a6b6b713c1375bbd688767c72d624d9785ac0412b28a0f7c3893dfaced456db7,scored,Singapore/Body_with_Diagram/Singapore_10_Body_with_Diagram.png,61,88,52,15,72,86,0,58
Singapore,10,Body_with_Diagram,6 Singapore/Body_with_Diagram/Artboard 10.png,Singapore/Body_with_Diagram/Singapore_10_Body_with_Diagram.png,.png,1832192,166d99214069e35b13348d504d75970c4ef2f75c53cdee61de05fd7eb483931f,scored,Singapore/Body_with_Diagram/Singapore_10_Body_with_Diagram.png,61,88,52,15,72,86,0,58
Singapore,10,Body_with_Diagram_Greyscale,6 Singapore/Greyscale and Diagram/Artboard 10.png,Singapore/Body_with_Diagram_Greyscale/Singapore_10_Body_with_Diagram_Greyscale.png,.png,1249543,d165fb0dd3eeb21b739781d17f886077465331d8a29d70f2eb33dd93d1cafa14,scored,Singapore/Body_with_Diagram/Singapore_10_Body_with_Diagram.png,61,88,52,15,72,86,0,58
Singapore,10,Transparent_Diagram,6 Singapore/Body/Artboard 10.png,Singapore/Transparent_Diagram/Singapore_10_Transparent_Diagram.png,.png,48602,d643d482765dca7f8473073308313e934f24ce7389d30d67199a9ee61174a881,scored,Singapore/Body_with_Diagram/Singapore_10_Body_with_Diagram.png,61,88,52,15,72,86,0,58
Singapore,11,Body,6 Singapore/Body/greyscale/Artboard 12.png,Singapore/Body/Singapore_11_Body.png,.png,1231531,97bd5e6e3272f089d8965ea241862dc50b8680fda7b2f79cc52a64f9cc3910c5,scored,Singapore/Body_with_Diagram/Singapore_11_Body_with_Diagram.png,59,89,20,14,74,86,0,57
Singapore,11,Body_with_Diagram,6 Singapore/Body_with_Diagram/Artboard 12.png,Singapore/Body_with_Diagram/Singapore_11_Body_with_Diagram.png,.png,1789164,3a47a6c930e65a051e1031577e856a4a61ca2b2e1b4cdcd2985d03648a2d2207,scored,Singapore/Body_with_Diagram/Singapore_11_Body_with_Diagram.png,59,89,20,14,74,86,0,57
Singapore,11,Body_with_Diagram_Greyscale,6 Singapore/Greyscale and Diagram/Artboard 12.png,Singapore/Body_with_Diagram_Greyscale/Singapore_11_Body_with_Diagram_Greyscale.png,.png,1275389,77d38f5e42f586a168009a3f1b1d95c51445eaf3377682c1240eb6221da0595c,scored,Singapore/Body_with_Diagram/Singapore_11_Body_with_Diagram.png,59,89,20,14,74,86,0,57
Singapore,11,Transparent_Diagram,6 Singapore/Body/Artboard 12.png,Singapore/Transparent_Diagram/Singapore_11_Transparent_Diagram.png,.png,49460,aad17293b5f774292d50491f5cef5de8e54d03f7110fe56ac4624965e016e980,scored,Singapore/Body_with_Diagram/Singapore_11_Body_with_Diagram.png,59,89,20,14,74,86,0,57
Singapore,12,Body,6 Singapore/Body/greyscale/Artboard 13.png,Singapore/Body/Singapore_12_Body.png,.png,1217990,aa5294094765559702b4b623e3144811445efb4dd2f9e3982a42c56c036fda8b,scored,Singapore/Body_with_Diagram/Singapore_12_Body_with_Diagram.png,68,86,15,10,88,91,0,60
Singapore,12,Body_with_Diagram,6 Singapore/Body_with_Diagram/Artboard 13.png,Singapore/Body_with_Diagram/Singapore_12_Body_with_Diagram.png,.png,1719617,85e4e6171f45e7becf934947ae5db8d8e8f2bb984f22fcbecee515e5f5da2557,scored,Singapore/Body_with_Diagram/Singapore_12_Body_with_Diagram.png,68,86,15,10,88,91,0,60
Singapore,12,Body_with_Diagram_Greyscale,6 Singapore/Greyscale and Diagram/Artboard 13.png,Singapore/Body_with_Diagram_Greyscale/Singapore_12_Body_with_Diagram_Greyscale.png,.png,1266742,2c4ab61d359e351a22c06d71906ec78b701775222e4e9ca32d24aefadb6e5c95,scored,Singapore/Body_with_Diagram/Singapore_12_Body_with_Diagram.png,68,86,15,10,88,91,0,60
Singapore,12,Transparent_Diagram,6 Singapore/Body/Artboard 13.png,Singapore/Transparent_Diagram/Singapore_12_Transparent_Diagram.png,.png,52186,5d69e463c52e277e9a343029105fa6906e085b29f7e49176f61ea8adfa187346,scored,Singapore/Body_with_Diagram/Singapore_12_Body_with_Diagram.png,68,86,15,10,88,91,0,60
Singapore,13,Body,6 Singapore/Body/greyscale/Artboard 14.png,Singapore/Body/Singapore_13_Body.png,.png,1159542,d5e5da630caf8e1af8939b08bed0146f0785d84f3c73028690d756d248744de2,scored,Singapore/Body_with_Diagram/Singapore_13_Body_with_Diagram.png,67,84,18,62,78,84,0,58
Singapore,13,Body_with_Diagram,6 Singapore/Body_with_Diagram/Artboard 14.png,Singapore/Body_with_Diagram/Singapore_13_Body_with_Diagram.png,.png,1743616,130fe19c8a5de53fc8bc967771725e2b6cda97afe2bceabb117d177429c69a23,scored,Singapore/Body_with_Diagram/Singapore_13_Body_with_Diagram.png,67,84,18,62,78,84,0,58
Singapore,13,Body_with_Diagram_Greyscale,6 Singapore/Greyscale and Diagram/Artboard 14.png,Singapore/Body_with_Diagram_Greyscale/Singapore_13_Body_with_Diagram_Greyscale.png,.png,1202702,7a4cfa771e7a771d8527309eab48a9fece45feb6ed5c5417d4f5e3f6cdfe430a,scored,Singapore/Body_with_Diagram/Singapore_13_Body_with_Diagram.png,67,84,18,62,78,84,0,58
Singapore,13,Transparent_Diagram,6 Singapore/Body/Artboard 14.png,Singapore/Transparent_Diagram/Singapore_13_Transparent_Diagram.png,.png,45706,a68d5fb862f98615969100adafc787c657649821a27ae47e6bda7047ecd04d55,scored,Singapore/Body_with_Diagram/Singapore_13_Body_with_Diagram.png,67,84,18,62,78,84,0,58
Singapore,14,Body,6 Singapore/Body/greyscale/Artboard 15.png,Singapore/Body/Singapore_14_Body.png,.png,1196378,f7f517001e3368ad6670ed67126d42b7651e50ef48c2ef065948d05340895d3c,scored,Singapore/Body_with_Diagram/Singapore_14_Body_with_Diagram.png,57,82,52,14,67,83,0,57
Singapore,14,Body_with_Diagram,6 Singapore/Body_with_Diagram/Artboard 15.png,Singapore/Body_with_Diagram/Singapore_14_Body_with_Diagram.png,.png,1742647,cccb650d1b8f5d75b5d0676413f3e094d50f9ff923d300dc2949ca2f940ffedc,scored,Singapore/Body_with_Diagram/Singapore_14_Body_with_Diagram.png,57,82,52,14,67,83,0,57
Singapore,14,Body_with_Diagram_Greyscale,6 Singapore/Greyscale and Diagram/Artboard 15.png,Singapore/Body_with_Diagram_Greyscale/Singapore_14_Body_with_Diagram_Greyscale.png,.png,1229762,670b654526109b088ca8b9dff2ef52ccb4f73d2f9dc188772464653fa9721202,scored,Singapore/Body_with_Diagram/Singapore_14_Body_with_Diagram.png,57,82,52,14,67,83,0,57
Singapore,14,Transparent_Diagram,6 Singapore/Body/Artboard 15.png,Singapore/Transparent_Diagram/Singapore_14_Transparent_Diagram.png,.png,40426,8f6f54c233b321737fd2f48d7825bc73aac03c57e2037ea65ad4d5123e36bf3d,scored,Singapore/Body_with_Diagram/Singapore_14_Body_with_Diagram.png,57,82,52,14,67,83,0,57
Singapore,15,Body,6 Singapore/Body/greyscale/Artboard 16.png,Singapore/Body/Singapore_15_Body.png,.png,1183341,388ca8ddf8e43d6844293a49d97e1bd8efd76d8e6bbc47bacedda0ec000bd972,scored,Singapore/Body_with_Diagram/Singapore_15_Body_with_Diagram.png,56,88,62,82,65,69,4,55
Singapore,15,Body_with_Diagram,6 Singapore/Body_with_Diagram/Artboard 16.png,Singapore/Body_with_Diagram/Singapore_15_Body_with_Diagram.png,.png,1567430,c86761a078cc945f2f7530d53a9546928ff9a80d033293d589be688422de2a37,scored,Singapore/Body_with_Diagram/Singapore_15_Body_with_Diagram.png,56,88,62,82,65,69,4,55
Singapore,15,Body_with_Diagram_Greyscale,6 Singapore/Greyscale and Diagram/Artboard 16.png,Singapore/Body_with_Diagram_Greyscale/Singapore_15_Body_with_Diagram_Greyscale.png,.png,1230122,bc47f4ae5670474069be3a26aeb1c8ddd2ac0d44722c850dca4ab52f9392a14f,scored,Singapore/Body_with_Diagram/Singapore_15_Body_with_Diagram.png,56,88,62,82,65,69,4,55
Singapore,15,Transparent_Diagram,6 Singapore/Body/Artboard 16.png,Singapore/Transparent_Diagram/Singapore_15_Transparent_Diagram.png,.png,50385,21f70a3823640787c41b37189a1304a160e86c544a4c79b447c3a887127fd59c,scored,Singapore/Body_with_Diagram/Singapore_15_Body_with_Diagram.png,56,88,62,82,65,69,4,55
Singapore,16,Body,6 Singapore/Body/greyscale/Artboard 17.png,Singapore/Body/Singapore_16_Body.png,.png,1206284,ef8391acae32bb7ba993b314c4f897cdd7cae9d019c3995eedd6af07d4b9ac32,scored,Singapore/Body_with_Diagram/Singapore_16_Body_with_Diagram.png,70,86,12,10,92,92,0,60
Singapore,16,Body_with_Diagram,6 Singapore/Body_with_Diagram/Artboard 17.png,Singapore/Body_with_Diagram/Singapore_16_Body_with_Diagram.png,.png,1747325,178010eb792a4e57a1289cadcfd10442403fe8284e017deea214d4144cf81f15,scored,Singapore/Body_with_Diagram/Singapore_16_Body_with_Diagram.png,70,86,12,10,92,92,0,60
Singapore,16,Body_with_Diagram_Greyscale,6 Singapore/Greyscale and Diagram/Artboard 17.png,Singapore/Body_with_Diagram_Greyscale/Singapore_16_Body_with_Diagram_Greyscale.png,.png,1249657,0760293f89cba4a821cf01c9b76f97ba4e5cf773b0f1d172658801d412e3e98a,scored,Singapore/Body_with_Diagram/Singapore_16_Body_with_Diagram.png,70,86,12,10,92,92,0,60
Singapore,16,Transparent_Diagram,6 Singapore/Body/Artboard 17.png,Singapore/Transparent_Diagram/Singapore_16_Transparent_Diagram.png,.png,47734,a13e3c5df5608f051a74db1814331434491ea63c00d5192b5058b01c6eeede93,scored,Singapore/Body_with_Diagram/Singapore_16_Body_with_Diagram.png,70,86,12,10,92,92,0,60
Thailand,01,Body,1 Thailand (monkey)/Body/ท่าลิง_Grayscale-01.png,Thailand/Body/Thailand_01_Body.png,.png,5408149,9aa5db11a396e7004d40aadfd295fc49ed029c4e8cdbf7cd0419f9882cd9d704,scored,Thailand/Body_with_Diagram/Thailand_01_Body_with_Diagram.png,68,84,62,75,72,48,0,78
Thailand,01,Body_with_Diagram,1 Thailand (monkey)/Body_with_Diagram/ท่าที่ 1.png,Thailand/Body_with_Diagram/Thailand_01_Body_with_Diagram.png,.png,5429252,bd5ccf3159e60234191fdbf658cfa0018a058f69fba8fc8b3bd1ce887d09a298,scored,Thailand/Body_with_Diagram/Thailand_01_Body_with_Diagram.png,68,84,62,75,72,48,0,78
Thailand,01,Transparent_Diagram,1 Thailand (monkey)/Transparent_Diagram/ท่าลิง_Diagram_V3-01.png,Thailand/Transparent_Diagram/Thailand_01_Transparent_Diagram.png,.png,137249,f5352ccd75dd877a3f94d1fa8c069b8cbc671aeb6983685a7cb91bb988793d3c,scored,Thailand/Body_with_Diagram/Thailand_01_Body_with_Diagram.png,68,84,62,75,72,48,0,78
Thailand,02,Body,1 Thailand (monkey)/Body/ท่าลิง_Grayscale-02.png,Thailand/Body/Thailand_02_Body.png,.png,5518981,6259f1193c38d0116a527885a498ae889aa85b5e07bddadd5166a10e50584d26,scored,Thailand/Body_with_Diagram/Thailand_02_Body_with_Diagram.png,72,65,48,12,72,86,0,82
Thailand,02,Body_with_Diagram,1 Thailand (monkey)/Body_with_Diagram/ท่าที่ 2.png,Thailand/Body_with_Diagram/Thailand_02_Body_with_Diagram.png,.png,5643430,3b69d1f1ad39f1c9436903987ef3493c12cc72277836ac562f723d15d2ec6c32,scored,Thailand/Body_with_Diagram/Thailand_02_Body_with_Diagram.png,72,65,48,12,72,86,0,82
Thailand,02,Transparent_Diagram,1 Thailand (monkey)/Transparent_Diagram/ท่าลิง_Diagram_V3-02.png,Thailand/Transparent_Diagram/Thailand_02_Transparent_Diagram.png,.png,172584,53204c203d178d755e4d9d63db989c72b7a0c6deb426d34b08fc260ce0477027,scored,Thailand/Body_with_Diagram/Thailand_02_Body_with_Diagram.png,72,65,48,12,72,86,0,82
Thailand,03,Body,1 Thailand (monkey)/Body/ท่าลิง_Grayscale-03.png,Thailand/Body/Thailand_03_Body.png,.png,5978004,a851185282f1eae4486e0f32aeb0e7eb2b053e9f7bad033dd02e2131b3816e7c,scored,Thailand/Body_with_Diagram/Thailand_03_Body_with_Diagram.png,74,95,44,8,82,90,0,83
Thailand,03,Body_with_Diagram,1 Thailand (monkey)/Body_with_Diagram/ท่าที่ 3.png,Thailand/Body_with_Diagram/Thailand_03_Body_with_Diagram.png,.png,6046361,0bcb5db1d5cc62d3b9fb621dbfb9afa6a352fa81d973beb67cf887a675276d69,scored,Thailand/Body_with_Diagram/Thailand_03_Body_with_Diagram.png,74,95,44,8,82,90,0,83
Thailand,03,Transparent_Diagram,1 Thailand (monkey)/Transparent_Diagram/ท่าลิง_Diagram_V3-03.png,Thailand/Transparent_Diagram/Thailand_03_Transparent_Diagram.png,.png,121757,2829ee3b8c0582fe74d9a21c75f8763495a1449e0fcfe5c5802bbbc67d0f2e34,scored,Thailand/Body_with_Diagram/Thailand_03_Body_with_Diagram.png,74,95,44,8,82,90,0,83
Thailand,04,Body,1 Thailand (monkey)/Body/ท่าลิง_Grayscale-04.png,Thailand/Body/Thailand_04_Body.png,.png,5677972,dc4d7b8db31710a2312beaa4114f0113e821092651242163cf61f44f1bd280ac,scored,Thailand/Body_with_Diagram/Thailand_04_Body_with_Diagram.png,76,89,14,20,96,86,0,84
Thailand,04,Body_with_Diagram,1 Thailand (monkey)/Body_with_Diagram/ท่าที่ 4.png,Thailand/Body_with_Diagram/Thailand_04_Body_with_Diagram.png,.png,5819793,684a7ce6ce4dc71d6633297a39a166182c84845458da6a1a47ceec57f492b225,scored,Thailand/Body_with_Diagram/Thailand_04_Body_with_Diagram.png,76,89,14,20,96,86,0,84
Thailand,04,Transparent_Diagram,1 Thailand (monkey)/Transparent_Diagram/ท่าลิง_Diagram_V3-04.png,Thailand/Transparent_Diagram/Thailand_04_Transparent_Diagram.png,.png,173992,75c9e6429b8761088423fe3e391b5cc3431b006bc291558fd56b9d8481b5040b,scored,Thailand/Body_with_Diagram/Thailand_04_Body_with_Diagram.png,76,89,14,20,96,86,0,84
Thailand,05,Body,1 Thailand (monkey)/Body/ท่าลิง_Grayscale-05.png,Thailand/Body/Thailand_05_Body.png,.png,5806020,61409edf8d428780522ed62ec96c89843e2471e49b550f02cd193c011fc901bb,scored,Thailand/Body_with_Diagram/Thailand_05_Body_with_Diagram.png,72,86,18,22,92,84,0,82
Thailand,05,Body_with_Diagram,1 Thailand (monkey)/Body_with_Diagram/ท่าที่ 5.png,Thailand/Body_with_Diagram/Thailand_05_Body_with_Diagram.png,.png,5857021,6bc7d31c80f673651e2d30dbccc22bed917f6f63abfe5cece85b84bc836ddd9a,scored,Thailand/Body_with_Diagram/Thailand_05_Body_with_Diagram.png,72,86,18,22,92,84,0,82
Thailand,05,Transparent_Diagram,1 Thailand (monkey)/Transparent_Diagram/ท่าลิง_Diagram_V3-05.png,Thailand/Transparent_Diagram/Thailand_05_Transparent_Diagram.png,.png,118059,55d65d0cc202032216378ff98648c2dc2a6e1bcede7337518d1c7d5144163b04,scored,Thailand/Body_with_Diagram/Thailand_05_Body_with_Diagram.png,72,86,18,22,92,84,0,82
Thailand,06,Body,1 Thailand (monkey)/Body/ท่าลิง_Grayscale-06.png,Thailand/Body/Thailand_06_Body.png,.png,5476112,69d9640b9d682fb2e9cd5e8a4dd693c4e380cbc94ab7bb0b57f8518468b5c85a,scored,Thailand/Body_with_Diagram/Thailand_06_Body_with_Diagram.png,73,91,16,20,94,85,0,83
Thailand,06,Body_with_Diagram,1 Thailand (monkey)/Body_with_Diagram/ท่าที่ 6.png,Thailand/Body_with_Diagram/Thailand_06_Body_with_Diagram.png,.png,5686243,5071c9f65edf797d63b0d2e8fb9c62d0a57001aa3082113864bb856e7f1874d8,scored,Thailand/Body_with_Diagram/Thailand_06_Body_with_Diagram.png,73,91,16,20,94,85,0,83
Thailand,06,Transparent_Diagram,1 Thailand (monkey)/Transparent_Diagram/ท่าลิง_Diagram_V3-06.png,Thailand/Transparent_Diagram/Thailand_06_Transparent_Diagram.png,.png,195090,1ddd649ac7b3c1d7600c22cece60be3ea56a6460d28263bc891fd4c7e76dbfac,scored,Thailand/Body_with_Diagram/Thailand_06_Body_with_Diagram.png,73,91,16,20,94,85,0,83
Thailand,07,Body,1 Thailand (monkey)/Body/ท่าลิง_Grayscale-07.png,Thailand/Body/Thailand_07_Body.png,.png,5723326,54a402dc91003fd1e547d082b876e9046aa12befde90d7ab70f56d5c52f93c32,scored,Thailand/Body_with_Diagram/Thailand_07_Body_with_Diagram.png,67,72,45,9,75,84,0,80
Thailand,07,Body_with_Diagram,1 Thailand (monkey)/Body_with_Diagram/ท่าที่ 7.png,Thailand/Body_with_Diagram/Thailand_07_Body_with_Diagram.png,.png,5725740,00516c20ba08b724c2a3c21b8223c28b8d51e399b15db4478fa3649357dd7f2e,scored,Thailand/Body_with_Diagram/Thailand_07_Body_with_Diagram.png,67,72,45,9,75,84,0,80
Thailand,07,Transparent_Diagram,1 Thailand (monkey)/Transparent_Diagram/ท่าลิง_Diagram_V3-07.png,Thailand/Transparent_Diagram/Thailand_07_Transparent_Diagram.png,.png,103521,46125945b2a623db3d5c7d94fa2a819d7f3d0205833369bde4f5064c87de07a0,scored,Thailand/Body_with_Diagram/Thailand_07_Body_with_Diagram.png,67,72,45,9,75,84,0,80
Thailand,08,Body,1 Thailand (monkey)/Body/ท่าลิง_Grayscale-08.png,Thailand/Body/Thailand_08_Body.png,.png,6013070,7f233bf4207dc68fb81c96e02f671d2a89e92c0d64fd0c65c0ff7fc7a6255378,scored,Thailand/Body_with_Diagram/Thailand_08_Body_with_Diagram.png,70,86,47,8,80,88,0,82
Thailand,08,Body_with_Diagram,1 Thailand (monkey)/Body_with_Diagram/ท่าที่ 8.png,Thailand/Body_with_Diagram/Thailand_08_Body_with_Diagram.png,.png,6075272,f382923f3767a2f4e21a27cb3b340b56403ebc8376408b6cb6d82e62db07a141,scored,Thailand/Body_with_Diagram/Thailand_08_Body_with_Diagram.png,70,86,47,8,80,88,0,82
Thailand,08,Transparent_Diagram,1 Thailand (monkey)/Transparent_Diagram/ท่าลิง_Diagram_V3-08.png,Thailand/Transparent_Diagram/Thailand_08_Transparent_Diagram.png,.png,127626,cf5f197cd8b7a493f8222ca431025bd3217c9056fd3017e2e718586fdd7bdb59,scored,Thailand/Body_with_Diagram/Thailand_08_Body_with_Diagram.png,70,86,47,8,80,88,0,82
Thailand,09,Body,1 Thailand (monkey)/Body/ท่าลิง_Grayscale-09.png,Thailand/Body/Thailand_09_Body.png,.png,7735202,0bd512b6c136426a70815181a7c3bb218f71155d289217b3df8b27d39ece6001,scored,Thailand/Body_with_Diagram/Thailand_09_Body_with_Diagram.png,69,25,42,10,77,87,0,80
Thailand,09,Body_with_Diagram,1 Thailand (monkey)/Body_with_Diagram/ท่าที่ 9.png,Thailand/Body_with_Diagram/Thailand_09_Body_with_Diagram.png,.png,7776846,3ef88fe22bb0a847dc4511db36ed2d3a3b01dd2ad03450561f962e1d92ead5fc,scored,Thailand/Body_with_Diagram/Thailand_09_Body_with_Diagram.png,69,25,42,10,77,87,0,80
Thailand,09,Transparent_Diagram,1 Thailand (monkey)/Transparent_Diagram/ท่าลิง_Diagram_V3-09.png,Thailand/Transparent_Diagram/Thailand_09_Transparent_Diagram.png,.png,125297,865189850720d69223db47afe2777c6faed527adedbfa6606cc1dd7502ef985f,scored,Thailand/Body_with_Diagram/Thailand_09_Body_with_Diagram.png,69,25,42,10,77,87,0,80
Thailand,10,Body,1 Thailand (monkey)/Body/ท่าลิง_Grayscale-10.png,Thailand/Body/Thailand_10_Body.png,.png,6548045,3f1bbd823d0c55e42b6955799a82c98bac66ace5b1b09cb9f2d6976c24db95fd,scored,Thailand/Body_with_Diagram/Thailand_10_Body_with_Diagram.png,59,28,82,94,60,38,0,74
Thailand,10,Body_with_Diagram,1 Thailand (monkey)/Body_with_Diagram/ท่าที่ 10.png,Thailand/Body_with_Diagram/Thailand_10_Body_with_Diagram.png,.png,6533907,257533224f60d72968f269e54db4f63e951b11b4a00ba951a1ee05bfb616d2ab,scored,Thailand/Body_with_Diagram/Thailand_10_Body_with_Diagram.png,59,28,82,94,60,38,0,74
Thailand,10,Transparent_Diagram,1 Thailand (monkey)/Transparent_Diagram/ท่าลิง_Diagram_V3-10.png,Thailand/Transparent_Diagram/Thailand_10_Transparent_Diagram.png,.png,78192,1d033b7b5e1e7362ddd9c3de52ef5ff10f92c8d68a224ef5b089764a2bf7f9be,scored,Thailand/Body_with_Diagram/Thailand_10_Body_with_Diagram.png,59,28,82,94,60,38,0,74
Thailand,11,Body,1 Thailand (monkey)/Body/ท่าลิง_Grayscale-11.png,Thailand/Body/Thailand_11_Body.png,.png,5695523,d4b5b85f9407c0475f6f4e790dfbaa1663f2e07e6520a05e36fd2af38411f31d,scored,Thailand/Body_with_Diagram/Thailand_11_Body_with_Diagram.png,54,20,55,22,43,72,0,75
Thailand,11,Body_with_Diagram,1 Thailand (monkey)/Body_with_Diagram/ท่าที่ 11.png,Thailand/Body_with_Diagram/Thailand_11_Body_with_Diagram.png,.png,5698260,a5ea77497eaff954ff82b3d873750ed782109611d04eaa552ddeb63e6090ec29,scored,Thailand/Body_with_Diagram/Thailand_11_Body_with_Diagram.png,54,20,55,22,43,72,0,75
Thailand,11,Transparent_Diagram,1 Thailand (monkey)/Transparent_Diagram/ท่าลิง_Diagram_V3-11.png,Thailand/Transparent_Diagram/Thailand_11_Transparent_Diagram.png,.png,73861,07dea850792ab5931a635c393fe03b9958a839a83808f466d6c242bd51de66d6,scored,Thailand/Body_with_Diagram/Thailand_11_Body_with_Diagram.png,54,20,55,22,43,72,0,75
Thailand,12,Body,1 Thailand (monkey)/Body/ท่าลิง_Grayscale-12.png,Thailand/Body/Thailand_12_Body.png,.png,5628521,2e466f99d691e86ca6aaf359244c7dd0e22055273705399741d4f3fff59b2b42,scored,Thailand/Body_with_Diagram/Thailand_12_Body_with_Diagram.png,58,25,52,12,55,80,0,78
Thailand,12,Body_with_Diagram,1 Thailand (monkey)/Body_with_Diagram/ท่าที่ 12.png,Thailand/Body_with_Diagram/Thailand_12_Body_with_Diagram.png,.png,5628771,999c4f7c236464e4fecd798698107b0a6be25156e05e9fc5335509c1bf512ac2,scored,Thailand/Body_with_Diagram/Thailand_12_Body_with_Diagram.png,58,25,52,12,55,80,0,78
Thailand,12,Transparent_Diagram,1 Thailand (monkey)/Transparent_Diagram/ท่าลิง_Diagram_V3-12.png,Thailand/Transparent_Diagram/Thailand_12_Transparent_Diagram.png,.png,72633,683be7f2dab1004bc8f33a63c76933e69c1dc26be46deae2074b16be8d2d5458,scored,Thailand/Body_with_Diagram/Thailand_12_Body_with_Diagram.png,58,25,52,12,55,80,0,78
Thailand,13,Body,1 Thailand (monkey)/Body/ท่าลิง_Grayscale-13.png,Thailand/Body/Thailand_13_Body.png,.png,5789336,292226bbdfe5d105b01b28e2e5291318d2b3904828bf3735392bf762860ae042,scored,Thailand/Body_with_Diagram/Thailand_13_Body_with_Diagram.png,58,65,76,91,55,36,0,75
Thailand,13,Body_with_Diagram,1 Thailand (monkey)/Body_with_Diagram/ท่าที่ 13.png,Thailand/Body_with_Diagram/Thailand_13_Body_with_Diagram.png,.png,5793435,99c2966adef204dd80e2698843dcb6f72f133df58a9b725acda96006c6295bfe,scored,Thailand/Body_with_Diagram/Thailand_13_Body_with_Diagram.png,58,65,76,91,55,36,0,75
Thailand,13,Transparent_Diagram,1 Thailand (monkey)/Transparent_Diagram/ท่าลิง_Diagram_V3-13.png,Thailand/Transparent_Diagram/Thailand_13_Transparent_Diagram.png,.png,116997,6e49ce97ba414fffd2780bea94f6a121b8c9407817546f2ba18fdd693f528ca4,scored,Thailand/Body_with_Diagram/Thailand_13_Body_with_Diagram.png,58,65,76,91,55,36,0,75
Thailand,14,Body,1 Thailand (monkey)/Body/ท่าลิง_Grayscale-14.png,Thailand/Body/Thailand_14_Body.png,.png,6662046,2ade50ceb0231a83ba33bedd95e057872d10d688765b9f9df7dd14b2f0a9a668,scored,Thailand/Body_with_Diagram/Thailand_14_Body_with_Diagram.png,67,67,78,88,69,44,0,78
Thailand,14,Body_with_Diagram,1 Thailand (monkey)/Body_with_Diagram/ท่าที่ 14.png,Thailand/Body_with_Diagram/Thailand_14_Body_with_Diagram.png,.png,6656919,29e5d5d5c68e83bcaf279ba716f0afc14b58b4a3dd445cfd909570f8160524cb,scored,Thailand/Body_with_Diagram/Thailand_14_Body_with_Diagram.png,67,67,78,88,69,44,0,78
Thailand,14,Transparent_Diagram,1 Thailand (monkey)/Transparent_Diagram/ท่าลิง_Diagram_V3-14.png,Thailand/Transparent_Diagram/Thailand_14_Transparent_Diagram.png,.png,108872,5a2a950f4cb659c4585137f269ae31512754b77185d82a0820904f6e5b12b7d2,scored,Thailand/Body_with_Diagram/Thailand_14_Body_with_Diagram.png,67,67,78,88,69,44,0,78
Thailand,15,Body,1 Thailand (monkey)/Body/ท่าลิง_Grayscale-15.png,Thailand/Body/Thailand_15_Body.png,.png,6828847,fa3e6785795fb9665e698af41a0c2f1d80087e61dbbcc5919acccbcd102954ac,scored,Thailand/Body_with_Diagram/Thailand_15_Body_with_Diagram.png,68,32,62,18,61,81,0,80
Thailand,15,Body_with_Diagram,1 Thailand (monkey)/Body_with_Diagram/ท่าที่ 15.png,Thailand/Body_with_Diagram/Thailand_15_Body_with_Diagram.png,.png,6824513,b436c7dec8888c3475de7da549616c38d3235a1e8bb72b6783923057450787b0,scored,Thailand/Body_with_Diagram/Thailand_15_Body_with_Diagram.png,68,32,62,18,61,81,0,80
Thailand,15,Transparent_Diagram,1 Thailand (monkey)/Transparent_Diagram/ท่าลิง_Diagram_V3-15.png,Thailand/Transparent_Diagram/Thailand_15_Transparent_Diagram.png,.png,89018,1d13570d995f4360f0832236906650f505b717896223d2bdd072195060a8c192,scored,Thailand/Body_with_Diagram/Thailand_15_Body_with_Diagram.png,68,32,62,18,61,81,0,80
Thailand,16,Body,1 Thailand (monkey)/Body/ท่าลิง_Grayscale-16.png,Thailand/Body/Thailand_16_Body.png,.png,6906071,80d36f45458bfe3b37307355cda646dae88183ebd499cbd4030842e2932e6b92,scored,Thailand/Body_with_Diagram/Thailand_16_Body_with_Diagram.png,71,92,45,8,78,89,0,82
Thailand,16,Body_with_Diagram,1 Thailand (monkey)/Body_with_Diagram/ท่าที่ 16.png,Thailand/Body_with_Diagram/Thailand_16_Body_with_Diagram.png,.png,7018115,11e6a6be13a2283d181fccfafe2317dbd039bf20d8d8c4fc58e2f9335cb96e80,scored,Thailand/Body_with_Diagram/Thailand_16_Body_with_Diagram.png,71,92,45,8,78,89,0,82
Thailand,16,Transparent_Diagram,1 Thailand (monkey)/Transparent_Diagram/ท่าลิง_Diagram_V3-16.png,Thailand/Transparent_Diagram/Thailand_16_Transparent_Diagram.png,.png,188232,8e4ef891e94969ee56362a4312deba1301c72e09b4705a5c74f7e68aa0c2d51b,scored,Thailand/Body_with_Diagram/Thailand_16_Body_with_Diagram.png,71,92,45,8,78,89,0,82
Thailand,17,Body,1 Thailand (monkey)/Body/ท่าลิง_Grayscale-17.png,Thailand/Body/Thailand_17_Body.png,.png,6979776,1d2e740260c60cf2c6f97d56a698c49f657df79fe664f2be3d0df90406aad1e2,scored,Thailand/Body_with_Diagram/Thailand_17_Body_with_Diagram.png,61,67,80,93,66,38,0,76
Thailand,17,Body_with_Diagram,1 Thailand (monkey)/Body_with_Diagram/ท่าที่ 17.png,Thailand/Body_with_Diagram/Thailand_17_Body_with_Diagram.png,.png,6966790,f1e1c2e2cb53820b1e690d91c755a1176d0b03e209dff99a3f8f184239d57558,scored,Thailand/Body_with_Diagram/Thailand_17_Body_with_Diagram.png,61,67,80,93,66,38,0,76
Thailand,17,Transparent_Diagram,1 Thailand (monkey)/Transparent_Diagram/ท่าลิง_Diagram_V3-17.png,Thailand/Transparent_Diagram/Thailand_17_Transparent_Diagram.png,.png,93731,f35bdfef6dc5a7de3a3f6b86543155727a2f32558a41bafb5cc86600f8788689,scored,Thailand/Body_with_Diagram/Thailand_17_Body_with_Diagram.png,61,67,80,93,66,38,0,76
Thailand,18,Body,1 Thailand (monkey)/Body/ท่าลิง_Grayscale-18.png,Thailand/Body/Thailand_18_Body.png,.png,5292757,705a2e9454c436a64cbbcafac723ffe0b436736f871865287f6d2a411e96a4a3,scored,Thailand/Body_with_Diagram/Thailand_18_Body_with_Diagram.png,79,94,15,18,93,90,43,85
Thailand,18,Body_with_Diagram,1 Thailand (monkey)/Body_with_Diagram/ท่าที่ 18.png,Thailand/Body_with_Diagram/Thailand_18_Body_with_Diagram.png,.png,5340533,6f97c9693aa071e9eeab09d4a8b6c1a0444a385587ec78eb418ee2fc91fe26e6,scored,Thailand/Body_with_Diagram/Thailand_18_Body_with_Diagram.png,79,94,15,18,93,90,43,85
Thailand,18,Transparent_Diagram,1 Thailand (monkey)/Transparent_Diagram/ท่าลิง_Diagram_V3-18.png,Thailand/Transparent_Diagram/Thailand_18_Transparent_Diagram.png,.png,116258,13b821e85fc29249a90691196361ffa71e92b369c88c207cecef60611c0a6cbc,scored,Thailand/Body_with_Diagram/Thailand_18_Body_with_Diagram.png,79,94,15,18,93,90,43,85
Thailand,19,Body,1 Thailand (monkey)/Body/ท่าลิง_Grayscale-19.png,Thailand/Body/Thailand_19_Body.png,.png,6716355,4c3c67570f7b4a82e7ec2613d2bf0caf6692595ddd3bc9a60854b0523d75d9c8,scored,Thailand/Body_with_Diagram/Thailand_19_Body_with_Diagram.png,78,60,51,8,74,91,44,85
Thailand,19,Body_with_Diagram,1 Thailand (monkey)/Body_with_Diagram/ท่าที่ 19.png,Thailand/Body_with_Diagram/Thailand_19_Body_with_Diagram.png,.png,6709876,a2a9955a833b14df662e8253da4b13d1659f098ea5986d273475aedfaf1f9c47,scored,Thailand/Body_with_Diagram/Thailand_19_Body_with_Diagram.png,78,60,51,8,74,91,44,85
Thailand,19,Transparent_Diagram,1 Thailand (monkey)/Transparent_Diagram/ท่าลิง_Diagram_V3-19.png,Thailand/Transparent_Diagram/Thailand_19_Transparent_Diagram.png,.png,91564,c6590231e55550eb8940a29e53c25cb8bc198f62812a0b9e0f7c432aa05e850b,scored,Thailand/Body_with_Diagram/Thailand_19_Body_with_Diagram.png,78,60,51,8,74,91,44,85
Thailand,20,Body,1 Thailand (monkey)/Body/ท่าลิง_Grayscale-20.png,Thailand/Body/Thailand_20_Body.png,.png,5578495,4be6f3d2843dd6696379ce0ebaec025ef54aa72b7de535a810c0c01889b1c5a2,scored,Thailand/Body_with_Diagram/Thailand_20_Body_with_Diagram.png,73,62,15,20,92,87,0,83
Thailand,20,Body_with_Diagram,1 Thailand (monkey)/Body_with_Diagram/ท่าที่ 20.png,Thailand/Body_with_Diagram/Thailand_20_Body_with_Diagram.png,.png,5568739,9478ba806e5296cc02f6af72fc7fbff8fb01dbb29d0a6b14be5b88741787f6b8,scored,Thailand/Body_with_Diagram/Thailand_20_Body_with_Diagram.png,73,62,15,20,92,87,0,83
Thailand,20,Transparent_Diagram,1 Thailand (monkey)/Transparent_Diagram/ท่าลิง_Diagram_V3-20.png,Thailand/Transparent_Diagram/Thailand_20_Transparent_Diagram.png,.png,80394,a9694ec65171a2ff969f1780aed5b1542ef323cf8f277827b631de04ef3910c7,scored,Thailand/Body_with_Diagram/Thailand_20_Body_with_Diagram.png,73,62,15,20,92,87,0,83
Thailand,21,Body,1 Thailand (monkey)/Body/ท่าลิง_Grayscale-21.png,Thailand/Body/Thailand_21_Body.png,.png,6922581,c511f246a23ae7678c07ef54ff9695d84f828f88ebef6d3a2b13f649bc795ec9,scored,Thailand/Body_with_Diagram/Thailand_21_Body_with_Diagram.png,63,20,45,10,50,85,0,82
Thailand,21,Body_with_Diagram,1 Thailand (monkey)/Body_with_Diagram/ท่าที่ 21.png,Thailand/Body_with_Diagram/Thailand_21_Body_with_Diagram.png,.png,6900800,c4cffbeae47e5fe75cf1bab54796ac2da124fbaf43878c2d4e39bf8a3f451e6e,scored,Thailand/Body_with_Diagram/Thailand_21_Body_with_Diagram.png,63,20,45,10,50,85,0,82
Thailand,21,Transparent_Diagram,1 Thailand (monkey)/Transparent_Diagram/ท่าลิง_Diagram_V3-21.png,Thailand/Transparent_Diagram/Thailand_21_Transparent_Diagram.png,.png,67115,34ac6dfe4244dcecdb1edd4e8ce409d84c6a8a57c33c7ee89d39cc1971186f76,scored,Thailand/Body_with_Diagram/Thailand_21_Body_with_Diagram.png,63,20,45,10,50,85,0,82
Thailand,22,Body,1 Thailand (monkey)/Body/ท่าลิง_Grayscale-22.png,Thailand/Body/Thailand_22_Body.png,.png,7736028,51cfeedc92283dcf29fc877cf2095e2405f792a197281f1a6d2bcd0734f0c357,scored,Thailand/Body_with_Diagram/Thailand_22_Body_with_Diagram.png,55,18,20,92,58,34,0,74
Thailand,22,Body_with_Diagram,1 Thailand (monkey)/Body_with_Diagram/ท่าที่ 22.png,Thailand/Body_with_Diagram/Thailand_22_Body_with_Diagram.png,.png,7713290,d315fda40086dd5f65f4a3dc5df1a7b46ad52b408b58a668cd38d4312fbef130,scored,Thailand/Body_with_Diagram/Thailand_22_Body_with_Diagram.png,55,18,20,92,58,34,0,74
Thailand,22,Transparent_Diagram,1 Thailand (monkey)/Transparent_Diagram/ท่าลิง_Diagram_V3-22.png,Thailand/Transparent_Diagram/Thailand_22_Transparent_Diagram.png,.png,71923,67c6c9cd06c329f8f8597ab5285b230bfc14595170a4b2645bfa16836701ff05,scored,Thailand/Body_with_Diagram/Thailand_22_Body_with_Diagram.png,55,18,20,92,58,34,0,74
Thailand,23,Body,1 Thailand (monkey)/Body/ท่าลิง_Grayscale-23.png,Thailand/Body/Thailand_23_Body.png,.png,7623839,ecda176d3978f7b06f098ef41c4674e6901ac9488d45d1de63a703cc351d9a1e,scored,Thailand/Body_with_Diagram/Thailand_23_Body_with_Diagram.png,56,18,20,93,60,34,0,74
Thailand,23,Body_with_Diagram,1 Thailand (monkey)/Body_with_Diagram/ท่าที่ 23.png,Thailand/Body_with_Diagram/Thailand_23_Body_with_Diagram.png,.png,7599970,4bff2b6983c21d1ebd0c1f73a0297ae2b01b37f6e9f39b3f58b0a2c228c795ea,scored,Thailand/Body_with_Diagram/Thailand_23_Body_with_Diagram.png,56,18,20,93,60,34,0,74
Thailand,23,Transparent_Diagram,1 Thailand (monkey)/Transparent_Diagram/ท่าลิง_Diagram_V3-23.png,Thailand/Transparent_Diagram/Thailand_23_Transparent_Diagram.png,.png,75103,ba4d5e2190ef4bfd79464f95cb2688ccc81345906836903c1244f2d186c844f0,scored,Thailand/Body_with_Diagram/Thailand_23_Body_with_Diagram.png,56,18,20,93,60,34,0,74
Thailand,24,Body,1 Thailand (monkey)/Body/ท่าลิง_Grayscale-24.png,Thailand/Body/Thailand_24_Body.png,.png,6109242,83cb571de559e7388806ed9c4ef80c810c25c910760cb9117d5bd064af7280b3,scored,Thailand/Body_with_Diagram/Thailand_24_Body_with_Diagram.png,66,22,32,35,76,86,0,80
Thailand,24,Body_with_Diagram,1 Thailand (monkey)/Body_with_Diagram/ท่าที่ 24.png,Thailand/Body_with_Diagram/Thailand_24_Body_with_Diagram.png,.png,6109959,8040e5c8ef31171c894d44280df14ee440b9f00a725e8b3557e2deb51b5292e2,scored,Thailand/Body_with_Diagram/Thailand_24_Body_with_Diagram.png,66,22,32,35,76,86,0,80
Thailand,24,Transparent_Diagram,1 Thailand (monkey)/Transparent_Diagram/ท่าลิง_Diagram_V3-24.png,Thailand/Transparent_Diagram/Thailand_24_Transparent_Diagram.png,.png,83760,35502bda0fbf46e8f2a8c9de11be586aa9c24c13a5e346746af3b1c5ef589c28,scored,Thailand/Body_with_Diagram/Thailand_24_Body_with_Diagram.png,66,22,32,35,76,86,0,80
Thailand,25,Body,1 Thailand (monkey)/Body/ท่าลิง_Grayscale-25.png,Thailand/Body/Thailand_25_Body.png,.png,6776252,0fb57d7ae46f4bffa8c2d7bd13f80f54b7b8c6ce7d54950c77f976ce747d0ed3,scored,Thailand/Body_with_Diagram/Thailand_25_Body_with_Diagram.png,57,25,72,80,44,60,0,73
Thailand,25,Body_with_Diagram,1 Thailand (monkey)/Body_with_Diagram/ท่าที่ 25.png,Thailand/Body_with_Diagram/Thailand_25_Body_with_Diagram.png,.png,6758836,e31220f97339de715accccf969fdf66e33545a493edc8818689946195ed0c05d,scored,Thailand/Body_with_Diagram/Thailand_25_Body_with_Diagram.png,57,25,72,80,44,60,0,73
Thailand,25,Transparent_Diagram,1 Thailand (monkey)/Transparent_Diagram/ท่าลิง_Diagram_V3-25.png,Thailand/Transparent_Diagram/Thailand_25_Transparent_Diagram.png,.png,81298,e5fde2a11765759318ee6cc1866a2a009fdd9dda3bf131ba304d4df15f5929c6,scored,Thailand/Body_with_Diagram/Thailand_25_Body_with_Diagram.png,57,25,72,80,44,60,0,73
Thailand,26,Body,1 Thailand (monkey)/Body/ท่าลิง_Grayscale-26.png,Thailand/Body/Thailand_26_Body.png,.png,6582511,6dc8d7894f7727a1cbbc6cbe7455a99f41d871630bfde01543a0ef47cdce1afc,scored,Thailand/Body_with_Diagram/Thailand_26_Body_with_Diagram.png,60,52,70,80,55,63,0,74
Thailand,26,Body_with_Diagram,1 Thailand (monkey)/Body_with_Diagram/ท่าที่ 26.png,Thailand/Body_with_Diagram/Thailand_26_Body_with_Diagram.png,.png,6592206,049ba05c1fb24fccbeaf86578d43b60511937adab358ba9be422e94a37fd4a14,scored,Thailand/Body_with_Diagram/Thailand_26_Body_with_Diagram.png,60,52,70,80,55,63,0,74
Thailand,26,Transparent_Diagram,1 Thailand (monkey)/Transparent_Diagram/ท่าลิง_Diagram_V3-26.png,Thailand/Transparent_Diagram/Thailand_26_Transparent_Diagram.png,.png,80991,fceb44d177fdbdeafc95e43e6841bcdd13ced0159a0285522af746c83194ec18,scored,Thailand/Body_with_Diagram/Thailand_26_Body_with_Diagram.png,60,52,70,80,55,63,0,74
Thailand,27,Body,1 Thailand (monkey)/Body/ท่าลิง_Grayscale-27.png,Thailand/Body/Thailand_27_Body.png,.png,6745491,337741c43e8d5af8a3dd87e7b6b5637cf68fec66ebf6f4f2a18ab73b364ada81,scored,Thailand/Body_with_Diagram/Thailand_27_Body_with_Diagram.png,68,55,61,16,64,82,0,80
Thailand,27,Body_with_Diagram,1 Thailand (monkey)/Body_with_Diagram/ท่าที่ 27.png,Thailand/Body_with_Diagram/Thailand_27_Body_with_Diagram.png,.png,6785994,7c83198e61c4e82474f975a4b5f1ca2e1f1e3bbcfb9f221541d7a8a6137f75f8,scored,Thailand/Body_with_Diagram/Thailand_27_Body_with_Diagram.png,68,55,61,16,64,82,0,80
Thailand,27,Transparent_Diagram,1 Thailand (monkey)/Transparent_Diagram/ท่าลิง_Diagram_V3-27.png,Thailand/Transparent_Diagram/Thailand_27_Transparent_Diagram.png,.png,121204,e77a566e33290d957a938a803694b9c91fdb86c8ee415d78b7a75611dfadecac,scored,Thailand/Body_with_Diagram/Thailand_27_Body_with_Diagram.png,68,55,61,16,64,82,0,80
Thailand,28,Body,1 Thailand (monkey)/Body/ท่าลิง_Grayscale-28.png,Thailand/Body/Thailand_28_Body.png,.png,6771498,b9c3e9a039d5a1390d9139a90776dab579c8e8cdb60d6bce5948fc371103a251,scored,Thailand/Body_with_Diagram/Thailand_28_Body_with_Diagram.png,70,83,45,12,80,86,0,81
Thailand,28,Body_with_Diagram,1 Thailand (monkey)/Body_with_Diagram/ท่าที่ 28.png,Thailand/Body_with_Diagram/Thailand_28_Body_with_Diagram.png,.png,6793998,d560e2a1d1a00dce34f4e8f3a2122ffbd7856592c9fb18e988adab914b1adcf4,scored,Thailand/Body_with_Diagram/Thailand_28_Body_with_Diagram.png,70,83,45,12,80,86,0,81
Thailand,28,Transparent_Diagram,1 Thailand (monkey)/Transparent_Diagram/ท่าลิง_Diagram_V3-28.png,Thailand/Transparent_Diagram/Thailand_28_Transparent_Diagram.png,.png,94633,3f1f9fae3fc4916fce2b7ae59929e2fbff2bea7cd8a0dda7da5744e01899e964,scored,Thailand/Body_with_Diagram/Thailand_28_Body_with_Diagram.png,70,83,45,12,80,86,0,81
Thailand,29,Body,1 Thailand (monkey)/Body/ท่าลิง_Grayscale-29.png,Thailand/Body/Thailand_29_Body.png,.png,6751263,cf0e9d1833c032064e0f391ff643d2f0c0afe7e053b508e42d4a867fa53f9811,scored,Thailand/Body_with_Diagram/Thailand_29_Body_with_Diagram.png,72,64,69,10,65,88,0,83
Thailand,29,Body_with_Diagram,1 Thailand (monkey)/Body_with_Diagram/ท่าที่ 29.png,Thailand/Body_with_Diagram/Thailand_29_Body_with_Diagram.png,.png,6825729,9afd6bbe2330aa74eb684e6fdde59e4c47ca16d54cf73c78186dfe6f1cde1c0f,scored,Thailand/Body_with_Diagram/Thailand_29_Body_with_Diagram.png,72,64,69,10,65,88,0,83
Thailand,29,Transparent_Diagram,1 Thailand (monkey)/Transparent_Diagram/ท่าลิง_Diagram_V3-29.png,Thailand/Transparent_Diagram/Thailand_29_Transparent_Diagram.png,.png,142218,a017c8d2a407148b9e68a0691eb266bca5aab1e936ba4e75395a454d412177eb,scored,Thailand/Body_with_Diagram/Thailand_29_Body_with_Diagram.png,72,64,69,10,65,88,0,83
Thailand,30,Body,1 Thailand (monkey)/Body/ท่าลิง_Grayscale-30.png,Thailand/Body/Thailand_30_Body.png,.png,6936333,c57267acef98fdb9a587ffe999baaa09632f09a0995a1629fcba3b03287ede48,scored,Thailand/Body_with_Diagram/Thailand_30_Body_with_Diagram.png,70,77,66,23,68,84,0,82
Thailand,30,Body_with_Diagram,1 Thailand (monkey)/Body_with_Diagram/ท่าที่ 30.png,Thailand/Body_with_Diagram/Thailand_30_Body_with_Diagram.png,.png,6971340,d3ffecbd7208cb1c98d34fe3178f1eabc53446da4f77393c7cf47e1127a1628d,scored,Thailand/Body_with_Diagram/Thailand_30_Body_with_Diagram.png,70,77,66,23,68,84,0,82
Thailand,30,Transparent_Diagram,1 Thailand (monkey)/Transparent_Diagram/ท่าลิง_Diagram_V3-30.png,Thailand/Transparent_Diagram/Thailand_30_Transparent_Diagram.png,.png,99932,5cd899e4ff89dd0257357fc5e65aeb63b31fa5cdb7e38a846f07c0a3c293482d,scored,Thailand/Body_with_Diagram/Thailand_30_Body_with_Diagram.png,70,77,66,23,68,84,0,82
Vietnam,01,Body,5 Vietnam/Body/Vietnam_DiagramVietnam_Grayscale_Photo-01.png,Vietnam/Body/Vietnam_01_Body.png,.png,4974273,5f3018f95beef9dac20d13b29ea423a1f414f8854dc368a86f0d6605c3920163,scored,Vietnam/Body_with_Diagram/Vietnam_01_Body_with_Diagram.png,61,35,18,16,69,85,0,84
Vietnam,01,Body_with_Diagram,5 Vietnam/Body_with_Diagram/Vietnam_Diagram-01.png,Vietnam/Body_with_Diagram/Vietnam_01_Body_with_Diagram.png,.png,4969106,6f177e2b9df3ea8ba1f34e204ae13adb593e59200a76b78eaa1580d03585e11e,scored,Vietnam/Body_with_Diagram/Vietnam_01_Body_with_Diagram.png,61,35,18,16,69,85,0,84
Vietnam,01,Transparent_Diagram,5 Vietnam/Transparent_Diagram/Vietnam_Diagram_Transparent-01.png,Vietnam/Transparent_Diagram/Vietnam_01_Transparent_Diagram.png,.png,125523,41d69a34b82e32af23a372de059439e08b64c5857153c47cf7c8dc9b2826cd74,scored,Vietnam/Body_with_Diagram/Vietnam_01_Body_with_Diagram.png,61,35,18,16,69,85,0,84
Vietnam,02,Body,5 Vietnam/Body/Vietnam_DiagramVietnam_Grayscale_Photo-02.png,Vietnam/Body/Vietnam_02_Body.png,.png,4983401,20cf6af4d10f5f2334476f98485343bd5f98e1352f058a0281c5bb01d61ec4fb,scored,Vietnam/Body_with_Diagram/Vietnam_02_Body_with_Diagram.png,57,25,16,67,72,58,0,78
Vietnam,02,Body_with_Diagram,5 Vietnam/Body_with_Diagram/Vietnam_Diagram-02.png,Vietnam/Body_with_Diagram/Vietnam_02_Body_with_Diagram.png,.png,4975959,5b73037a3d9fb90f9ed25856a9bb440356574a669dc15d47167ce3e40a5ea0da,scored,Vietnam/Body_with_Diagram/Vietnam_02_Body_with_Diagram.png,57,25,16,67,72,58,0,78
Vietnam,02,Transparent_Diagram,5 Vietnam/Transparent_Diagram/Vietnam_Diagram_Transparent-02.png,Vietnam/Transparent_Diagram/Vietnam_02_Transparent_Diagram.png,.png,135155,4b8fcfd2350ba8fa4e787b48e74bbf7385915176d240b874744428dd67a00987,scored,Vietnam/Body_with_Diagram/Vietnam_02_Body_with_Diagram.png,57,25,16,67,72,58,0,78
Vietnam,03,Body,5 Vietnam/Body/Vietnam_DiagramVietnam_Grayscale_Photo-03.png,Vietnam/Body/Vietnam_03_Body.png,.png,4732963,125a9c3c261aa6047059e49f94573c0670e20fdbb00373812831c3b064baa0fd,scored,Vietnam/Body_with_Diagram/Vietnam_03_Body_with_Diagram.png,43,20,35,92,32,45,0,68
Vietnam,03,Body_with_Diagram,5 Vietnam/Body_with_Diagram/Vietnam_Diagram-03.png,Vietnam/Body_with_Diagram/Vietnam_03_Body_with_Diagram.png,.png,4726515,412b2c5413580ea7c136de0dbfcedff4bd76295900bfd12d79006a1cf167cb86,scored,Vietnam/Body_with_Diagram/Vietnam_03_Body_with_Diagram.png,43,20,35,92,32,45,0,68
Vietnam,03,Transparent_Diagram,5 Vietnam/Transparent_Diagram/Vietnam_Diagram_Transparent-03.png,Vietnam/Transparent_Diagram/Vietnam_03_Transparent_Diagram.png,.png,118563,96d7cf1e821aa24b4dfcdcf8adde89b1d6ae87f85c901a9ab47f98197524c205,scored,Vietnam/Body_with_Diagram/Vietnam_03_Body_with_Diagram.png,43,20,35,92,32,45,0,68
Vietnam,04,Body,5 Vietnam/Body/Vietnam_DiagramVietnam_Grayscale_Photo-04.png,Vietnam/Body/Vietnam_04_Body.png,.png,4921893,06e89015702d0ba01493e8e052f0846dcdd863b00221670473333e6a6a7793e3,scored,Vietnam/Body_with_Diagram/Vietnam_04_Body_with_Diagram.png,61,55,20,12,68,86,6,79
Vietnam,04,Body_with_Diagram,5 Vietnam/Body_with_Diagram/Vietnam_Diagram-04.png,Vietnam/Body_with_Diagram/Vietnam_04_Body_with_Diagram.png,.png,4924155,fd83c73e7addf539502f0bf850d6c2a1c529d6b7b6ad0cdfdc16cf3dbbbc1c9b,scored,Vietnam/Body_with_Diagram/Vietnam_04_Body_with_Diagram.png,61,55,20,12,68,86,6,79
Vietnam,04,Transparent_Diagram,5 Vietnam/Transparent_Diagram/Vietnam_Diagram_Transparent-04.png,Vietnam/Transparent_Diagram/Vietnam_04_Transparent_Diagram.png,.png,137846,f072cf99ad3f71e0a41751fd0aada32abf9ece7fddc52fb4efeb1a347f572218,scored,Vietnam/Body_with_Diagram/Vietnam_04_Body_with_Diagram.png,61,55,20,12,68,86,6,79
Vietnam,05,Body,5 Vietnam/Body/Vietnam_DiagramVietnam_Grayscale_Photo-05.png,Vietnam/Body/Vietnam_05_Body.png,.png,5000623,b1fdf71b560d4aa2c436e6f8bb0fe853b9d13a3ee6c7700282b84d33010310ee,scored,Vietnam/Body_with_Diagram/Vietnam_05_Body_with_Diagram.png,56,38,14,78,72,52,5,77
Vietnam,05,Body_with_Diagram,5 Vietnam/Body_with_Diagram/Vietnam_Diagram-05.png,Vietnam/Body_with_Diagram/Vietnam_05_Body_with_Diagram.png,.png,4993772,c626cf11c08ba07d5117caeffcfc6d11d0a809a60ad2a62c371f45cee871eddc,scored,Vietnam/Body_with_Diagram/Vietnam_05_Body_with_Diagram.png,56,38,14,78,72,52,5,77
Vietnam,05,Transparent_Diagram,5 Vietnam/Transparent_Diagram/Vietnam_Diagram_Transparent-05.png,Vietnam/Transparent_Diagram/Vietnam_05_Transparent_Diagram.png,.png,123482,4ccb478a89df4c9a0412eb26e8a596eddd21356f21d7186fa8bcab656aafcbf1,scored,Vietnam/Body_with_Diagram/Vietnam_05_Body_with_Diagram.png,56,38,14,78,72,52,5,77
Vietnam,06,Body,5 Vietnam/Body/Vietnam_DiagramVietnam_Grayscale_Photo-06.png,Vietnam/Body/Vietnam_06_Body.png,.png,4927476,67096ca269f1adf2b86962343e91c0ad7596aac0dbedf2b0abc78134cd8f46b9,scored,Vietnam/Body_with_Diagram/Vietnam_06_Body_with_Diagram.png,45,28,50,20,42,70,0,75
Vietnam,06,Body_with_Diagram,5 Vietnam/Body_with_Diagram/Vietnam_Diagram-06.png,Vietnam/Body_with_Diagram/Vietnam_06_Body_with_Diagram.png,.png,4856491,27934f3f56af300a4b5ef297d6bc5604373afdb7a144ab3b1ee1300cda57f992,scored,Vietnam/Body_with_Diagram/Vietnam_06_Body_with_Diagram.png,45,28,50,20,42,70,0,75
Vietnam,06,Transparent_Diagram,5 Vietnam/Transparent_Diagram/Vietnam_Diagram_Transparent-06.png,Vietnam/Transparent_Diagram/Vietnam_06_Transparent_Diagram.png,.png,119162,4f024f148b89c872f4f187403776f833ec7af55aa61e3b3d12569202edf35c15,scored,Vietnam/Body_with_Diagram/Vietnam_06_Body_with_Diagram.png,45,28,50,20,42,70,0,75
Vietnam,07,Body,5 Vietnam/Body/Vietnam_DiagramVietnam_Grayscale_Photo-07.png,Vietnam/Body/Vietnam_07_Body.png,.png,5065558,69e96d09f9e2f996ee8f727559cdde0bb4fffd1ad990a5e3d970057736d409c9,scored,Vietnam/Body_with_Diagram/Vietnam_07_Body_with_Diagram.png,58,32,12,91,78,38,0,82
Vietnam,07,Body_with_Diagram,5 Vietnam/Body_with_Diagram/Vietnam_Diagram-07.png,Vietnam/Body_with_Diagram/Vietnam_07_Body_with_Diagram.png,.png,5078537,57b56611da0bab48d95a39b60246f101da6d195577a232b6b9633b21c94dd490,scored,Vietnam/Body_with_Diagram/Vietnam_07_Body_with_Diagram.png,58,32,12,91,78,38,0,82
Vietnam,07,Transparent_Diagram,5 Vietnam/Transparent_Diagram/Vietnam_Diagram_Transparent-07.png,Vietnam/Transparent_Diagram/Vietnam_07_Transparent_Diagram.png,.png,139908,38c740e59a44abe561aaf339c5a3593ad963f7d719ff2b782eee0c1c1ea73079,scored,Vietnam/Body_with_Diagram/Vietnam_07_Body_with_Diagram.png,58,32,12,91,78,38,0,82
Vietnam,08,Body,5 Vietnam/Body/Vietnam_DiagramVietnam_Grayscale_Photo-08.png,Vietnam/Body/Vietnam_08_Body.png,.png,5076624,f162e4b147522ced8d03dc494d9ec8051f9b128e4743449a047d1a8d52020da4,scored,Vietnam/Body_with_Diagram/Vietnam_08_Body_with_Diagram.png,59,35,10,94,86,35,0,86
Vietnam,08,Body_with_Diagram,5 Vietnam/Body_with_Diagram/Vietnam_Diagram-08.png,Vietnam/Body_with_Diagram/Vietnam_08_Body_with_Diagram.png,.png,5061090,b3a180445a2aa76d891f42b38c7659b67fa7f65f7740b5d681228edf9cafb208,scored,Vietnam/Body_with_Diagram/Vietnam_08_Body_with_Diagram.png,59,35,10,94,86,35,0,86
Vietnam,08,Transparent_Diagram,5 Vietnam/Transparent_Diagram/Vietnam_Diagram_Transparent-08.png,Vietnam/Transparent_Diagram/Vietnam_08_Transparent_Diagram.png,.png,118258,46b33a0812d96e8a6224e546a0129a6e3f1d18ccaa9f308380c7ed0042e795e9,scored,Vietnam/Body_with_Diagram/Vietnam_08_Body_with_Diagram.png,59,35,10,94,86,35,0,86
Vietnam,09,Body,5 Vietnam/Body/Vietnam_DiagramVietnam_Grayscale_Photo-09.png,Vietnam/Body/Vietnam_09_Body.png,.png,5073249,f097b92596ae2c8345f5a6704fbfa7d33c88f684943ff0ae655876b651c1fa83,scored,Vietnam/Body_with_Diagram/Vietnam_09_Body_with_Diagram.png,44,25,76,90,30,44,0,78
Vietnam,09,Body_with_Diagram,5 Vietnam/Body_with_Diagram/Vietnam_Diagram-09.png,Vietnam/Body_with_Diagram/Vietnam_09_Body_with_Diagram.png,.png,5057728,47f356b28c289b763ee5c3b4c49355b0c5d4b524046afef852e79a9a248f5705,scored,Vietnam/Body_with_Diagram/Vietnam_09_Body_with_Diagram.png,44,25,76,90,30,44,0,78
Vietnam,09,Transparent_Diagram,5 Vietnam/Transparent_Diagram/Vietnam_Diagram_Transparent-09.png,Vietnam/Transparent_Diagram/Vietnam_09_Transparent_Diagram.png,.png,118833,7da23b06d439907108c44bbe3a5e85ad10d0b6058c3c2eb6751270e41fcdedab,scored,Vietnam/Body_with_Diagram/Vietnam_09_Body_with_Diagram.png,44,25,76,90,30,44,0,78
Vietnam,10,Body,5 Vietnam/Body/Vietnam_DiagramVietnam_Grayscale_Photo-10.png,Vietnam/Body/Vietnam_10_Body.png,.png,4901061,2e09199723a05446f3568712d66da0d79c2cd19c3a1f91455795d4ee73b48883,scored,Vietnam/Body_with_Diagram/Vietnam_10_Body_with_Diagram.png,47,25,52,24,42,67,0,73
Vietnam,10,Body_with_Diagram,5 Vietnam/Body_with_Diagram/Vietnam_Diagram-10.png,Vietnam/Body_with_Diagram/Vietnam_10_Body_with_Diagram.png,.png,4834146,562eff93b7b902a59437d73547d8c2e2a336b633b8ec0a9b7ee1361f6ac163e2,scored,Vietnam/Body_with_Diagram/Vietnam_10_Body_with_Diagram.png,47,25,52,24,42,67,0,73
Vietnam,10,Transparent_Diagram,5 Vietnam/Transparent_Diagram/Vietnam_Diagram_Transparent-10.png,Vietnam/Transparent_Diagram/Vietnam_10_Transparent_Diagram.png,.png,122420,6a2730ccaa3582aae967f5af1b093c8e2829b1f06ceabe9fa4f9bbd6f331c271,scored,Vietnam/Body_with_Diagram/Vietnam_10_Body_with_Diagram.png,47,25,52,24,42,67,0,73
Vietnam,11,Body,5 Vietnam/Body/Vietnam_DiagramVietnam_Grayscale_Photo-11.png,Vietnam/Body/Vietnam_11_Body.png,.png,5078199,808c0f8cb045d500a666f7ebb048b1716f689ab5bf6bef29e7da4348c3bbf6d3,scored,Vietnam/Body_with_Diagram/Vietnam_11_Body_with_Diagram.png,49,28,12,90,58,38,0,83
Vietnam,11,Body_with_Diagram,5 Vietnam/Body_with_Diagram/Vietnam_Diagram-11.png,Vietnam/Body_with_Diagram/Vietnam_11_Body_with_Diagram.png,.png,5072555,3278ef68c482e8c10ea4713961fdf67f20d7c8cd4587a638b37d9810ab50fe05,scored,Vietnam/Body_with_Diagram/Vietnam_11_Body_with_Diagram.png,49,28,12,90,58,38,0,83
Vietnam,11,Transparent_Diagram,5 Vietnam/Transparent_Diagram/Vietnam_Diagram_Transparent-11.png,Vietnam/Transparent_Diagram/Vietnam_11_Transparent_Diagram.png,.png,132067,9ac7494fc822553eb1a023f4fd054c502779eecd7cf2b133b4697a82484236a0,scored,Vietnam/Body_with_Diagram/Vietnam_11_Body_with_Diagram.png,49,28,12,90,58,38,0,83
Vietnam,12,Body,5 Vietnam/Body/Vietnam_DiagramVietnam_Grayscale_Photo-12.png,Vietnam/Body/Vietnam_12_Body.png,.png,5003360,ba5ca24c85e6667017ddcbff5db6aabfaa68e2411b43a4da8660a06c0789a5aa,scored,Vietnam/Body_with_Diagram/Vietnam_12_Body_with_Diagram.png,72,76,50,35,68,83,46,86
Vietnam,12,Body_with_Diagram,5 Vietnam/Body_with_Diagram/Vietnam_Diagram-12.png,Vietnam/Body_with_Diagram/Vietnam_12_Body_with_Diagram.png,.png,4999904,812c86bfedbd001de9e12237c58fe7ea962dabd1746f731e8561acc0c21ed348,scored,Vietnam/Body_with_Diagram/Vietnam_12_Body_with_Diagram.png,72,76,50,35,68,83,46,86
Vietnam,12,Transparent_Diagram,5 Vietnam/Transparent_Diagram/Vietnam_Diagram_Transparent-12.png,Vietnam/Transparent_Diagram/Vietnam_12_Transparent_Diagram.png,.png,134232,ab7b902354319a5b59d9373134e696df6aac3a2bd553e4dbeed5e7d1d32b7f9e,scored,Vietnam/Body_with_Diagram/Vietnam_12_Body_with_Diagram.png,72,76,50,35,68,83,46,86
Vietnam,13,Body,5 Vietnam/Body/Vietnam_DiagramVietnam_Grayscale_Photo-13.png,Vietnam/Body/Vietnam_13_Body.png,.png,5005894,81ca62f5bea55e98146d3f6d98cdbefa214b14df88985cf07038fd0fb2bf15ef,scored,Vietnam/Body_with_Diagram/Vietnam_13_Body_with_Diagram.png,62,32,67,35,54,81,0,88
Vietnam,13,Body_with_Diagram,5 Vietnam/Body_with_Diagram/Vietnam_Diagram-13.png,Vietnam/Body_with_Diagram/Vietnam_13_Body_with_Diagram.png,.png,5019282,a92f4a75d1020b3af3bcc1241d3aa3b821b3a939c8443ef101b33c53af1d8203,scored,Vietnam/Body_with_Diagram/Vietnam_13_Body_with_Diagram.png,62,32,67,35,54,81,0,88
Vietnam,13,Transparent_Diagram,5 Vietnam/Transparent_Diagram/Vietnam_Diagram_Transparent-13.png,Vietnam/Transparent_Diagram/Vietnam_13_Transparent_Diagram.png,.png,148925,40bcf8fdb03bb7edbfd9f2d8e187dbd1188e38d423f5486e4898919772cbc035,scored,Vietnam/Body_with_Diagram/Vietnam_13_Body_with_Diagram.png,62,32,67,35,54,81,0,88
Vietnam,14,Body,5 Vietnam/Body/Vietnam_DiagramVietnam_Grayscale_Photo-14.png,Vietnam/Body/Vietnam_14_Body.png,.png,5071495,6471e16138895c82c53af3e7e1c81d2f6d1be60e0173ed9e8f38fcfbfc7783bb,scored,Vietnam/Body_with_Diagram/Vietnam_14_Body_with_Diagram.png,58,25,48,8,64,84,0,82
Vietnam,14,Body_with_Diagram,5 Vietnam/Body_with_Diagram/Vietnam_Diagram-14.png,Vietnam/Body_with_Diagram/Vietnam_14_Body_with_Diagram.png,.png,5069908,b26d6bc74762f7c4e65c5ec90a3413b7f2b698c361a4ca73322c32749784fe41,scored,Vietnam/Body_with_Diagram/Vietnam_14_Body_with_Diagram.png,58,25,48,8,64,84,0,82
Vietnam,14,Transparent_Diagram,5 Vietnam/Transparent_Diagram/Vietnam_Diagram_Transparent-14.png,Vietnam/Transparent_Diagram/Vietnam_14_Transparent_Diagram.png,.png,135417,67a13d48bd051834cdbebc64e0fc334725fa13d5c6215df3486af0b7ca703b91,scored,Vietnam/Body_with_Diagram/Vietnam_14_Body_with_Diagram.png,58,25,48,8,64,84,0,82
Vietnam,15,Body,5 Vietnam/Body/Vietnam_DiagramVietnam_Grayscale_Photo-15.png,Vietnam/Body/Vietnam_15_Body.png,.png,4940295,00a85de0ff66b9e82560b4af1dc50e216e00b016f540dc94d85ac20ea3bd4805,scored,Vietnam/Body_with_Diagram/Vietnam_15_Body_with_Diagram.png,42,20,82,91,28,48,0,88
Vietnam,15,Body_with_Diagram,5 Vietnam/Body_with_Diagram/Vietnam_Diagram-15.png,Vietnam/Body_with_Diagram/Vietnam_15_Body_with_Diagram.png,.png,4926938,97a3d66c1a8dadac20d69a2885749edcc00a11ed48f9121233552e168ea21f8c,scored,Vietnam/Body_with_Diagram/Vietnam_15_Body_with_Diagram.png,42,20,82,91,28,48,0,88
Vietnam,15,Transparent_Diagram,5 Vietnam/Transparent_Diagram/Vietnam_Diagram_Transparent-15.png,Vietnam/Transparent_Diagram/Vietnam_15_Transparent_Diagram.png,.png,126764,e303624ddad08e53ba08fd7a6b6e1b158cbb299df34976c4510106e347bff7f8,scored,Vietnam/Body_with_Diagram/Vietnam_15_Body_with_Diagram.png,42,20,82,91,28,48,0,88
Vietnam,16,Body,5 Vietnam/Body/Vietnam_DiagramVietnam_Grayscale_Photo-16.png,Vietnam/Body/Vietnam_16_Body.png,.png,5148069,d82013eb2e92f51090e6a2a15226e949c3322ca62924ca93b111f32644f3ad82,scored,Vietnam/Body_with_Diagram/Vietnam_16_Body_with_Diagram.png,57,31,12,86,80,45,0,84
Vietnam,16,Body_with_Diagram,5 Vietnam/Body_with_Diagram/Vietnam_Diagram-16.png,Vietnam/Body_with_Diagram/Vietnam_16_Body_with_Diagram.png,.png,5152672,62630cc8cf6aa71853bc44712f6834b86b7843ae1cda9ea78f7c287298ea301f,scored,Vietnam/Body_with_Diagram/Vietnam_16_Body_with_Diagram.png,57,31,12,86,80,45,0,84
Vietnam,16,Transparent_Diagram,5 Vietnam/Transparent_Diagram/Vietnam_Diagram_Transparent-16.png,Vietnam/Transparent_Diagram/Vietnam_16_Transparent_Diagram.png,.png,142974,69f48ef126c7b7a0befaece7652becd67909397726416bc730d3104aa97e973b,scored,Vietnam/Body_with_Diagram/Vietnam_16_Body_with_Diagram.png,57,31,12,86,80,45,0,84
Vietnam,17,Body,5 Vietnam/Body/Vietnam_DiagramVietnam_Grayscale_Photo-17.png,Vietnam/Body/Vietnam_17_Body.png,.png,5128174,245e2e91c0cd8dcb4613e5915d86b0e34c16c22ec0f5724dd3997b8ae7b3bef7,scored,Vietnam/Body_with_Diagram/Vietnam_17_Body_with_Diagram.png,60,27,62,85,67,69,0,82
Vietnam,17,Body_with_Diagram,5 Vietnam/Body_with_Diagram/Vietnam_Diagram-17.png,Vietnam/Body_with_Diagram/Vietnam_17_Body_with_Diagram.png,.png,5123043,ff52b51c70769e7b07ac1868b4ef896befa7cbd62a23ac36376fb241d2bf6be7,scored,Vietnam/Body_with_Diagram/Vietnam_17_Body_with_Diagram.png,60,27,62,85,67,69,0,82
Vietnam,17,Transparent_Diagram,5 Vietnam/Transparent_Diagram/Vietnam_Diagram_Transparent-17.png,Vietnam/Transparent_Diagram/Vietnam_17_Transparent_Diagram.png,.png,144644,f93a630cee64097540cb5fa746b778103cfd0c2c6ba4c60556755e875abe6661,scored,Vietnam/Body_with_Diagram/Vietnam_17_Body_with_Diagram.png,60,27,62,85,67,69,0,82
Vietnam,18,Body,5 Vietnam/Body/Vietnam_DiagramVietnam_Grayscale_Photo-18.png,Vietnam/Body/Vietnam_18_Body.png,.png,5127066,ac47a6b7114ad82e5d8df6f44618395a98f5cc9c76661ea89acd463a9ab5eb58,scored,Vietnam/Body_with_Diagram/Vietnam_18_Body_with_Diagram.png,71,35,52,12,63,86,42,88
Vietnam,18,Body_with_Diagram,5 Vietnam/Body_with_Diagram/Vietnam_Diagram-18.png,Vietnam/Body_with_Diagram/Vietnam_18_Body_with_Diagram.png,.png,5098808,58a1d0dcf786c009c80c35f466062e8c7e3622531aea6f0dba13692901051da9,scored,Vietnam/Body_with_Diagram/Vietnam_18_Body_with_Diagram.png,71,35,52,12,63,86,42,88
Vietnam,18,Transparent_Diagram,5 Vietnam/Transparent_Diagram/Vietnam_Diagram_Transparent-18.png,Vietnam/Transparent_Diagram/Vietnam_18_Transparent_Diagram.png,.png,150028,b88a3b20c8c4ee111012dcc0340a3dff01a6c5302922e7b42fc8a35b85df7931,scored,Vietnam/Body_with_Diagram/Vietnam_18_Body_with_Diagram.png,71,35,52,12,63,86,42,88
Vietnam,19,Body,5 Vietnam/Body/Vietnam_DiagramVietnam_Grayscale_Photo-19.png,Vietnam/Body/Vietnam_19_Body.png,.png,5055938,5598b780a33da38e7465f5e4a36ec4570e660e09b103ac36dc5293cc38941171,scored,Vietnam/Body_with_Diagram/Vietnam_19_Body_with_Diagram.png,57,32,78,78,45,78,0,90
Vietnam,19,Body_with_Diagram,5 Vietnam/Body_with_Diagram/Vietnam_Diagram-19.png,Vietnam/Body_with_Diagram/Vietnam_19_Body_with_Diagram.png,.png,5047125,521d1a748e2fedc1d44dbf3fb13ff16c5bf20b974465bcf21a8a812d7045e5e8,scored,Vietnam/Body_with_Diagram/Vietnam_19_Body_with_Diagram.png,57,32,78,78,45,78,0,90
Vietnam,19,Transparent_Diagram,5 Vietnam/Transparent_Diagram/Vietnam_Diagram_Transparent-19.png,Vietnam/Transparent_Diagram/Vietnam_19_Transparent_Diagram.png,.png,141070,8ebc5b571947627ecc1f7d4acc3530fe98b685f8c45f089e3f51516b30f0ff7b,scored,Vietnam/Body_with_Diagram/Vietnam_19_Body_with_Diagram.png,57,32,78,78,45,78,0,90
Vietnam,20,Body,5 Vietnam/Body/Vietnam_DiagramVietnam_Grayscale_Photo-20.png,Vietnam/Body/Vietnam_20_Body.png,.png,4917858,f162b36d1986e1e049da952304d0784c7bb5c370e759166fb38ebda8612f405c,scored,Vietnam/Body_with_Diagram/Vietnam_20_Body_with_Diagram.png,62,28,68,82,64,72,0,87
Vietnam,20,Body_with_Diagram,5 Vietnam/Body_with_Diagram/Vietnam_Diagram-20.png,Vietnam/Body_with_Diagram/Vietnam_20_Body_with_Diagram.png,.png,4889289,44254d828990dfc583ab1bfac4ffab275a16bdebdf1190863594706168cc9419,scored,Vietnam/Body_with_Diagram/Vietnam_20_Body_with_Diagram.png,62,28,68,82,64,72,0,87
Vietnam,20,Transparent_Diagram,5 Vietnam/Transparent_Diagram/Vietnam_Diagram_Transparent-20.png,Vietnam/Transparent_Diagram/Vietnam_20_Transparent_Diagram.png,.png,155068,da71f080cb57e640e639127fbfbfabcbb7b7bac32f9dc1f194f4472436e3b151,scored,Vietnam/Body_with_Diagram/Vietnam_20_Body_with_Diagram.png,62,28,68,82,64,72,0,87
Vietnam,21,Body,5 Vietnam/Body/Vietnam_DiagramVietnam_Grayscale_Photo-21.png,Vietnam/Body/Vietnam_21_Body.png,.png,4970254,2cec429294611bbbd547584b08ff92355cc0e078c935b7963ce6422dd8db4a88,scored,Vietnam/Body_with_Diagram/Vietnam_21_Body_with_Diagram.png,51,20,84,90,35,55,5,89
Vietnam,21,Body_with_Diagram,5 Vietnam/Body_with_Diagram/Vietnam_Diagram-21.png,Vietnam/Body_with_Diagram/Vietnam_21_Body_with_Diagram.png,.png,4938055,2f1a85da1ff12c0e893b64829432eb2b0e3fc9865d300e35e19133844dd0c13f,scored,Vietnam/Body_with_Diagram/Vietnam_21_Body_with_Diagram.png,51,20,84,90,35,55,5,89
Vietnam,21,Transparent_Diagram,5 Vietnam/Transparent_Diagram/Vietnam_Diagram_Transparent-21.png,Vietnam/Transparent_Diagram/Vietnam_21_Transparent_Diagram.png,.png,143597,776482edc76577593c77ba4c3fddb45191572497758adae166abc4b2718ff71f,scored,Vietnam/Body_with_Diagram/Vietnam_21_Body_with_Diagram.png,51,20,84,90,35,55,5,89
Vietnam,22,Body,5 Vietnam/Body/Vietnam_DiagramVietnam_Grayscale_Photo-22.png,Vietnam/Body/Vietnam_22_Body.png,.png,4974771,71523d168817e51d955b2f7653ede994e61877db4d2e1f4fe96fb61c1ac720a3,scored,Vietnam/Body_with_Diagram/Vietnam_22_Body_with_Diagram.png,67,22,42,8,61,88,0,90
Vietnam,22,Body_with_Diagram,5 Vietnam/Body_with_Diagram/Vietnam_Diagram-22.png,Vietnam/Body_with_Diagram/Vietnam_22_Body_with_Diagram.png,.png,4944986,78ae4df7b7f5c63532ee9e87f0b36b3ed484f3ec1aa532ae761fd8e994db3ab6,scored,Vietnam/Body_with_Diagram/Vietnam_22_Body_with_Diagram.png,67,22,42,8,61,88,0,90
Vietnam,22,Transparent_Diagram,5 Vietnam/Transparent_Diagram/Vietnam_Diagram_Transparent-22.png,Vietnam/Transparent_Diagram/Vietnam_22_Transparent_Diagram.png,.png,134841,41de911f0d7f678bf9fbbb7f1e5ddb0c6d3133fe9535609975a9f9462a0c1a34,scored,Vietnam/Body_with_Diagram/Vietnam_22_Body_with_Diagram.png,67,22,42,8,61,88,0,90
Vietnam,23,Body,5 Vietnam/Body/Vietnam_DiagramVietnam_Grayscale_Photo-23.png,Vietnam/Body/Vietnam_23_Body.png,.png,5022407,ddca37f84b100a318dbf755e0f8c89183183959e81bf93ab7204fb29fbe4af58,scored,Vietnam/Body_with_Diagram/Vietnam_23_Body_with_Diagram.png,58,24,52,10,54,85,0,89
Vietnam,23,Body_with_Diagram,5 Vietnam/Body_with_Diagram/Vietnam_Diagram-23.png,Vietnam/Body_with_Diagram/Vietnam_23_Body_with_Diagram.png,.png,5027017,09b552e8bc81abae017636ab83c69e9c91a20ba05221e140d4978c0f4f4763ec,scored,Vietnam/Body_with_Diagram/Vietnam_23_Body_with_Diagram.png,58,24,52,10,54,85,0,89
Vietnam,23,Transparent_Diagram,5 Vietnam/Transparent_Diagram/Vietnam_Diagram_Transparent-23.png,Vietnam/Transparent_Diagram/Vietnam_23_Transparent_Diagram.png,.png,130056,ed41c02952910fa4bf1935bce16368c495c4f43fbccd8b76b56df345a6310a0f,scored,Vietnam/Body_with_Diagram/Vietnam_23_Body_with_Diagram.png,58,24,52,10,54,85,0,89
Vietnam,24,Body,5 Vietnam/Body/Vietnam_DiagramVietnam_Grayscale_Photo-24.png,Vietnam/Body/Vietnam_24_Body.png,.png,4883027,998b7d170c6528130a8176ce3f67d770e881a8412cc7099516d5c9621c8ac8a4,scored,Vietnam/Body_with_Diagram/Vietnam_24_Body_with_Diagram.png,62,25,24,12,78,86,0,88
Vietnam,24,Body_with_Diagram,5 Vietnam/Body_with_Diagram/Vietnam_Diagram-24.png,Vietnam/Body_with_Diagram/Vietnam_24_Body_with_Diagram.png,.png,4887069,6788edb958724f99edfc3dca407057ceba987825eefacd085bec33b946b16d2c,scored,Vietnam/Body_with_Diagram/Vietnam_24_Body_with_Diagram.png,62,25,24,12,78,86,0,88
Vietnam,24,Transparent_Diagram,5 Vietnam/Transparent_Diagram/Vietnam_Diagram_Transparent-24.png,Vietnam/Transparent_Diagram/Vietnam_24_Transparent_Diagram.png,.png,134169,06d9962b627d6c0b802ca7921559c85b287001e98cdf4c2fe8ddffa0ad2c529c,scored,Vietnam/Body_with_Diagram/Vietnam_24_Body_with_Diagram.png,62,25,24,12,78,86,0,88
Vietnam,25,Body,5 Vietnam/Body/Vietnam_DiagramVietnam_Grayscale_Photo-25.png,Vietnam/Body/Vietnam_25_Body.png,.png,4731702,abdf038d76fcb052f8ae45fa50de49ab540a79068d4abf0c74024025e205d5d2,scored,Vietnam/Body_with_Diagram/Vietnam_25_Body_with_Diagram.png,69,28,26,30,70,92,0,75
Vietnam,25,Body_with_Diagram,5 Vietnam/Body_with_Diagram/Vietnam_Diagram-25.png,Vietnam/Body_with_Diagram/Vietnam_25_Body_with_Diagram.png,.png,4724373,36383f3f84fc154d3af46e2e3b449e3a5c6be2847d4fcc9f26abdc844f9aaa2e,scored,Vietnam/Body_with_Diagram/Vietnam_25_Body_with_Diagram.png,69,28,26,30,70,92,0,75
Vietnam,25,Transparent_Diagram,5 Vietnam/Transparent_Diagram/Vietnam_Diagram_Transparent-25.png,Vietnam/Transparent_Diagram/Vietnam_25_Transparent_Diagram.png,.png,124106,8de016e94619f690cb158a063ace10cfd8a80bf24c09936ac9ce5e6f9e67e559,scored,Vietnam/Body_with_Diagram/Vietnam_25_Body_with_Diagram.png,69,28,26,30,70,92,0,75
Vietnam,26,Body,5 Vietnam/Body/Vietnam_DiagramVietnam_Grayscale_Photo-26.png,Vietnam/Body/Vietnam_26_Body.png,.png,4911665,ed553358ad8096b00c45954a0c2820d530ee8f1c66eabd1778af97a07e7a300a,scored,Vietnam/Body_with_Diagram/Vietnam_26_Body_with_Diagram.png,54,20,38,10,53,80,0,85
Vietnam,26,Body_with_Diagram,5 Vietnam/Body_with_Diagram/Vietnam_Diagram-26.png,Vietnam/Body_with_Diagram/Vietnam_26_Body_with_Diagram.png,.png,4903529,6aaa4dfcbf32be55914216b8a29d9abb009a8911f90229e5a055e219747382b2,scored,Vietnam/Body_with_Diagram/Vietnam_26_Body_with_Diagram.png,54,20,38,10,53,80,0,85
Vietnam,26,Transparent_Diagram,5 Vietnam/Transparent_Diagram/Vietnam_Diagram_Transparent-26.png,Vietnam/Transparent_Diagram/Vietnam_26_Transparent_Diagram.png,.png,130470,adbb81aa5cd858da7c5d2ee3e40f9f6b7fa29c2d8c52930c0a65897b191e3e4d,scored,Vietnam/Body_with_Diagram/Vietnam_26_Body_with_Diagram.png,54,20,38,10,53,80,0,85
Vietnam,27,Body,5 Vietnam/Body/Vietnam_DiagramVietnam_Grayscale_Photo-27.png,Vietnam/Body/Vietnam_27_Body.png,.png,6099894,c80cafa718706801c3e6fd3d541a77d722a1cc2d5645834e8494e8cbc3e37609,scored,Vietnam/Body_with_Diagram/Vietnam_27_Body_with_Diagram.png,61,25,14,18,79,87,0,88
Vietnam,27,Body_with_Diagram,5 Vietnam/Body_with_Diagram/Vietnam_Diagram-27.png,Vietnam/Body_with_Diagram/Vietnam_27_Body_with_Diagram.png,.png,6090114,3f6a8593f0e0385fd96cbafb8adb9dbc32b3187f996533b20e66a7b05ebffbef,scored,Vietnam/Body_with_Diagram/Vietnam_27_Body_with_Diagram.png,61,25,14,18,79,87,0,88
Vietnam,27,Transparent_Diagram,5 Vietnam/Transparent_Diagram/Vietnam_Diagram_Transparent-27.png,Vietnam/Transparent_Diagram/Vietnam_27_Transparent_Diagram.png,.png,137909,64e6ce5ab467ccb3c0546a879ac5239a2c900ab3617e3172d0d649b9d178af14,scored,Vietnam/Body_with_Diagram/Vietnam_27_Body_with_Diagram.png,61,25,14,18,79,87,0,88
Vietnam,28,Body,5 Vietnam/Body/Vietnam_DiagramVietnam_Grayscale_Photo-28.png,Vietnam/Body/Vietnam_28_Body.png,.png,4909171,4ea023abde8cc352e6211f6d257a238209cf2c3b78ad49847001d9af6dc3c7ee,scored,Vietnam/Body_with_Diagram/Vietnam_28_Body_with_Diagram.png,60,32,55,40,46,78,0,91
Vietnam,28,Body_with_Diagram,5 Vietnam/Body_with_Diagram/Vietnam_Diagram-28.png,Vietnam/Body_with_Diagram/Vietnam_28_Body_with_Diagram.png,.png,4911817,022136fcd5bd8b9c10fec78862e865c66cf9a81d96c2fbd729107cc0d5b5f4ed,scored,Vietnam/Body_with_Diagram/Vietnam_28_Body_with_Diagram.png,60,32,55,40,46,78,0,91
Vietnam,28,Transparent_Diagram,5 Vietnam/Transparent_Diagram/Vietnam_Diagram_Transparent-28.png,Vietnam/Transparent_Diagram/Vietnam_28_Transparent_Diagram.png,.png,131228,f45dcf61bf0d921692358c8ef04ee2d15b43480f558bb2dd6b6f76bfea7c8b40,scored,Vietnam/Body_with_Diagram/Vietnam_28_Body_with_Diagram.png,60,32,55,40,46,78,0,91
Vietnam,29,Body,5 Vietnam/Body/Vietnam_DiagramVietnam_Grayscale_Photo-29.png,Vietnam/Body/Vietnam_29_Body.png,.png,5653665,d96ee186bfa2e998f0e5d8bfcc1982bdaf38d4d2744979bcbe1ea3bc1dd060a7,scored,Vietnam/Body_with_Diagram/Vietnam_29_Body_with_Diagram.png,70,20,18,15,82,92,0,90
Vietnam,29,Body_with_Diagram,5 Vietnam/Body_with_Diagram/Vietnam_Diagram-29.png,Vietnam/Body_with_Diagram/Vietnam_29_Body_with_Diagram.png,.png,5659117,05342c1723654b8ffd02047f9ef4a101b8c4c444a4c94fb639d25015c37f9a2f,scored,Vietnam/Body_with_Diagram/Vietnam_29_Body_with_Diagram.png,70,20,18,15,82,92,0,90
Vietnam,29,Transparent_Diagram,5 Vietnam/Transparent_Diagram/Vietnam_Diagram_Transparent-29.png,Vietnam/Transparent_Diagram/Vietnam_29_Transparent_Diagram.png,.png,133998,202920982095d5f905015f12ad6e4c4f6227ba0250bf39d747be5b5ff12dcb34,scored,Vietnam/Body_with_Diagram/Vietnam_29_Body_with_Diagram.png,70,20,18,15,82,92,0,90
Vietnam,30,Body,5 Vietnam/Body/Vietnam_DiagramVietnam_Grayscale_Photo-30.png,Vietnam/Body/Vietnam_30_Body.png,.png,4927971,6c0e2371eda74cef01a2542a102d277961294fea3c3fab03000ce45c5400860d,scored,Vietnam/Body_with_Diagram/Vietnam_30_Body_with_Diagram.png,72,25,16,90,80,50,0,92
Vietnam,30,Body_with_Diagram,5 Vietnam/Body_with_Diagram/Vietnam_Diagram-30.png,Vietnam/Body_with_Diagram/Vietnam_30_Body_with_Diagram.png,.png,4919253,bce17aaa29a14ef462f96023b244e5840f62994ee150dccb8a12c40d6061a56d,scored,Vietnam/Body_with_Diagram/Vietnam_30_Body_with_Diagram.png,72,25,16,90,80,50,0,92
Vietnam,30,Transparent_Diagram,5 Vietnam/Transparent_Diagram/Vietnam_Diagram_Transparent-30.png,Vietnam/Transparent_Diagram/Vietnam_30_Transparent_Diagram.png,.png,129435,86329c74c85ab0340a3f2a144df4be4900eb9812932c5890712e39e178eb0a5a,scored,Vietnam/Body_with_Diagram/Vietnam_30_Body_with_Diagram.png,72,25,16,90,80,50,0,92
Vietnam,31,Body,5 Vietnam/Body/Vietnam_DiagramVietnam_Grayscale_Photo-31.png,Vietnam/Body/Vietnam_31_Body.png,.png,5027378,576db6e3c90479243634cec7f0e6ac87435dd037558d2f8667e93c5623d76e16,scored,Vietnam/Body_with_Diagram/Vietnam_31_Body_with_Diagram.png,59,32,75,93,66,50,0,86
Vietnam,31,Body_with_Diagram,5 Vietnam/Body_with_Diagram/Vietnam_Diagram-31.png,Vietnam/Body_with_Diagram/Vietnam_31_Body_with_Diagram.png,.png,5038794,63dbad81adc280daaeea19f377619a2a013b1c1d4924749053a2a34929c6d422,scored,Vietnam/Body_with_Diagram/Vietnam_31_Body_with_Diagram.png,59,32,75,93,66,50,0,86
Vietnam,31,Transparent_Diagram,5 Vietnam/Transparent_Diagram/Vietnam_Diagram_Transparent-31.png,Vietnam/Transparent_Diagram/Vietnam_31_Transparent_Diagram.png,.png,148910,8064dc56c5b0982f77c147fbd6dc6ec9795da521a43ef8021083be49ded66841,scored,Vietnam/Body_with_Diagram/Vietnam_31_Body_with_Diagram.png,59,32,75,93,66,50,0,86
Vietnam,32,Body,5 Vietnam/Body/Vietnam_DiagramVietnam_Grayscale_Photo-32.png,Vietnam/Body/Vietnam_32_Body.png,.png,4995224,86bbc3ada97367d19124fb5635eb682cdbc3bc223f924568323d14ce6967ab44,scored,Vietnam/Body_with_Diagram/Vietnam_32_Body_with_Diagram.png,73,25,58,8,60,89,45,92
Vietnam,32,Body_with_Diagram,5 Vietnam/Body_with_Diagram/Vietnam_Diagram-32.png,Vietnam/Body_with_Diagram/Vietnam_32_Body_with_Diagram.png,.png,4961048,d7d6288d42f2678d400b7edb44e2f51096c7cb1895c790913c08aa4eac920720,scored,Vietnam/Body_with_Diagram/Vietnam_32_Body_with_Diagram.png,73,25,58,8,60,89,45,92
Vietnam,32,Transparent_Diagram,5 Vietnam/Transparent_Diagram/Vietnam_Diagram_Transparent-32.png,Vietnam/Transparent_Diagram/Vietnam_32_Transparent_Diagram.png,.png,131096,28e598e7ddb24d971f05318a5fc3aadca9ddd40d6ae77462852391e9f52de2dc,scored,Vietnam/Body_with_Diagram/Vietnam_32_Body_with_Diagram.png,73,25,58,8,60,89,45,92
