country,number,energy_normalized,circles_curves_normalized,axis_points_normalized,synchronous_limbs_normalized,external_body_spaces_normalized,shifting_relations_normalized,jumping_normalized,emotion_normalized,key_head_x_normalized,key_head_y_normalized,key_head_z_normalized,key_left_hand_x_normalized,key_left_hand_y_normalized,key_left_hand_z_normalized,key_right_hand_x_normalized,key_right_hand_y_normalized,key_right_hand_z_normalized,key_left_arm_x_normalized,key_left_arm_y_normalized,key_left_arm_z_normalized,key_right_arm_x_normalized,key_right_arm_y_normalized,key_right_arm_z_normalized,key_left_leg_x_normalized,key_left_leg_y_normalized,key_left_leg_z_normalized,key_right_leg_x_normalized,key_right_leg_y_normalized,key_right_leg_z_normalized,key_body_x_normalized,key_body_y_normalized,key_body_z_normalized,key_left_foot_x_normalized,key_left_foot_y_normalized,key_left_foot_z_normalized,key_right_foot_x_normalized,key_right_foot_y_normalized,key_right_foot_z_normalized,key_head_x_raw,key_head_y_raw,key_head_z_raw,key_left_hand_x_raw,key_left_hand_y_raw,key_left_hand_z_raw,key_right_hand_x_raw,key_right_hand_y_raw,key_right_hand_z_raw,key_left_arm_x_raw,key_left_arm_y_raw,key_left_arm_z_raw,key_right_arm_x_raw,key_right_arm_y_raw,key_right_arm_z_raw,key_left_leg_x_raw,key_left_leg_y_raw,key_left_leg_z_raw,key_right_leg_x_raw,key_right_leg_y_raw,key_right_leg_z_raw,key_body_x_raw,key_body_y_raw,key_body_z_raw,key_left_foot_x_raw,key_left_foot_y_raw,key_left_foot_z_raw,key_right_foot_x_raw,key_right_foot_y_raw,key_right_foot_z_raw
Brunei_Darussalam,01,10.90909,37.17949,51.35135,93.54839,20.28986,14.0625,3.77358,22.58065,67.71273,15.91097,73.51316,43.38131,27.22246,49.21128,41.43947,30.71464,64.04539,50.24362,21.5916,65.05327,39.1476,24.71559,57.882,67.44388,78.01511,51.00675,50.58791,70.00681,53.66049,63.19736,15.50746,66.6517,69.91413,74.98963,56.53833,65.44538,74.65047,50.79869,0.2220341,-2.3304461,-0.7331404,0.4517653,-2.2821404,-0.5770093,-0.0524141,-2.2318938,-0.9022959,0.8224494,-1.7645354,-0.5761706,-0.4465471,-1.7653635,-0.6208771,0.2059287,1.4272566,-0.1398963,-0.0835136,1.2190538,-0.3149824,0.1056986,-0.9263225,-0.0379017,-0.0866193,3.0180157,0.1486889,-0.1244387,2.8002101,-0.1343036
Brunei_Darussalam,02,45.45455,76.92308,22.97297,19.35484,50.72464,65.625,26.41509,33.87097,45.5865,15.48202,79.4248,19.43635,27.25727,51.09754,19.24056,34.48367,88.57531,21.75922,19.63629,62.81321,34.55526,26.52581,83.50533,58.55791,77.99876,45.96579,45.09743,68.96444,69.49291,52.76691,15.27083,69.30965,67.06811,76.10019,52.35867,58.77845,75.35703,59.48643,-0.7637847,-2.3936707,-0.3531099,-1.0070085,-2.2761826,-0.4447974,-1.2177679,-1.6066447,0.3615983,-0.6255241,-2.0260826,-0.6921812,-0.6535789,-1.5328865,0.5610894,-0.2459235,1.4258862,-0.2633599,-0.3010544,1.1383725,0.0789169,-0.1087431,-0.9413046,0.0235313,-0.4213053,3.1617422,-0.0264201,-0.6430714,2.9138196,0.2115729
Brunei_Darussalam,03,36.36364,74.35897,37.83784,13.97849,43.47826,60.9375,7.54717,25.80645,78.53255,14.8565,84.80788,57.42918,34.43099,72.24197,57.44603,26.74855,85.79206,50.85549,23.22315,93.77965,69.04829,17.67285,65.73205,70.25694,78.60235,76.35876,66.02272,69.91493,50.02827,67.17759,13.35417,76.14126,73.80855,75.92514,73.57378,72.07841,75.48066,47.56362,0.7041037,-2.4858667,-0.0070581,1.3075882,-1.0486079,1.0372553,0.7878658,-2.8898345,0.2181926,0.8535533,-1.5462947,0.9115407,0.9014362,-2.6698274,-0.2587656,0.3489727,1.4764978,0.4810274,0.528036,1.2119421,-0.4053493,0.1875289,-1.0626534,0.1814296,0.3713577,3.1390885,0.8623977,0.3915571,2.9336997,-0.2630984
Brunei_Darussalam,04,61.81818,69.23077,50.0,23.65591,71.01449,81.25,5.66038,51.6129,81.70698,20.58108,70.82837,65.93437,39.63188,50.93539,51.81972,31.3531,66.42588,57.10589,30.67135,69.4501,48.37945,22.56343,57.93055,62.14577,76.62748,58.22624,43.204,67.15124,64.69067,70.86102,19.41426,63.71042,67.39271,70.82535,61.32024,56.2831,70.8327,57.68496,0.845538,-1.6421029,-0.9057328,1.8257408,-0.1586266,-0.4561626,0.4925072,-2.1259796,-0.7796424,1.1712855,-0.5500039,-0.348463,-0.0303567,-2.0417553,-0.6186373,-0.0634807,1.310903,0.0369242,-0.376075,0.9980281,-0.0405593,0.2632571,-0.6789729,-0.1058832,-0.3831334,2.4790811,0.3490297,-0.8371899,2.1863413,0.1398528
Brunei_Darussalam,05,52.72727,70.51282,45.94595,20.43011,63.76812,79.6875,5.66038,43.54839,45.08781,16.48817,70.80077,29.19897,24.81911,50.49959,4.51605,40.53698,72.5447,38.85459,15.32913,60.3587,23.73231,31.51818,69.05896,70.53149,80.31362,50.62165,47.00715,70.97926,62.64145,53.24644,15.44355,64.24107,76.71816,76.56014,54.66329,65.17083,76.24664,50.10946,-0.7860034,-2.2453709,-0.9075072,-0.4122508,-2.6934044,-0.4867088,-1.9907457,-0.6024523,-0.4643723,0.2435005,-2.6022205,-0.8192977,-1.1414996,-0.891741,-0.1053005,0.362934,1.6199888,-0.1493281,-0.2253887,1.2943231,-0.0915425,-0.0988843,-0.9303693,-0.0936183,0.7135221,3.2212686,0.0701332,-0.1457967,3.0568625,-0.1617433
Brunei_Darussalam,06,25.45455,62.82051,52.7027,15.05376,34.78261,67.1875,3.77358,41.93548,66.61692,19.11338,69.40539,53.02078,40.23227,59.91375,34.01081,43.71984,72.20395,52.75296,28.76773,77.59389,39.25714,33.17153,65.51099,72.23952,78.26014,50.85838,56.83061,70.23149,45.14237,60.23878,16.62554,67.27071,72.24383,76.2635,52.70044,69.5098,75.88182,44.05808,0.1732112,-1.858433,-0.9972095,1.0390204,-0.0558865,0.1731474,-0.4423892,-0.0744431,-0.4819294,0.9500088,-0.8046362,0.0732958,-0.441609,-0.6794091,-0.2689631,0.449787,1.4478031,-0.14353,0.1638314,1.2364447,-0.526907,0.0448726,-0.8555344,-0.0235944,0.1873496,3.1828784,-0.0121012,0.19174,2.9982027,-0.4026611
Brunei_Darussalam,07,43.63636,61.53846,43.24324,13.97849,43.47826,71.875,15.09434,45.16129,52.93449,17.57147,73.73489,21.20322,38.51043,49.77742,21.34152,41.4039,84.50714,28.22533,27.67992,61.26396,37.95249,31.19153,78.55621,59.68336,77.37025,50.52533,52.36129,68.95968,72.92513,58.26177,16.69557,65.87371,68.44487,73.78918,57.0332,65.10877,74.39585,62.49432,-0.4363999,-2.0856992,-0.7188866,-0.8993669,-0.3505297,-0.5373274,-1.107476,-0.4586372,0.1519875,-0.296826,-0.9501452,-0.7724154,-0.5004253,-0.9336911,0.3327937,-0.1886943,1.3731845,-0.1516871,-0.0132496,1.1380044,0.1643082,0.0042268,-0.8511006,-0.0558833,-0.2594016,2.8626556,0.1694218,-0.1506243,2.7592692,0.3313231
Indonesia,01,40.0,24.35897,48.64865,30.10753,42.02899,53.125,0.0,67.74194,64.48943,21.30971,60.20521,61.8849,39.1084,45.98101,25.35921,44.72103,63.2596,53.90701,28.67917,61.95113,26.45073,34.35458,55.41081,92.30428,64.1154,36.95822,31.95354,61.47678,46.65671,56.49551,20.43711,54.56415,89.80494,63.13861,53.06835,43.7142,68.00826,47.68447,0.0784223,-1.5347082,-1.5886442,1.5790396,-0.248205,-0.8034247,-0.8965633,0.091645,-0.9427837,1.0086738,-0.8164832,-0.7368273,-1.0189477,-0.5274759,-0.7348693,1.4700816,0.2617538,-0.483974,-0.8218345,0.5588149,-0.4892313,-0.0320861,-0.6142138,-0.3172801,2.2525015,1.4842754,0.0033126,-1.8149474,1.7321905,-0.2582868
Indonesia,02,30.90909,16.66667,85.13514,93.54839,27.53623,20.3125,0.0,74.19355,60.30241,22.77504,65.76025,40.66234,34.38537,42.10839,36.92979,37.66176,58.62347,50.69444,28.58433,58.98355,32.32709,32.84645,53.96748,60.12447,73.26988,54.38674,37.69717,64.13733,57.41215,60.04185,20.81797,60.00479,66.78325,64.93025,66.31152,50.80797,66.8089,58.42598,-0.1081273,-1.3187285,-1.2315377,0.2861202,-1.0564142,-1.0748642,-0.2891542,-1.0794261,-1.1816581,0.8453664,-0.8291686,-0.8905153,-0.7540294,-0.7211574,-0.801448,-0.1662641,1.0293652,-0.0571133,-0.5942637,0.764746,-0.2216436,0.0408237,-0.5901007,-0.1915311,-0.4548046,1.7161468,0.5581416,-1.2631098,1.5393429,0.1693542
Indonesia,03,52.72727,23.07692,32.43243,61.29032,50.72464,42.1875,0.0,77.41935,62.694,21.03581,62.58134,64.12902,36.1491,55.33925,36.00469,42.00667,72.67596,58.54969,26.05478,69.65746,33.98659,33.26072,66.55849,83.13999,70.50102,38.86743,30.53729,63.24953,57.90274,60.39054,19.40964,59.72783,81.01137,67.05424,58.86965,43.13122,68.8289,49.97851,-0.0015717,-1.5750791,-1.4358943,1.7157556,-0.7546031,-0.1474883,-0.3377186,-0.3586435,-0.4576092,1.2446796,-1.1675287,-0.3377238,-0.679216,-0.667955,-0.2206432,1.0040769,0.7971935,-0.4372134,-0.8779486,0.6960287,-0.2094381,0.0479926,-0.6792652,-0.1979323,1.2183955,1.9910299,0.2463608,-1.8602988,1.8641443,-0.1669565
Indonesia,04,43.63636,17.94872,77.02703,78.49462,26.08696,37.5,0.0,75.80645,63.58395,21.4557,70.60289,45.43598,36.48498,52.28302,41.83851,38.49357,68.11169,45.10535,30.10512,74.55735,35.02916,34.75248,62.59788,92.07595,69.5863,44.39112,53.85671,64.67706,43.74335,58.12071,20.13587,68.04285,87.12113,69.30161,55.36426,52.96172,71.17458,41.91962,0.0380793,-1.5131902,-0.9202275,0.5769396,-0.6971277,-0.3617051,-0.0314662,-0.941437,-0.6927814,0.561251,-0.6257438,-0.0839633,-0.6322147,-0.4763764,-0.4033403,1.4584708,0.7204934,-0.3019268,0.0460009,0.8065223,-0.5617137,0.0013267,-0.6332859,-0.005748,1.9368911,2.2818817,0.0995008,-1.0955658,2.2413127,-0.4877973
Indonesia,05,63.63636,64.10256,10.81081,12.90323,79.71014,81.25,0.0,82.25806,89.59067,8.10345,74.55603,55.52463,32.53199,73.91863,49.10631,32.84393,67.59829,53.61926,21.4172,91.11549,52.35883,18.57002,58.69794,45.84256,85.76543,55.97156,36.39488,76.20615,28.80435,83.39567,8.02704,72.54532,59.20159,84.65979,48.30864,52.22433,80.74004,22.61683,1.1967903,-3.4812204,-0.6660998,1.1915593,-1.3735667,1.1547757,0.3500641,-1.8786631,-0.7192341,0.9940465,-1.7878635,0.7735668,0.1490416,-2.5546082,-0.5832388,-0.8924997,2.0771282,-0.0182977,-0.6458623,1.6988939,-0.9333853,0.5209596,-1.3999276,0.0983171,-1.3463926,4.269512,-0.1960981,-1.1529287,3.7793694,-1.2562803
Indonesia,06,58.18182,43.58974,18.91892,56.98925,71.01449,40.625,0.0,75.80645,62.98007,19.87364,69.36667,54.39147,29.27673,51.43367,9.52533,38.89486,75.38199,58.37541,23.59005,68.90795,25.56568,29.06461,68.00221,89.15634,68.89007,35.78079,28.13241,60.70794,44.89962,59.07778,18.3479,64.86856,81.27576,68.69018,47.60566,53.72243,69.60831,51.73488,0.0111738,-1.7463748,-0.9996981,1.1225254,-1.9306104,-0.4212373,-1.7277787,-0.8748662,-0.3181822,1.2358199,-1.4972177,-0.3765403,-1.0588476,-1.206841,-0.1540465,1.3100084,0.6621142,-0.5128118,-0.9732333,0.499305,-0.5329465,0.0210033,-0.746487,-0.0791151,1.2494862,2.2027512,-0.2255498,-1.0363892,1.9894669,-0.0970318
Indonesia,07,61.81818,37.17949,16.21622,29.03226,72.46377,65.625,0.0,77.41935,66.15576,19.37584,84.58936,28.54096,37.31148,61.78684,93.94042,36.81325,67.86265,22.51849,31.10459,76.33699,88.15899,31.48158,61.41243,51.2182,82.54474,59.4075,96.01306,68.77998,35.04345,59.17997,20.01217,68.3197,54.81601,79.17867,51.09264,90.7418,75.90115,41.00124,0.1526644,-1.8197478,-0.0211057,-0.4523378,-0.5556946,0.3044357,2.7036749,-1.2201878,-0.7056131,-0.586927,-0.4920525,0.0082025,1.7629848,-0.8964419,-0.4580234,-0.619148,1.8070704,0.0658556,1.7162973,1.1240954,-0.7781609,0.0231043,-0.6411176,0.0006507,-1.862129,3.5601543,-0.0794609,1.8434168,3.0013112,-0.5243601
Indonesia,08,81.81818,25.64103,50.0,4.30108,56.52174,89.0625,83.01887,85.48387,58.51876,19.37175,68.14718,46.38398,37.30078,55.78176,26.97324,42.17971,74.05924,53.34654,26.34682,71.82288,32.88291,33.35188,70.42972,69.32679,74.15807,56.04809,50.18896,65.61118,72.64325,56.79213,18.58186,63.94774,73.41209,69.06083,68.08918,65.13489,69.8672,70.88255,-0.1875966,-1.8203504,-1.0780935,0.6346935,-0.5575258,-0.1164717,-0.8118331,-0.3299381,-0.3863365,0.9801828,-1.1284641,-0.2255789,-0.728972,-0.6562479,-0.042069,0.3016746,1.103841,-0.0164233,-0.0993207,0.8788248,0.1572951,-0.0259879,-0.7316742,-0.100398,0.3247345,2.2507205,0.6326177,-0.1485922,2.0310952,0.6652754
Indonesia,09,49.09091,23.07692,2.7027,95.69892,86.95652,3.125,0.0,74.19355,60.92693,20.90306,86.93499,30.72567,41.92179,60.0486,78.22883,36.0736,77.74249,24.92793,32.72801,76.58927,76.24199,29.7332,68.49641,54.27348,75.93671,62.20004,74.97963,66.34942,52.13225,59.03804,20.54872,70.99876,61.34997,68.50434,54.57338,77.81273,69.9441,43.66295,-0.0803022,-1.5946454,0.1296837,-0.3192412,0.2332259,0.1825994,1.8788791,-1.3428888,-0.1965581,-0.4644461,-0.274899,0.0212676,1.2257426,-1.120977,-0.1312497,-0.4637871,1.2529816,0.1342508,0.8829221,0.9359656,-0.3530039,0.0201863,-0.6071472,0.0625717,-1.0937477,2.1786993,0.0663662,0.8376403,2.0434606,-0.4183919
Indonesia,10,90.90909,38.46154,10.81081,13.97849,92.75362,87.5,88.67925,83.87097,80.48152,15.83454,90.29599,44.14627,35.6536,81.87802,81.37555,28.28373,92.96389,38.95914,25.98648,99.45453,83.94099,21.40533,74.23842,52.83334,81.14607,56.59941,17.12248,50.9849,38.27035,72.33418,15.52106,81.36861,67.31357,76.70924,64.33487,28.47406,62.17764,42.09699,0.7909386,-2.3417102,0.345746,0.4983676,-0.8393936,1.7126649,2.0440694,-2.6351612,0.5877182,0.2488151,-1.1766642,1.2054373,1.572829,-2.1904833,0.1336207,-0.5370181,1.6897907,-0.0029204,-1.4094628,-0.2532755,-0.6978779,0.2935442,-0.9254618,0.3022489,-0.39244,3.2405653,0.4753289,-3.0005066,0.7946695,-0.4807357
Indonesia,11,70.90909,50.0,36.48649,20.43011,63.76812,71.875,52.83019,83.87097,71.94341,20.87161,67.67989,50.86497,36.35233,47.52659,40.36662,39.54979,67.54523,51.64604,32.34199,66.70104,45.11362,33.81632,66.80572,64.09646,74.99485,49.10331,33.55054,50.18637,32.71804,68.04481,20.78388,65.44737,69.88664,70.09554,59.05309,51.9284,62.72996,40.05402,0.4105292,-1.5992812,-1.1081331,0.9076844,-0.719827,-0.6950924,-0.1087346,-0.7662192,-0.7219681,0.8937399,-0.3265335,-0.490834,-0.1775871,-0.5966021,-0.2092388,0.035712,1.1740058,-0.1865153,-0.758559,-0.3150828,-0.8360156,0.2053583,-0.5922589,-0.0657372,-0.0898517,2.3846305,0.2540463,-1.1759496,0.8834786,-0.5620707
Indonesia,12,92.72727,44.87179,10.81081,7.52688,78.26087,96.875,98.11321,91.93548,85.95998,21.74109,66.04241,63.83376,30.96471,45.16517,61.82633,31.44557,69.2185,76.59345,30.23298,50.55623,70.24159,29.58574,60.76779,40.83346,64.01174,40.23042,11.62457,50.10807,56.60751,86.20302,23.52645,59.03459,42.21857,51.0749,38.56327,14.05184,53.02607,32.85519,1.0350278,-1.4711259,-1.2133987,1.6977679,-1.641762,-0.8606085,1.017814,-2.1106396,-0.6357535,2.1619142,-0.6086402,-1.326958,0.9552324,-1.1399143,-0.4877599,-1.147213,0.2530615,-0.4038311,-1.6272981,-0.3211433,-0.2416625,0.5786764,-0.4186195,-0.2139551,-3.343563,-0.0769902,-0.6043853,-4.1224377,-0.6768381,-0.8486705
Indonesia,13,61.81818,43.58974,17.56757,12.90323,71.01449,81.25,0.0,83.87097,64.00818,17.23733,71.0303,59.19505,23.66895,48.12362,23.07689,36.38199,60.14336,56.71261,18.70546,67.80237,34.1796,30.55363,63.21597,84.48721,72.32194,36.25065,23.38686,63.45219,39.3426,61.25883,15.67309,67.52606,83.48868,71.41538,50.78692,38.97172,71.75948,40.48301,0.0569805,-2.1349486,-0.8927515,1.4151687,-2.8902212,-0.6532449,-1.0163762,-1.2917293,-1.1033465,1.1512933,-2.1505934,-0.4337971,-0.6705148,-1.0156127,-0.3748287,1.072583,0.9498796,-0.5013038,-1.1612589,0.7117147,-0.6712011,0.0658439,-0.9158363,-0.0176925,1.5097213,2.5554421,-0.0922694,-2.1838741,2.3353598,-0.5449916
Indonesia,14,38.18182,20.51282,56.75676,94.62366,42.02899,3.125,0.0,74.19355,44.80961,20.70598,66.43381,23.53685,40.34717,53.6324,22.26494,42.6628,73.17936,20.38093,32.9556,63.64622,21.32308,31.75721,67.19062,80.54431,63.5101,64.63995,61.27133,54.0906,72.67409,44.01266,19.9114,57.36319,84.005,55.92861,59.82406,85.20334,60.02754,58.5209,-0.7983985,-1.6236946,-1.1882379,-0.7571976,-0.0362246,-0.2671247,-1.0590001,-0.2497974,-0.4316719,-0.6955878,-0.2444563,-0.6490405,-1.2501123,-0.8610431,-0.1914839,0.8720863,0.2109982,0.1940093,0.3397793,-0.0128885,0.1580625,-0.2887235,-0.6474974,-0.2525861,1.5704401,0.5511691,0.2863463,1.4125701,0.4489489,0.1731331
Indonesia,15,63.63636,70.51282,10.81081,7.52688,79.71014,89.0625,0.0,83.87097,69.2206,22.83445,70.35127,46.87541,36.89444,47.73223,42.23641,32.66345,55.91766,52.28559,27.89806,66.51726,35.87418,27.73781,55.31611,52.72815,73.51167,33.69584,32.42058,63.13787,46.37296,68.08714,19.26882,65.15092,57.10341,70.17463,36.05989,46.51387,70.57295,40.1379,0.2892164,-1.3099715,-0.936403,0.6646321,-0.6270598,-0.6806783,-0.0105783,-1.9086031,-1.3210742,0.9262506,-0.9209667,-0.5003519,-0.5941194,-1.3772348,-0.7392375,-0.5423671,1.0496391,-0.5638765,-0.8033296,0.6873863,-0.4962908,0.2062286,-0.6881812,-0.072589,-1.5931345,2.394866,-0.7092656,-1.5971563,2.1445747,-0.5587313
Indonesia,16,40.0,30.76923,36.48649,62.36559,34.78261,40.625,0.0,75.80645,61.8266,18.07913,70.79566,65.96927,31.51892,50.91325,33.86686,33.1783,58.77426,58.22846,22.40516,70.41384,27.77631,28.05972,57.85502,84.75798,74.27642,49.6794,27.67795,64.44629,49.91242,59.5531,16.96468,65.45304,87.66475,70.49021,54.10476,45.02878,72.44581,46.95087,-0.0402182,-2.010873,-0.9078353,1.8278673,-1.5469248,-0.4577149,-0.4499458,-1.8231936,-1.1738888,1.2283503,-1.6557111,-0.2985519,-0.9591878,-1.3358939,-0.6221213,1.0863516,1.1137641,-0.1724057,-0.9912395,0.7886597,-0.4082316,0.0307754,-0.8340623,-0.0656061,2.0008195,2.4357084,0.0467334,-1.7126845,2.4457167,-0.2874931
Indonesia,17,83.63636,37.17949,10.81081,67.74194,92.75362,64.0625,86.79245,83.87097,57.68568,15.1072,64.90086,51.62673,29.49427,49.00935,32.31813,30.80849,71.29795,49.55315,21.32955,60.27987,41.30325,24.52885,68.21654,61.84047,80.62818,38.25993,17.66426,57.32835,53.6309,65.16271,14.97702,60.03791,69.69218,78.33187,43.57239,36.03032,67.75359,58.0743,-0.2247141,-2.4489155,-1.2867836,0.9540918,-1.8933856,-0.5911629,-0.531248,-2.2163258,-0.5286105,0.78735,-1.7995878,-0.8233801,-0.3493661,-1.7893455,-0.1441601,-0.0790051,1.6463652,-0.4520924,-1.3879966,0.237719,-0.3157185,0.1461045,-0.9599064,-0.1907656,-0.11272,3.4505628,-0.3945259,-2.4126911,1.6912412,0.1553532
Indonesia,18,54.54545,17.94872,16.21622,67.74194,94.2029,29.6875,0.0,75.80645,66.70556,44.27528,85.32935,35.0843,56.03551,54.2038,41.28967,60.38885,100.0,35.40008,50.51295,66.90752,45.82832,54.19713,89.88598,71.54263,51.06116,42.24136,63.33972,46.16267,74.39677,52.80456,43.03338,73.61283,78.21978,36.33068,46.20231,74.3492,46.32402,58.44617,0.1771605,1.8502597,0.0264647,-0.0537049,2.6483823,-0.2270737,-0.0602782,2.6908027,0.9502512,0.0678945,2.1040624,-0.4801405,-0.1453669,2.0208035,0.8554192,0.4143504,-0.8328565,-0.3545788,0.4217316,-0.6265246,0.2009215,-0.1079691,0.8164159,0.1229904,0.8901095,-1.9851628,-0.2843439,0.5682057,-1.7544795,0.1701581
Indonesia,19,52.72727,30.76923,58.10811,3.22581,42.02899,89.0625,0.0,91.93548,62.87853,21.06314,72.42162,50.33909,40.68743,58.13365,34.45223,36.5456,61.49587,55.38016,30.05564,75.16584,33.39082,33.17168,60.21051,83.32816,70.21432,40.97087,30.06987,61.45014,48.06223,61.25069,20.89102,66.52522,83.44495,66.78939,48.75292,46.09614,68.74528,46.18371,0.0066497,-1.5710514,-0.8033106,0.8756465,0.0220013,0.0483768,-0.4192165,-1.2645888,-1.0336588,1.08356,-0.6323618,-0.0524505,-0.7060745,-0.6793906,-0.5134664,1.0136452,0.7731538,-0.3856959,-0.8964685,0.5567527,-0.454263,0.0656766,-0.5854755,-0.040825,1.5045792,1.9567538,-0.1774847,-1.6296525,1.850698,-0.3180352
Indonesia,20,54.54545,57.69231,63.51351,19.35484,42.02899,73.4375,0.0,83.87097,59.08147,19.81838,71.54008,38.5895,31.53837,50.1182,20.07268,38.93608,75.53824,47.87418,24.78923,68.62632,28.28162,29.29533,68.45967,80.85772,72.98101,43.1718,46.67077,64.56287,50.99391,52.40624,17.87515,67.22623,82.77382,71.5354,48.7018,53.55217,71.78905,40.08814,-0.1625257,-1.7545208,-0.8599802,0.1598385,-1.5435974,-0.5134412,-1.174085,-0.8680276,-0.3101315,0.7020017,-1.3368121,-0.3911255,-0.9364072,-1.1772099,-0.1329447,0.8880231,1.0051434,-0.3317905,-0.2387166,0.7976831,-0.381325,-0.1161582,-0.7764181,-0.0246225,1.4256562,2.5709746,-0.1796264,-1.049634,2.3401156,-0.5607124
Indonesia,21,38.18182,43.58974,43.24324,24.73118,49.27536,65.625,0.0,67.74194,74.18032,16.94792,51.32479,67.55386,26.76518,52.54267,74.27594,34.84256,36.99151,61.90701,19.52714,69.20891,63.19384,27.73486,31.67848,64.72651,82.68528,77.80371,45.88295,73.8423,61.9713,68.17569,13.94845,48.07689,69.19772,78.9493,82.0683,54.55753,77.74573,59.78114,0.510193,-2.177606,-2.159523,1.9244036,-2.3603898,-0.3435059,1.6713685,-1.5471075,-2.2962367,1.415345,-2.0406828,-0.3609541,0.6375055,-1.3776134,-1.8296067,0.0677503,1.818855,0.5164173,-0.2699311,1.5159276,-0.1082154,0.2080489,-1.0250278,-0.4672194,-0.1708676,3.5304704,1.2182802,-0.9714248,3.2979058,0.2233059
Indonesia,22,29.09091,50.0,78.37838,73.11828,27.53623,50.0,0.0,67.74194,60.23243,21.89951,59.46571,33.94481,37.20684,34.61207,24.67248,40.5544,52.47803,44.3362,29.8744,49.30629,32.5637,33.21906,49.97319,71.74577,70.03522,63.21097,29.997,58.70181,46.46573,58.91682,21.11959,49.50714,76.50455,65.22185,74.79501,44.05507,67.32106,40.11901,-0.1112454,-1.4477759,-1.6361833,-0.1231246,-0.5736015,-1.6002952,-0.9326141,-0.599563,-1.4982996,0.522152,-0.656606,-1.3916915,-0.7433626,-0.6733055,-0.9856985,0.42468,0.7581358,0.1590107,-0.8993556,0.3440274,-0.4939827,0.017694,-0.571004,-0.4341621,0.6884014,1.7538857,0.9135621,-1.7884312,1.6216934,-0.5594831
Indonesia,23,63.63636,43.58974,50.0,7.52688,63.76812,89.0625,0.0,91.93548,66.41294,17.89328,64.91742,52.28002,38.98831,49.25724,23.6393,41.09035,70.40183,58.51947,27.69639,63.27578,37.81255,31.7572,62.63113,83.07138,70.88322,33.11453,43.03974,63.8063,46.75587,64.21575,16.831,57.32684,84.35683,70.31086,40.10545,48.08666,71.48403,37.30227,0.1641229,-2.0382669,-1.2857191,0.9938917,-0.2687541,-0.5737874,-0.9868518,-0.5106527,-0.5747827,1.2431431,-0.9479424,-0.6682252,-0.5067338,-0.8610449,-0.4018064,1.000588,0.8292417,-0.5781141,-0.3825831,0.7391233,-0.4867643,0.1266358,-0.8425261,-0.2534262,1.6118144,2.4124962,-0.539775,-1.4748057,2.2910698,-0.6716234
Indonesia,24,72.72727,37.17949,43.24324,3.22581,71.01449,96.875,0.0,91.93548,57.82663,20.20311,64.83483,51.87859,39.81764,49.31555,23.02041,32.33308,63.86433,55.50091,28.5955,65.21809,31.88965,28.27603,58.90497,87.17615,71.03648,43.28355,26.61703,61.13404,48.06668,59.99672,18.87807,58.97022,88.39536,66.89675,44.93009,44.39877,69.40888,47.18503,-0.218434,-1.6978131,-1.2910282,0.969436,-0.1268381,-0.5697005,-1.019341,-1.9634097,-0.9116249,1.0896982,-0.8276745,-0.5676348,-0.77375,-1.3081141,-0.5736888,1.2093156,0.8420926,-0.3290534,-1.0332749,0.5322862,-0.4541522,0.0398959,-0.7129205,-0.2154428,2.0867379,1.9706479,-0.337644,-1.7616938,1.9574013,-0.2781706
Indonesia,25,81.81818,57.69231,2.7027,45.16129,100.0,73.4375,0.0,91.93548,64.15517,17.53209,68.08143,53.03056,27.54821,44.01002,12.15332,31.20347,68.76372,55.19519,22.42177,60.08854,30.02884,24.77733,61.72759,71.73446,76.74575,52.88234,38.25545,68.33902,71.69224,64.0392,16.38689,60.36019,77.85476,72.16136,58.3411,50.26987,72.32731,62.90816,0.0635297,-2.0915035,-1.0823204,1.039616,-2.2263973,-0.941575,-1.5898194,-2.1508008,-0.6591861,1.0741569,-1.6534888,-0.833289,-0.8576394,-1.7574351,-0.4434854,0.4241047,1.3208196,-0.0939591,-0.5721438,1.0899641,0.1336348,0.1230061,-0.8706436,-0.1833166,0.8471842,2.6519861,0.2242171,-1.3049698,2.4266625,0.3477988
Indonesia,26,63.63636,43.58974,2.7027,83.87097,92.75362,20.3125,0.0,83.87097,36.22345,28.91934,92.11682,22.67712,30.12771,69.56256,17.01865,38.32967,76.03756,16.74749,26.44503,94.27079,17.39561,37.19581,72.63644,64.73092,44.12396,51.24054,69.10717,67.35038,28.89738,27.61915,29.25528,88.60334,75.6792,32.79698,41.10711,77.62294,75.61625,28.59368,-1.1809488,-0.4131008,0.4627985,-0.8095744,-1.7849907,0.8494507,-1.3344091,-0.9686268,-0.2844042,-0.8802897,-1.1153273,0.9369766,-1.4271705,-0.1625911,0.0597234,0.0679743,-1.4145475,-0.1341701,0.6502465,1.0134418,-0.9310707,-0.6257606,-0.0559124,0.4694646,0.5913418,-2.4424884,-0.4978098,0.8228761,2.9555005,-1.0183299
Indonesia,27,100.0,51.28205,2.7027,12.90323,100.0,96.875,100.0,100.0,61.29419,17.71642,78.88879,27.89557,29.37859,60.1036,44.62631,32.14193,86.68448,26.41172,24.75219,68.49021,47.93326,28.05701,81.6956,41.37613,59.73849,59.00991,53.94543,68.97867,69.98409,65.622,18.03863,70.60865,55.172,58.57474,68.04596,64.28455,73.58242,60.51251,-0.0639392,-2.0643344,-0.3875677,-0.4916559,-1.91318,0.1864543,0.1148817,-1.9951188,0.2641744,-0.3890189,-1.3417663,-0.3981747,-0.050472,-1.3362413,0.4776093,-1.1196183,-0.1052541,0.056118,0.0495164,1.1394742,0.0911371,0.1555471,-0.7660679,0.053555,-1.8202644,0.8936268,0.6308071,-0.2147422,2.6284755,0.2524232
Indonesia,28,72.72727,51.28205,43.24324,7.52688,78.26087,89.0625,0.0,91.93548,58.14247,19.4099,91.05854,30.04111,39.22294,59.65151,50.3976,31.97718,74.87906,27.07459,30.90265,75.73932,69.88371,26.01833,65.66205,47.12063,70.23947,76.66971,77.51406,61.92203,53.23213,58.65351,19.52754,70.59771,60.82979,65.08552,66.65707,87.59915,68.27339,39.96066,-0.204362,-1.8147273,0.394767,-0.3609459,-0.2286037,0.1547666,0.4178515,-2.0224494,-0.3440954,-0.3553226,-0.5190642,-0.0227502,0.9390983,-1.5980593,-0.2619948,-0.8275098,0.7752626,0.4886432,0.9833398,0.5932777,-0.3256397,0.0122807,-0.6718012,0.0533022,-1.1549196,1.736242,0.5726187,1.5989442,1.7748214,-0.5657876
Indonesia,29,54.54545,51.28205,50.0,7.52688,49.27536,81.25,0.0,83.87097,64.94603,20.95986,73.15424,48.69218,39.3098,54.48397,29.89591,41.40372,73.7642,52.71593,29.83714,74.55218,33.47106,32.33083,71.70501,80.04369,68.75982,36.06038,33.00711,60.08707,42.46551,62.43691,19.85597,69.15202,78.29886,65.8753,51.12577,47.168,68.32523,36.57417,0.0987658,-1.5862737,-0.7562138,0.7753138,-0.21374,-0.2074365,-0.6584047,-0.4586679,-0.4015381,0.9481264,-0.6615889,-0.0842312,-0.7024569,-0.7873764,0.0167582,0.8466297,0.6511926,-0.5059639,-0.7800906,0.4512488,-0.5935053,0.0900643,-0.6510073,0.019888,0.8994091,1.8384542,-0.078073,-1.5462702,1.7831572,-0.7006105
Indonesia,30,63.63636,37.17949,16.21622,12.90323,63.76812,81.25,0.0,83.87097,68.05233,21.72638,60.06131,43.44276,37.33188,46.83752,15.896,46.13981,63.96581,45.9096,28.86171,61.49369,28.59486,35.53695,57.06731,89.90165,63.80676,25.30569,24.93186,52.72833,46.65873,58.64883,20.73817,55.59604,84.88789,67.95004,47.94682,34.69375,68.2592,39.83487,0.2371647,-1.4732936,-1.5978947,0.4555089,-0.5522045,-0.7433907,-1.3933439,0.327009,-0.9063961,0.6021345,-0.7920654,-0.7605175,-0.9222857,-0.3756298,-0.6584572,1.3479077,0.2358736,-0.7693688,-1.1000438,-0.1183311,-0.4891812,0.0121844,-0.5951528,-0.2934302,1.6742667,2.1069628,-0.2112566,-2.5166652,1.7725402,-0.5707953
Indonesia,31,54.54545,43.58974,64.86486,12.90323,42.02899,81.25,0.0,83.87097,65.07455,17.0774,81.3438,62.45404,33.10718,54.67597,64.73055,39.12544,64.71864,54.00195,24.32659,81.53574,53.15913,32.02443,65.58651,91.75939,75.17458,41.13669,37.60037,67.39585,41.70692,60.72546,15.93592,79.64516,92.56273,73.34191,50.23914,45.60317,74.59412,41.60112,0.1044918,-2.1585216,-0.2297468,1.6137127,-1.2751401,-0.1939785,1.170274,-0.8366154,-0.8676072,1.0135002,-1.3986953,0.2774406,0.185121,-0.8267263,-0.2654794,1.4423737,1.1890759,-0.3816345,-0.5980991,1.0169613,-0.6123787,0.0548783,-0.8991961,0.262415,2.5768119,2.8047701,-0.1152186,-1.6680016,2.7911502,-0.5004774
Indonesia,32,52.72727,37.17949,50.0,2.15054,42.02899,81.25,0.0,83.87097,61.88653,21.3311,59.95142,48.70586,39.04855,51.75692,20.13063,42.34604,58.48973,48.8931,28.53252,66.9858,29.06257,33.78298,53.85926,81.43627,71.91074,50.65609,33.63561,63.19616,43.91152,57.37882,20.57764,54.18714,80.69439,67.14943,61.85666,52.62415,69.93379,44.31322,-0.0375481,-1.5315561,-1.604959,0.7761468,-0.2584463,-0.3985801,-1.1710429,-0.3023443,-1.188549,0.7537974,-0.8360984,-0.4760866,-0.9012006,-0.600884,-0.8064402,0.9174427,0.9154,-0.1484845,-0.7551886,0.6918973,-0.5575298,-0.0139259,-0.6053165,-0.3259938,1.1811185,2.0033493,0.3715033,-1.1218265,2.0418024,-0.3925034
Indonesia,33,72.72727,57.69231,9.45946,12.90323,78.26087,89.0625,0.0,91.93548,50.3643,17.91057,75.0201,7.77798,35.5788,49.21198,49.43753,29.86833,81.84664,9.8841,25.78233,62.7281,69.49067,23.89562,68.13383,72.90897,75.03708,51.96332,42.52821,64.41615,77.98669,52.93451,16.8437,60.08887,84.98496,70.6002,55.13108,57.06528,71.3675,77.4154,-0.5509129,-2.0357184,-0.6362665,-1.7172589,-0.8521935,-0.5769597,0.3674519,-2.372289,0.0149065,-1.2291827,-1.2039723,-0.6965888,0.9213794,-1.8706688,-0.1479751,0.4838287,1.1775462,-0.1164677,-0.4028505,0.7863273,0.290236,-0.1052974,-0.841722,-0.1895878,1.6856813,2.4499428,0.0897316,-0.7763421,2.272332,0.9253617
Indonesia,34,63.63636,50.0,16.21622,24.73118,63.76812,81.25,0.0,83.87097,58.86838,18.08499,61.5003,35.77468,33.32676,37.93667,11.28174,39.30709,68.1407,48.60891,26.11128,52.21025,27.80178,29.15317,59.57857,86.00553,75.1229,45.37285,28.53655,65.83677,52.93148,57.5957,17.52924,54.41909,88.92707,72.19492,43.31308,50.56084,74.0663,47.56829,-0.1720198,-2.0100102,-1.5053893,-0.0116456,-1.2375655,-1.3672675,-1.6355742,-0.8064813,-0.6912866,0.7393506,-1.1599705,-1.2412981,-0.9580397,-1.1954669,-0.5426169,1.1497895,1.1847427,-0.2778822,-0.9572205,0.8962857,-0.3331197,-0.009467,-0.7983188,-0.3206327,2.1492665,2.6563288,-0.4053897,-1.2823352,2.7062795,-0.2629124
Indonesia,35,61.81818,43.58974,2.7027,12.90323,78.26087,89.0625,0.0,83.87097,65.62531,25.32807,55.101,47.43745,42.3797,38.71906,16.33706,42.78942,49.64836,45.05679,33.32348,52.49902,26.97862,34.69523,43.67373,71.98309,62.71943,43.05935,48.15798,52.66801,33.91959,58.79471,23.36772,46.82277,74.23472,62.67496,50.71565,61.86388,66.12614,39.54085,0.1290305,-0.9424301,-1.9167689,0.6988727,0.3115844,-1.3124284,-1.3701898,-0.2287922,-1.6440973,0.5587827,-0.1952467,-1.226343,-0.9951493,-0.483728,-1.2762834,0.4367478,0.1447005,-0.3345445,-0.179791,-0.123,-0.8061219,0.0151836,-0.428669,-0.4962059,0.4214744,1.4242704,-0.095255,-0.4030505,1.4295592,-0.5825009
Indonesia,36,38.18182,50.0,71.62162,30.10753,27.53623,57.8125,0.0,75.80645,58.06398,20.18623,64.76148,38.58015,38.04253,47.15578,37.98913,42.53156,62.59185,49.12279,28.48294,64.24743,30.87372,34.48489,57.04824,89.21566,69.91636,37.84374,28.55084,61.42351,43.18821,54.42195,19.26931,59.71866,88.00301,68.17253,49.04411,50.06171,70.1823,49.78783,-0.2078589,-1.7003009,-1.2957435,0.159269,-0.4305968,-0.7210826,-0.2335436,-0.271569,-0.9771891,0.7654731,-0.8427311,-0.6179041,-0.8195504,-0.5107412,-0.6593373,1.313025,0.7481693,-0.4622858,-0.9566544,0.5546911,-0.5755251,-0.0747168,-0.6881504,-0.1981444,2.0405982,2.1357574,-0.1652854,-1.3211635,2.0817611,-0.174548
Indonesia,37,63.63636,24.35897,9.45946,18.27957,71.01449,81.25,0.0,83.87097,73.25599,8.83338,0.0,53.29247,16.90119,0.0,58.20506,16.87994,0.0,57.6303,11.92666,0.0,72.47263,12.05694,0.0,30.41056,45.22124,40.86647,22.01425,33.84738,55.83136,83.27042,5.37345,0.0,20.92657,18.87455,58.25417,0.0,31.02087,55.07519,0.4690102,-3.3736341,-5.458945,1.0555718,-4.0483281,-4.0263208,0.8277116,-4.5269523,-4.2022096,1.1979432,-3.0573435,-3.9452163,1.0558123,-3.391051,-3.2908882,-1.677218,-1.3225397,-0.3882529,-1.2156437,-1.5797497,-0.2609726,0.5183844,-1.5679337,-1.5784162,-5.8474613,-4.2443069,0.2205751,-5.2155569,-4.2151169,0.0359524
Indonesia,38,61.81818,30.76923,9.45946,18.27957,71.01449,81.25,0.0,83.87097,55.82964,20.00593,90.63473,8.03145,31.96395,62.80309,50.4148,37.31237,96.71818,11.70064,26.12509,75.24785,61.66379,30.91506,81.34054,50.20209,70.52433,74.50879,77.60431,62.00668,62.20633,55.31812,19.58226,72.46143,64.42296,65.75586,68.43501,81.21961,68.71844,50.55274,-0.3074087,-1.7268772,0.3675223,-1.7018166,-1.4707715,0.375667,0.4187546,-1.1373872,0.7811565,-1.1368407,-1.1581231,-0.0482031,0.568528,-0.9691966,0.4612309,-0.6708175,0.799148,0.4357177,0.9869155,0.5998297,-0.1023679,-0.0562922,-0.6683367,0.0963781,-0.7323698,1.8229965,0.6471063,1.1026682,1.8463826,-0.1440955
Indonesia,39,63.63636,43.58974,58.10811,2.15054,42.02899,89.0625,0.0,91.93548,72.26912,18.91718,69.00926,52.43446,39.06143,54.21737,41.62288,30.39018,57.13337,53.59616,27.96845,74.05137,37.97553,25.41573,50.49213,86.25251,69.86195,52.38891,28.54675,68.21281,41.98169,62.20302,17.12938,63.4063,86.71562,67.21306,61.05761,47.81262,73.45624,35.86042,0.425041,-1.8873505,-1.0226745,1.0033007,-0.2562418,-0.2261226,-0.042786,-2.2857193,-1.2584353,0.9928723,-0.9115507,-0.1101676,-0.4993866,-1.675448,-0.9617609,1.1623488,0.7436066,-0.1060443,-0.9568165,1.0801954,-0.6055424,0.0852557,-0.8236345,-0.1129124,1.8892041,2.0115844,0.3380267,-1.496124,2.6081871,-0.7290264
Indonesia,40,54.54545,57.69231,71.62162,12.90323,34.78261,73.4375,0.0,91.93548,70.70125,14.3856,64.69713,55.07479,32.9167,44.19912,76.09304,33.76767,55.63876,65.07652,26.03589,64.93376,71.57068,29.07453,50.92773,50.5666,80.15002,42.56843,29.06529,72.05879,52.15612,71.29139,14.41424,61.08869,59.13584,79.15919,45.50376,47.15285,77.54564,41.15944,0.3551858,-2.5552744,-1.2998805,1.1641543,-1.3077346,-0.928321,1.7667587,-1.725422,-1.3354443,1.5764638,-1.1700556,-0.5823597,1.0151506,-1.2055661,-0.9416673,-0.6522819,1.6062708,-0.3465683,-0.9362713,1.377881,-0.3524099,0.2721052,-0.9955376,-0.1664791,-1.3541244,3.5576333,-0.3136098,-1.5474489,3.2657329,-0.5180615
Indonesia,41,52.72727,24.35897,58.10811,2.15054,34.78261,89.0625,0.0,91.93548,68.41016,23.07515,60.54208,49.27741,41.28634,49.34168,34.62249,36.71124,50.0195,52.54896,31.63769,64.21969,30.18797,31.49475,45.79623,74.18152,70.83532,40.39449,43.67314,62.21335,49.8579,62.6252,21.59595,53.45337,75.58974,67.23585,52.68053,53.62169,67.69991,53.61464,0.2531079,-1.2744948,-1.5669883,0.810967,0.1244865,-0.5678693,-0.4102785,-1.2371092,-1.6249746,0.9396389,-0.4207433,-0.6193407,-0.8504652,-0.8947498,-1.1783757,0.548538,0.8252253,-0.3998125,-0.3574868,0.6158268,-0.409588,0.0939355,-0.5408446,-0.3429534,0.5808215,2.0145339,-0.0129355,-1.0442254,1.6826111,-0.0221951
Indonesia,42,54.54545,30.76923,43.24324,2.15054,49.27536,89.0625,5.66038,91.93548,47.35574,15.48362,78.82839,0.0,40.83819,51.36553,39.87118,31.11728,78.84359,9.01192,28.98586,66.86044,61.08783,25.76661,64.49742,64.79754,74.70946,100.0,80.31645,68.43069,43.6629,50.91934,15.71916,65.50552,69.54519,73.96842,93.17978,80.45013,76.56692,39.77122,-0.6849571,-2.3934338,-0.3914506,-2.1911083,0.0477998,-0.4260134,-0.1347431,-2.1650991,-0.1398247,-1.2735187,-0.7754588,-0.4825791,0.5425625,-1.6303862,-0.3157173,0.0713622,1.1500749,1.0600507,1.0943747,1.0970598,-0.5637152,-0.1467277,-0.9129194,-0.0643932,-0.1300051,2.8858526,1.6838011,1.0428089,3.1083613,-0.5733294
Indonesia,43,45.45455,30.76923,50.0,2.15054,27.53623,89.0625,13.20755,91.93548,65.72776,20.39531,65.71751,56.70944,32.04204,42.37076,29.80796,41.67906,72.14579,61.27916,25.89919,60.41704,37.40041,31.1538,65.20495,66.48412,75.98387,53.16839,43.10364,65.54101,68.91566,65.37405,18.22476,59.02123,70.40433,70.93119,66.98582,59.60946,70.27437,70.49544,0.1335951,-1.6694849,-1.2342853,1.2637403,-1.4574074,-1.056474,-0.663022,-0.4129903,-0.4849262,1.3834289,-1.1883407,-0.8162763,-0.5253139,-0.938536,-0.2830801,0.1571249,1.2569356,-0.086953,-0.3800513,0.8733929,0.0645553,0.1504495,-0.7542831,-0.2142639,-0.0289725,2.4927795,0.586392,-0.5784255,2.0965647,0.6498638
Indonesia,44,40.0,30.76923,43.24324,2.15054,27.53623,81.25,13.20755,83.87097,66.55831,18.27221,67.96857,59.71479,29.62086,45.53244,30.72152,42.64994,67.01426,60.16875,23.42323,67.10827,36.41476,32.36891,64.59699,66.28475,77.90418,59.71422,54.85822,68.41944,58.77221,63.02596,17.07074,64.41956,70.77816,72.59886,62.64664,69.61913,73.21947,49.39467,0.1705998,-1.9824155,-1.0895755,1.4468325,-1.8717231,-0.8348659,-0.6150639,-0.2519302,-0.749326,1.3269824,-1.519532,-0.4697443,-0.5697492,-0.7824854,-0.3111245,0.1469867,1.4179552,0.0733679,0.0856822,1.0961887,-0.1878064,0.1021747,-0.8273472,-0.0894928,0.0149893,2.7086064,0.4045997,0.2002448,2.5701157,-0.1902005
Indonesia,45,54.54545,24.35897,36.48649,2.15054,42.02899,81.25,13.20755,83.87097,71.93077,19.0838,65.06551,62.64235,29.75806,54.30971,48.09104,42.77413,63.2736,57.35929,25.46927,72.61259,44.04648,33.06207,54.88849,72.994,75.74778,65.81903,50.01095,64.27126,64.33738,62.13827,17.90674,59.63579,75.58513,70.85417,71.45503,60.92892,69.13433,72.95373,0.4099658,-1.8627922,-1.2761993,1.6251851,-1.8482446,-0.2196502,0.2967666,-0.2313285,-0.9420621,1.1841666,-1.245848,-0.1846808,-0.2256958,-0.6934672,-0.7589634,0.4881527,1.2371392,0.2228875,-0.1063734,0.7751127,-0.049349,0.0839246,-0.774418,-0.2000596,0.5802802,2.4828117,0.7736319,-0.4757824,1.9132553,0.7477334
Indonesia,46,54.54545,37.17949,50.0,2.15054,42.02899,89.0625,5.66038,91.93548,46.82515,19.52431,69.0084,40.17735,28.80733,33.63204,14.05613,44.11691,71.59893,50.7442,23.01093,47.07475,34.57457,33.93936,65.84321,78.70575,73.35465,44.13172,44.65069,66.53998,76.11574,56.71909,18.26558,58.7682,83.04406,70.32677,47.4247,60.76538,71.81298,67.38197,-0.7085975,-1.7978637,-1.0227301,0.2565737,-2.0109348,-1.6689874,-1.4899298,-0.0085735,-0.5131029,0.8478957,-1.5746817,-1.5072606,-0.6527087,-0.5808005,-0.253638,0.7785952,1.0364732,-0.3082801,-0.3187548,0.9507153,0.2436883,-0.0274895,-0.7516988,-0.2201121,1.4574354,2.4145558,-0.2331312,-0.4885049,2.3439622,0.5259104
Indonesia,47,63.63636,24.35897,36.48649,2.15054,42.02899,89.0625,69.81132,91.93548,81.83105,14.90434,73.68851,54.69342,39.25705,62.48727,41.59096,43.18143,69.40814,50.49202,26.99023,86.07917,47.84436,30.85889,57.5413,69.52034,81.21389,76.82588,54.51179,73.12207,54.99765,70.12964,13.51446,68.40833,73.54479,76.78076,77.80596,66.31528,76.93198,56.86407,0.8510661,-2.4788164,-0.7218683,1.1409209,-0.2227675,0.3535299,-0.0444617,-0.1637604,-0.6259824,0.8350767,-1.0424002,0.5127404,-0.0544799,-0.9764102,-0.6365931,0.3115165,1.6954779,0.4924681,0.0719564,1.4601804,-0.2817147,0.2482206,-1.0525049,0.0026991,0.34034,3.2498213,1.0397071,-0.0567675,3.167061,0.1071713
Indonesia,48,63.63636,64.10256,16.21622,78.49462,78.26087,20.3125,0.0,83.87097,68.39857,0.0,64.93416,9.15111,34.65611,51.58596,85.29871,23.84612,49.28614,20.05206,20.19015,71.78819,82.5106,14.36359,54.70209,49.23625,92.53614,74.08549,100.0,84.60596,50.12938,68.83703,0.05451,73.07468,45.91417,91.77348,63.11055,100.0,93.69967,49.36735,0.2525914,-4.6756141,-1.2846432,-1.633605,-1.0100848,-0.4105635,2.2500197,-3.3713232,-1.6627607,-0.7123054,-1.9519975,-0.2273754,1.508344,-3.0948198,-0.7675616,-0.7199305,2.644859,0.4253504,1.8742656,2.3490537,-0.4028337,0.2216456,-1.9046896,0.1105521,-2.9089681,5.1901551,0.4240353,2.5636296,5.8631858,-0.191288
Indonesia,49,54.54545,51.28205,9.45946,73.11828,78.26087,20.3125,0.0,83.87097,58.84264,19.9597,64.05399,68.21805,36.67304,51.58697,19.90935,41.19799,63.69208,57.97218,27.23832,67.3422,30.9371,32.35482,60.77113,89.9932,69.35889,37.02008,26.46171,59.74892,48.40026,59.2891,19.06055,59.86106,88.68521,67.08555,42.85534,49.30796,69.22226,56.39671,-0.1731666,-1.73369,-1.3412246,1.9648672,-0.6649463,-0.4104921,-1.1826591,-0.4927967,-0.9205001,1.2153223,-1.0092151,-0.4576291,-0.8166931,-0.7842957,-0.4876057,1.3525632,0.7014253,-0.4824589,-1.039429,0.4250751,-0.4458532,0.0253479,-0.7013673,-0.1948531,2.1208233,1.9950828,-0.424567,-1.379799,1.9273927,0.0885648
Indonesia,50,63.63636,37.17949,9.45946,29.03226,78.26087,73.4375,0.0,83.87097,81.28892,11.7431,88.66137,49.10144,33.73325,65.77072,40.22883,40.00269,93.70333,53.55937,26.89022,80.10844,52.28718,29.58099,93.82108,53.85289,74.67555,8.93832,33.7685,64.9252,30.11491,82.08415,14.09298,86.72654,68.60747,75.39588,22.62254,61.394,73.9886,29.41592,0.8269119,-2.9447615,0.2406646,0.8002464,-1.1680056,0.5836735,-0.1159681,-0.6910865,0.6258177,0.9910018,-1.0557769,0.2035219,0.1458115,-1.1405248,1.0369396,-0.4851739,1.1472317,-1.1702398,-0.7499232,0.8257283,-0.9007795,0.4939958,-1.0158774,0.4260864,-0.2402795,3.0705915,-1.2722303,-0.4396035,2.6937867,-0.985595
Indonesia,51,54.54545,70.51282,78.37838,83.87097,49.27536,28.125,0.0,91.93548,60.88319,17.62649,68.91899,45.18867,27.79198,45.41492,34.02268,31.39073,58.4216,54.01278,21.54359,58.0696,29.16254,24.82354,51.00898,78.60311,74.05056,59.9853,32.40351,67.16602,52.54972,59.545,16.4018,60.87873,81.9582,71.72726,59.83657,50.64654,72.30721,49.74536,-0.082251,-2.0775903,-1.0284773,0.5618728,-2.184683,-0.8431034,-0.4417658,-2.119737,-1.1920594,1.0140507,-1.7709571,-0.9378483,-0.8966938,-1.7515005,-0.9379194,0.7733763,1.0948259,0.0800072,-0.804006,0.9991717,-0.3426176,0.030609,-0.8696994,-0.1713318,1.3297404,2.5958051,0.2868703,-1.2756684,2.4234315,-0.1762388
Indonesia,52,54.54545,64.10256,58.10811,2.15054,42.02899,81.25,0.0,83.87097,78.90501,25.36658,74.96391,55.60879,32.73529,50.93352,35.54294,47.89223,72.47282,56.81064,27.32527,68.68866,43.89324,37.96478,65.3521,69.30967,66.01645,31.0959,50.26456,57.19571,15.61259,69.55511,20.53804,67.79333,72.15915,67.64604,46.35722,63.81979,69.99021,30.73732,0.7206983,-0.9367533,-0.6398791,1.1966868,-1.3387787,-0.4562941,-0.3619587,0.6177204,-0.4680762,1.1562765,-0.9975835,-0.3878973,-0.2326041,-0.0638368,-0.2762923,0.3008041,0.4211581,-0.6275544,-0.0963252,0.2274523,-1.2615869,0.2364089,-0.6078232,-0.0115151,0.1773906,2.0676204,-0.2778537,-0.2508964,2.0508743,-0.9329874
Indonesia,53,52.72727,24.35897,50.0,7.52688,34.78261,81.25,0.0,83.87097,64.19029,20.67382,84.71527,47.97078,36.03205,65.3117,30.88218,35.06643,88.04805,49.16643,28.82265,85.60379,30.31502,27.79055,81.46359,82.24875,66.27743,26.74154,30.61884,61.48032,37.66522,56.84284,20.42628,83.3564,80.27277,66.19652,39.75324,42.43294,70.12592,29.28647,0.0650942,-1.628434,-0.0130116,0.7313646,-0.774633,0.5514998,-0.6066298,-1.5099702,0.3344317,0.7676918,-0.7972907,0.4881207,-0.8447375,-1.3704623,0.4669069,0.958757,0.443042,-0.7342017,-0.8747173,0.5590885,-0.7129332,-0.0249453,-0.6148992,0.3481926,1.1315365,1.8800259,-0.5545311,-1.9146194,2.0726958,-0.9907486
Indonesia,54,100.0,64.10256,9.45946,7.52688,92.75362,96.875,98.11321,100.0,56.63403,19.07363,69.49749,63.81261,32.19499,55.64,17.94565,31.1447,62.52147,52.02055,24.72305,73.79524,19.01834,25.40459,58.15269,87.76966,63.1581,53.43395,52.70702,68.60514,57.8357,51.6508,17.60822,63.92126,83.49501,62.23512,63.345,67.40425,72.70464,51.97527,-0.2715695,-1.8642917,-0.9912888,1.6964794,-1.4312346,-0.126408,-1.2857456,-2.1605507,-0.9808155,0.9127776,-1.3456642,-0.1234324,-1.3540148,-1.6768791,-0.6083906,1.2394958,0.1814829,-0.0804491,0.0004486,1.1105623,-0.2111061,-0.1316895,-0.7933181,-0.10101,1.5104662,1.3673481,0.4338579,0.0279457,2.4873345,-0.0874617
Indonesia,55,72.72727,70.51282,9.45946,7.52688,78.26087,89.0625,0.0,91.93548,71.31619,4.14355,66.05546,1.49985,18.06295,52.52264,19.75632,17.02074,50.54521,22.86007,8.81038,62.94636,39.88256,7.83531,52.11482,77.64045,88.70351,41.96229,20.1679,75.09509,48.35892,65.9279,0.0,67.90854,90.03085,91.9972,48.71966,23.22149,87.55441,44.42505,0.3825837,-4.0648838,-1.2125602,-2.0997343,-3.8495255,-0.3449097,-1.1906928,-4.5035939,-1.5978874,-0.5695634,-3.4741859,-0.6852855,-0.4134138,-3.9332138,-0.8869083,0.7244249,2.3234892,-0.361414,-1.2887989,1.6128959,-0.4468815,0.1618362,-1.9081408,-0.0088523,2.279068,5.2191081,-0.178878,-3.4091137,4.8750708,-0.3880512
Indonesia,56,20.0,16.66667,91.89189,94.62366,20.28986,20.3125,0.0,75.80645,59.06218,20.96912,60.62195,39.68267,33.69731,38.75315,37.97974,36.69416,46.0854,49.87916,27.1026,52.82116,29.59096,31.34167,40.84689,91.35988,63.1595,37.88221,33.18828,63.71488,55.02555,55.23387,19.5956,53.28359,90.4964,63.72403,43.01416,43.39682,67.91057,55.77426,-0.1633852,-1.5849091,-1.5618539,0.2264366,-1.1741563,-1.3100392,-0.2340361,-1.2399437,-1.8276774,0.8039223,-1.027369,-1.2096598,-0.8773797,-0.9144089,-1.4066815,1.4220586,0.1816006,-0.4613436,-0.7729122,0.7320474,-0.2810205,-0.0580245,-0.6674917,-0.3468775,2.3338164,1.5600399,-0.417913,-1.8396371,1.7164833,0.063784
Indonesia,57,29.09091,17.94872,78.37838,35.48387,20.28986,57.8125,0.0,75.80645,60.10442,26.16187,55.9702,41.68297,38.24603,40.10124,35.23365,44.27402,59.09607,52.88479,32.05492,53.89318,30.79998,35.89221,50.51343,78.78473,67.2146,43.1308,42.50886,61.84365,57.77215,59.66398,22.16024,48.31651,74.13717,63.11704,64.27115,57.44668,65.90064,73.5286,-0.1169489,-0.8195333,-1.8608924,0.3482987,-0.395774,-1.2155493,-0.3781952,0.0174902,-1.1573076,0.9567104,-0.3649334,-1.1541409,-0.8228745,-0.3300058,-0.9607783,0.7826117,0.5216242,-0.3327947,-0.4036174,0.5872111,-0.2126871,0.0330551,-0.5051178,-0.4616812,0.4100028,1.4814842,0.4726593,-0.7466724,1.3933012,0.7706202
Laos,01,10.90909,12.82051,63.51351,59.13978,2.89855,34.375,0.0,45.16129,54.06961,16.50919,62.13574,47.63518,35.79308,53.23119,35.84958,42.36534,60.4627,44.95163,26.12197,73.81142,28.0302,33.76816,56.97048,73.32461,78.72499,68.35702,58.94117,69.29422,65.26421,51.38992,16.55596,60.42117,77.08666,72.58489,69.88719,74.3482,73.18555,57.8672,-0.3858253,-2.2422714,-1.4645397,0.7109188,-0.8155252,-0.2952459,-0.3458612,-0.2991425,-1.0868929,0.5534368,-1.1585406,-0.1225944,-0.9477419,-0.6027868,-0.662924,0.5049643,1.4867811,0.285048,0.2474547,1.1638983,-0.02629,-0.1370528,-0.8599398,-0.1819074,0.756857,2.7067984,0.7079461,0.5681283,2.5646621,0.1471082
Laos,02,29.09091,8.97436,6.75676,78.49462,53.62319,15.625,9.43396,51.6129,64.23733,20.66798,59.05574,58.20652,42.12445,48.29033,21.07284,41.69403,65.27318,52.0064,32.35179,61.3453,35.88186,32.92118,57.33864,67.14598,75.19744,67.06167,51.07052,66.44214,72.06193,63.80638,21.21519,51.83799,71.01803,68.20349,73.85156,62.51732,69.54865,69.88759,0.0671903,-1.6292951,-1.662538,1.3549456,0.2679062,-0.6415604,-1.1215805,-0.4105073,-0.8390347,0.9120584,-0.3252236,-0.7682026,-0.5937731,-0.7115613,-0.6459413,0.1907805,1.1909926,0.2533224,-0.0643918,0.9431419,0.1428324,0.1182196,-0.5649515,-0.3802894,0.0431979,2.1397643,0.8740358,-0.3522182,1.9798745,0.6256641
Laos,03,20.0,17.94872,70.27027,53.76344,10.14493,43.75,0.0,48.3871,76.06946,19.87627,69.11432,43.33681,30.62258,47.90586,41.77126,35.08079,64.81187,43.71909,27.91792,62.54201,45.45233,28.89996,63.67217,67.02085,74.93247,51.72691,48.93221,68.50617,58.23078,71.82204,19.90037,64.56641,69.87891,70.14152,59.03937,60.8902,71.51575,51.84926,0.5943626,-1.7459868,-1.0159206,0.449054,-1.7003083,-0.6685081,-0.0349967,-1.5075882,-0.8628032,0.4907822,-0.9183099,-0.7062263,-0.1623174,-1.2279862,-0.3537849,0.1844173,1.1687745,-0.122258,-0.1491149,1.1029021,-0.2012768,0.2830151,-0.6481963,-0.0860988,-0.0907604,2.3905809,0.2534712,-0.478795,2.2961705,-0.0924781
Laos,04,43.63636,76.92308,56.75676,39.78495,55.07246,71.875,0.0,54.83871,46.12919,20.4584,62.61717,51.17106,32.22246,55.6077,55.52617,37.49597,61.0073,42.64544,25.92007,76.04924,48.38099,35.16995,49.77266,80.14465,47.86268,62.87928,67.49885,42.938,46.63901,41.08323,20.76656,60.70833,85.16959,30.905,54.43411,82.75938,45.86871,51.35364,-0.7396052,-1.6601855,-1.4335911,0.9263319,-1.426534,-0.128672,0.6870808,-1.1069299,-1.0588326,0.4362044,-1.1855478,-0.0066999,-0.0302873,-0.4227628,-0.9949489,0.8517635,-1.1010518,0.1508869,0.5865226,-0.87612,-0.4896717,-0.3489501,-0.5933552,-0.1752701,1.7073933,-2.6873461,0.0605317,1.2224495,-1.8276907,-0.1122098
Laos,05,23.63636,38.46154,81.08108,43.01075,14.49275,59.375,0.0,56.45161,68.79731,20.36169,73.84024,31.88799,35.86707,54.58666,34.01469,38.97134,75.09514,38.1286,31.17977,67.23711,45.65671,31.89934,75.21945,62.41001,74.01354,53.28119,48.91868,65.80117,75.41287,68.36807,21.17748,66.24821,67.97252,67.53399,57.94602,61.94895,69.30511,65.63993,0.2703568,-1.6744403,-0.7121144,-0.2484303,-0.802865,-0.2002384,-0.4421856,-0.8621791,-0.3329617,0.2065956,-0.4819958,-0.4630715,-0.1531032,-0.84279,0.1788739,-0.0500442,1.0917215,-0.0841903,-0.1496511,0.8935304,0.2262013,0.2120042,-0.5673389,-0.0472274,-0.314949,2.0531183,0.2076649,-0.3964327,1.9407146,0.4565561
Laos,06,52.72727,43.58974,44.59459,35.48387,66.66667,81.25,5.66038,61.29032,65.76197,19.76906,72.95656,24.8179,30.96943,47.44188,27.14229,33.84936,86.22917,26.43744,26.65426,60.22371,41.29627,28.16594,79.31414,65.00408,75.22989,57.96998,52.16388,66.54835,79.28716,64.83862,20.11468,63.98174,69.66765,68.64242,62.45876,64.56875,70.15452,71.19098,0.1351194,-1.7617895,-0.7689215,-0.6791537,-1.6409546,-0.7010298,-0.8029587,-1.7118716,0.2407146,-0.3877117,-1.0873401,-0.8262888,-0.3496808,-1.3222528,0.3677561,0.0818646,1.1937134,0.0306479,-0.0210712,0.9513632,0.3225909,0.1394415,-0.6346276,-0.0996122,-0.1156039,2.1965696,0.3967284,-0.1926332,2.0772939,0.6775548
Laos,07,47.27273,20.51282,10.81081,67.74194,62.31884,37.5,0.0,64.51613,53.62857,20.67169,73.73894,34.61838,37.88579,49.35957,16.58488,40.53273,74.83356,40.69121,29.41292,67.93983,29.94292,34.13485,73.87929,73.30075,73.34571,50.46236,51.43186,65.89533,74.7259,53.62444,20.08407,68.1176,77.69445,67.91415,59.28319,64.42838,70.3861,66.01875,-0.4054757,-1.6287476,-0.7186261,-0.0820894,-0.4574187,-0.566615,-1.3571805,-0.6031566,-0.3464397,0.3368629,-0.7183344,-0.4266782,-0.8615128,-0.5556948,0.1170544,0.5037507,1.0357233,-0.1532294,-0.0500749,0.9008179,0.20911,-0.0911129,-0.6365658,-0.0040203,0.8283317,2.1023185,0.2636865,-0.2035528,2.1145302,0.4716378
Laos,08,38.18182,57.69231,68.91892,75.26882,46.37681,54.6875,0.0,58.06452,72.62651,20.61636,65.99442,38.74016,38.55661,42.04388,19.99106,39.62657,75.90869,45.03365,31.22457,59.14289,38.39354,32.24322,69.3102,63.08138,75.64948,54.22274,45.9065,66.75078,71.50402,68.0377,20.64429,61.59578,68.19958,69.69554,60.47293,58.59519,70.3618,62.81619,0.4409642,-1.6369033,-1.2164837,0.1690172,-0.3426273,-1.0793859,-1.1783697,-0.7534808,-0.2910442,0.5576061,-0.4760029,-0.8822636,-0.4805417,-0.7986277,-0.0937109,-0.0159047,1.2288971,-0.0611298,-0.2689979,0.9670318,0.1289518,0.2052121,-0.6010965,-0.1547587,-0.2882461,2.3328631,0.3135311,-0.6573276,2.1106233,0.3441376
Laos,09,18.18182,8.97436,24.32432,92.47312,28.98551,7.8125,0.0,40.32258,60.50606,19.89643,71.40441,47.74659,37.395,48.03537,29.80512,40.82257,65.49451,48.56106,28.93251,69.97476,35.95484,33.82864,67.35734,67.81694,75.92723,55.55954,50.60141,66.86058,64.06206,59.66374,19.11998,67.32957,72.49064,70.19627,62.17203,64.58341,70.91762,57.03573,-0.099054,-1.7430159,-0.8687022,0.7177062,-0.541404,-0.6594306,-0.6631708,-0.5550749,-0.8276309,0.7369183,-0.7825953,-0.3212913,-0.5904833,-0.5950199,-0.1837934,0.2248987,1.2521866,-0.0283888,-0.0829789,0.9755304,-0.0561987,0.0330501,-0.6976045,-0.022234,0.2163739,2.3976665,0.3847158,-0.191493,2.1999943,0.1140058
Laos,10,41.81818,64.10256,70.27027,73.11828,53.62319,57.8125,0.0,56.45161,49.38823,22.83206,67.85901,40.54061,39.2941,47.15793,6.36817,42.40698,70.53228,44.43828,30.36004,63.57371,24.39114,35.66647,66.69889,67.17495,73.68547,52.81201,50.88984,66.02914,64.76617,52.99989,21.62935,62.43312,71.80242,68.23418,58.20396,65.60988,70.22861,55.64713,-0.5944009,-1.3103235,-1.0966184,0.2787042,-0.216427,-0.7209325,-1.8935168,-0.2922356,-0.5680615,0.5273416,-0.5916443,-0.6527953,-1.1117979,-0.3589965,-0.2141669,0.1922537,1.0642123,-0.0956815,-0.0715507,0.9111754,-0.0386809,-0.1039531,-0.5387298,-0.1354052,0.1354402,2.1437361,0.2184715,-0.111642,2.0892071,0.0587225
Laos,11,58.18182,50.0,10.81081,21.50538,63.76812,75.0,60.37736,67.74194,50.72867,18.74881,75.90031,46.09354,36.52604,51.18218,11.88214,38.71869,63.64453,46.78854,26.66167,76.68826,27.17381,33.10791,68.32178,68.38687,76.85204,60.03226,65.87926,67.17763,46.79496,50.61112,17.50387,75.15277,69.54932,71.6933,63.42133,71.33055,71.03284,44.50499,-0.5346786,-1.912168,-0.5796826,0.6169992,-0.6901009,-0.438865,-1.6040553,-0.9040907,-0.9229499,0.6468141,-1.0863495,0.0263942,-0.9863497,-0.6875803,-0.1393053,0.2538799,1.3297323,0.0811573,0.5223519,1.0000706,-0.4857918,-0.1530644,-0.7999251,0.1585828,-0.1295201,2.5914096,0.437056,0.3333796,2.2185223,-0.3848687
Laos,12,47.27273,32.05128,64.86486,37.63441,34.78261,65.625,22.64151,61.29032,75.83659,22.27274,58.44011,30.68974,36.94927,40.34461,20.04218,39.84036,62.88765,41.08331,32.5252,50.45335,41.62321,31.31615,54.46857,63.41948,77.52544,47.61333,35.47921,60.31397,67.41704,76.07499,22.22735,49.16627,72.82167,72.84345,49.50623,51.50656,67.98048,64.39381,0.5839873,-1.3927642,-1.702114,-0.32143,-0.617677,-1.1984905,-1.1756862,-0.7180151,-0.961948,0.3567952,-0.3020269,-1.3322862,-0.3349415,-0.9176861,-0.7783335,0.0012878,1.3861978,-0.2230082,-0.6821422,0.4688113,0.0272708,0.3704522,-0.5008689,-0.4420407,0.2553027,2.7402609,-0.1459243,-1.2087653,1.7277248,0.4069456
Laos,13,61.81818,69.23077,16.21622,13.97849,72.46377,85.9375,0.0,70.96774,72.02502,22.08599,60.09771,50.94893,41.97132,49.13814,23.96616,42.35304,61.51103,51.53037,33.70161,63.85036,36.65547,33.74295,52.5273,77.80139,66.56492,76.357,52.43303,65.10882,68.14987,65.91682,23.16176,56.8089,83.39965,56.57137,72.9743,64.19668,69.85634,61.36316,0.4141651,-1.4202894,-1.5955549,0.9127988,0.2417023,-0.5821354,-0.969693,-0.3011835,-1.0328781,0.8878599,-0.1446674,-0.6384682,-0.5588974,-0.6060247,-0.8678814,0.7326089,0.4671482,0.4809842,-0.0104071,0.8399413,0.045503,0.1616084,-0.4417086,-0.2653973,1.4992526,0.6343541,0.8372822,-0.2215776,2.029349,0.2862894
Laos,14,80.0,51.28205,21.62162,16.12903,78.26087,90.625,86.79245,74.19355,60.83625,16.55622,55.58074,62.33013,20.81765,43.20633,63.53006,38.17862,48.40685,53.52183,16.64674,59.75095,53.30841,33.52912,35.88914,65.98164,82.8408,84.73101,40.76124,70.71376,55.60601,51.27256,16.74124,46.48586,56.40101,63.80203,94.84899,31.53834,60.79757,65.38915,-0.0843424,-2.2353407,-1.8859288,1.606164,-3.3781388,-0.9979075,1.1072528,-0.9936834,-1.7080656,0.9890937,-2.4259733,-0.8507726,0.1918506,-0.6334855,-1.635375,0.1315738,1.8318953,0.6860812,-0.4728607,1.2737734,-0.2665793,-0.1394656,-0.8482089,-0.5039928,-1.6757358,1.5701347,1.7537335,-2.7621303,0.5727634,0.4465721
Laos,15,45.45455,71.79487,20.27027,64.51613,65.21739,39.0625,0.0,64.51613,72.17423,20.97614,70.54884,53.55107,40.8748,52.03328,20.34251,36.21012,66.99438,49.39753,31.5783,71.41127,33.05167,30.63012,66.84851,67.87096,74.74457,56.92696,50.06758,65.98117,70.66439,65.18942,19.9672,66.38997,72.69861,68.79341,66.08587,64.1632,69.71134,67.50794,0.4208132,-1.5838742,-0.9237022,1.0713268,0.0540636,-0.37921,-1.1599202,-1.3202409,-0.7503502,0.7794394,-0.4286866,-0.2468961,-0.7213641,-1.0057902,-0.207265,0.2276457,1.1530195,0.005102,-0.1041297,0.9074627,0.1080625,0.1466536,-0.6439648,-0.043951,0.2408311,2.2161103,0.5486881,-0.2241818,2.0060336,0.5309253
Laos,16,52.72727,47.4359,51.35135,7.52688,57.97101,87.5,0.0,70.96774,66.48309,22.99925,65.45984,64.67317,38.99142,53.87186,33.33906,33.76717,55.76758,54.02953,31.84665,68.65648,33.20756,27.01739,51.49914,67.07668,74.21479,65.65977,50.82937,65.44453,68.85458,61.06954,21.76522,57.09252,72.1511,67.06141,67.83111,64.39067,68.16843,62.48327,0.1672485,-1.2856819,-1.2508495,1.7489063,-0.2682226,-0.25034,-0.4776533,-1.7255064,-1.3288068,1.0149021,-0.3927915,-0.3895637,-0.7143363,-1.4697548,-0.9153087,0.1872567,1.1085968,0.2189868,-0.0739467,0.8659255,0.0630357,0.0619523,-0.5301272,-0.2588421,0.1764444,1.9919579,0.6218056,-0.2064866,1.7579454,0.3308832
Laos,17,25.45455,12.82051,10.81081,72.04301,28.98551,28.125,0.0,50.0,73.25797,20.12814,76.92849,50.93338,35.22214,50.2407,44.37056,32.51528,65.55466,51.61117,29.73302,75.19124,44.78756,27.34168,63.08565,68.36494,75.95076,55.8995,51.91872,67.74301,58.7953,65.87252,18.24953,72.14869,72.66174,71.2186,58.70708,65.8434,71.66153,54.58395,0.4690985,-1.7088641,-0.5135855,0.9118518,-0.9132254,-0.5048552,0.1014561,-1.9331834,-0.8245313,0.8919676,-0.6755165,-0.051135,-0.1922865,-1.4281076,-0.3808401,0.2527645,1.2541596,-0.0200625,-0.0307849,1.0438322,-0.187232,0.1606976,-0.7527152,0.0891499,0.2364947,2.5299749,0.2395497,-0.0934757,2.3196112,0.0163953
Laos,18,34.54545,17.94872,8.10811,94.62366,63.76812,6.25,9.43396,53.22581,60.20612,22.07731,65.75818,57.95826,29.00483,43.27402,17.74741,32.37538,61.68911,56.94034,25.0035,61.66857,28.74651,29.18066,57.02828,66.18242,73.62466,63.65601,45.56967,65.17886,65.41824,59.54836,20.89445,60.16412,72.01405,67.60337,67.42902,61.74203,69.71439,62.26183,-0.1124174,-1.4215688,-1.2316706,1.3398212,-1.9771389,-0.9931625,-1.2961526,-1.9563918,-1.0237022,1.1628697,-1.3081498,-0.7514609,-0.9154493,-1.1919376,-0.6602579,0.1417835,1.0591139,0.1699106,-0.2823437,0.8453621,-0.0224579,0.0306781,-0.5852581,-0.1878486,0.1603271,2.062098,0.6049601,-0.4125291,2.0065236,0.3220673
Laos,19,20.0,51.28205,75.67568,78.49462,20.28986,39.0625,0.0,45.16129,64.22066,17.07542,68.15477,60.20687,36.93726,61.71235,43.94769,41.54904,58.87444,47.92388,28.1741,82.58301,42.14923,33.39687,56.05153,72.75296,77.35445,73.90582,58.01381,67.8808,66.36882,55.52929,17.13426,65.18007,75.19527,71.31187,76.53505,71.44027,71.9637,64.62088,0.0664476,-2.1588138,-1.0776054,1.4768108,-0.6197319,0.2992149,0.079257,-0.4345604,-1.1687273,0.7045281,-0.8840424,0.3316775,-0.3112275,-0.6504701,-0.7053139,0.4758957,1.3718601,0.4209499,0.2107114,1.0544969,0.0011919,-0.0519507,-0.8233256,-0.0719152,0.5344329,2.5420459,0.9864619,0.3419146,2.3681979,0.4159857
Malaysia,01,0.0,12.82051,43.24324,95.69892,26.08696,3.125,0.0,22.58065,62.22758,21.67503,61.07716,53.97516,40.18437,49.02009,20.30369,46.8902,63.12003,52.27485,29.97804,65.18769,28.02398,36.61917,56.66552,83.14027,70.61145,30.12692,32.20017,61.30342,34.24306,57.50166,21.6355,56.58053,66.23777,57.3407,56.41365,79.64216,63.15077,40.58905,-0.0223527,-1.4808621,-1.5325906,1.0971627,-0.0640835,-0.5904102,-1.1619577,0.4514928,-0.9499749,0.9257048,-0.6427417,-0.569209,-0.9480225,-0.2366463,-0.6769915,1.004091,0.8064535,-0.6512867,-0.8120629,0.5453959,-0.798074,-0.0114005,-0.5383404,-0.2706757,-0.5189512,0.7339194,0.1434655,0.979955,0.9511415,-0.5407699
Malaysia,02,7.27273,17.94872,89.18919,96.77419,14.49275,21.875,0.0,25.80645,67.64398,19.39124,80.15328,41.88759,32.31609,53.76511,39.34899,35.04465,73.8766,52.19082,27.14637,73.05428,33.87042,30.4716,66.12887,87.34788,60.4035,36.42003,32.85282,60.05339,16.05639,61.06891,19.95434,73.96837,70.07018,55.82399,56.13234,79.52031,62.08752,29.5039,0.2189709,-1.8174769,-0.3062794,0.360765,-1.4105122,-0.2578225,-0.1621562,-1.5135835,-0.3957465,0.921433,-1.0215147,-0.1618058,-0.6844529,-1.0261477,-0.240461,1.2180485,-0.0494932,-0.4971554,-0.7862036,0.4486418,-1.2505453,0.0619394,-0.6447792,0.1312079,-0.068268,0.5376291,0.1316798,0.9704764,0.7801788,-0.9820924
Malaysia,03,12.72727,73.07692,21.62162,92.47312,39.13043,9.375,0.0,24.19355,61.71549,19.88429,67.0032,51.91102,31.20417,40.09449,25.30213,34.85706,55.52603,50.56744,27.39797,61.85017,33.06713,31.26185,55.60245,86.3388,67.26995,32.01011,28.5695,60.07643,28.61322,59.19603,19.57051,61.9106,64.22665,58.2989,54.11676,80.9856,60.66941,43.943,-0.0451685,-1.7448054,-1.1516345,0.9714116,-1.6007853,-1.2160222,-0.8995598,-1.5447018,-1.3412527,0.8389105,-0.98786,-0.7420561,-0.7206671,-0.9246599,-0.7260293,1.1667366,0.526265,-0.6051636,-0.9559151,0.4504251,-0.9381405,0.0234345,-0.6690803,-0.1474821,-0.7554559,0.8579279,0.0472362,1.0844636,0.5521569,-0.4072424
Malaysia,04,36.36364,58.97436,2.7027,13.97849,91.30435,75.0,0.0,38.70968,48.42291,23.32285,64.94327,59.78107,36.43143,48.54518,0.5681,35.21162,64.08678,50.19972,28.55288,62.56135,18.15144,29.62786,57.21126,76.753,66.85188,55.18698,33.6419,58.27535,33.34849,50.64845,21.84142,57.56879,80.11535,54.90889,83.59088,74.75592,61.00826,41.35802,-0.6374103,-1.2379856,-1.2840573,1.4508702,-0.7062898,-0.6236975,-2.1979973,-1.4858842,-0.9001636,0.8202179,-0.8333753,-0.7052247,-1.3930962,-1.1345058,-0.6518171,0.679298,0.49121,-0.0375137,-0.7549393,0.311018,-0.8203304,-0.1522969,-0.525303,-0.2478341,1.1130244,0.4191989,1.2820695,0.5998454,0.6066409,-0.5101556
Malaysia,05,34.54545,51.28205,5.40541,18.27957,86.95652,71.875,0.0,37.09677,40.46866,39.19259,48.29971,44.13634,45.94445,42.14612,55.75775,52.21683,62.3382,34.83141,40.50888,46.73899,40.12474,46.76979,50.49256,88.4194,52.39911,53.19412,44.04879,57.59515,71.50003,28.80757,35.72061,39.14975,96.03582,42.32576,55.15603,60.54668,58.06807,57.42178,-0.9918061,1.101106,-2.3539907,0.4977627,0.9215885,-1.0722195,0.6992376,1.3351341,-0.9902585,0.0389867,0.7658917,-1.5246493,-0.4024959,1.0669473,-0.9617411,1.2725353,-0.7206685,-0.086323,-0.3426029,0.2583693,0.1288527,-0.6013277,0.3534248,-0.6735517,2.9852413,-1.2092897,0.0907769,-0.5055181,0.1338795,0.129375
Malaysia,06,41.81818,69.23077,50.0,8.60215,52.17391,84.375,0.0,45.16129,31.78037,44.54124,68.2165,21.39133,44.23728,71.25883,65.282,66.97236,68.34836,18.87665,44.13497,82.56021,51.11506,63.97872,56.11669,48.67167,40.29398,75.16334,32.2531,39.18622,57.31582,33.64459,47.0151,62.21063,67.33921,23.8865,83.46771,53.6064,38.45112,75.18879,-1.3789068,1.889461,-1.0736374,-0.8879068,0.6294557,0.9683452,1.1992229,3.7829501,-0.6805871,-0.7720564,1.2509266,0.3304969,0.0929702,3.2770045,-0.7023083,-0.7486393,-1.7356947,0.4517491,-0.8099655,-1.1665141,-0.2240404,-0.5018825,1.0685089,-0.1405476,-0.3894244,-3.5956687,1.276909,-1.0454152,-3.0203846,0.8367158
Malaysia,07,45.45455,89.74359,29.72973,5.37634,63.76812,89.0625,0.0,50.0,86.87988,21.69998,60.93152,36.76906,35.72779,42.29326,40.11878,26.968,60.57184,45.2473,33.75085,51.95477,53.31764,24.79289,56.7923,42.299,73.90902,25.81987,48.1247,58.15328,54.30187,86.85983,24.11745,51.73556,76.70552,61.69561,42.01422,85.37817,63.02172,51.69967,1.0760131,-1.4771844,-1.5419535,0.048934,-0.8266983,-1.0619063,-0.1217451,-2.8534304,-1.0812692,0.568467,-0.1380816,-1.2545289,0.1922666,-1.7554369,-0.6711431,-1.0726902,1.0829573,-0.7567754,-0.1811095,0.3015696,-0.2990253,0.5921798,-0.3812014,-0.3826569,0.7120351,1.2975248,-0.4598062,1.42617,0.9303908,-0.0984338
Malaysia,08,10.90909,88.46154,64.86486,13.97849,20.28986,53.125,0.0,30.64516,59.24104,20.51404,70.12823,53.3113,38.64471,52.43143,37.35804,39.35831,62.8758,46.81927,28.41818,71.5644,29.88486,34.34381,59.00777,85.22467,64.27278,22.87237,29.04916,57.09011,24.04467,50.55631,20.01215,62.89371,68.72169,56.05146,54.1993,77.18268,60.61662,36.19748,-0.1554159,-1.6519847,-0.9507412,1.0567192,-0.3275524,-0.3513028,-0.2666729,-0.7979844,-0.9625589,0.6483763,-0.8513931,-0.2389657,-0.86413,-0.528859,-0.5689467,1.1100831,0.2749501,-0.8289658,-0.9369102,0.2192788,-1.0518028,-0.1541913,-0.641119,-0.1247596,-0.2268477,0.5670689,0.0506941,0.7886278,0.5436677,-0.7156075
Malaysia,09,18.18182,60.25641,55.40541,9.67742,28.98551,64.0625,0.0,35.48387,49.43479,22.66516,70.17557,34.80926,37.95409,53.37413,34.81893,43.6308,72.76484,40.18223,30.30752,72.54563,30.28469,39.58797,66.91714,80.46604,63.7533,27.82491,39.23109,63.81443,35.24775,44.13695,23.07024,66.61077,88.09637,55.40901,51.29996,80.8386,62.88266,42.03457,-0.5923268,-1.3349235,-0.9476978,-0.0704607,-0.4457309,-0.2852271,-0.3999659,-0.0892135,-0.4530295,0.3109896,-0.5986695,-0.1881484,-0.8461049,0.1446223,-0.2040993,0.8681065,0.231391,-0.7076678,-0.5334872,0.7397528,-0.773078,-0.2861681,-0.4475033,-0.0388476,2.0515772,0.4839239,-0.0707754,1.0730287,0.9080313,-0.4832209
Malaysia,10,20.0,53.84615,18.91892,93.54839,43.47826,9.375,0.0,32.25806,62.53162,21.84606,67.03368,56.41327,35.82022,47.65741,22.49605,38.21896,67.28925,55.91228,28.30108,68.53243,26.87015,32.84947,64.7972,83.79545,67.96703,31.90044,25.24576,64.15777,39.6881,59.56464,20.97882,64.24713,66.59742,60.48815,47.92407,74.95849,63.4698,49.32656,-0.0088064,-1.455654,-1.1496749,1.245697,-0.8108817,-0.6859226,-1.0468678,-0.9869912,-0.7351572,1.1106094,-0.8670573,-0.3959882,-1.0000393,-0.7207698,-0.3018889,1.0374068,0.584716,-0.6078495,-1.0876068,0.7663282,-0.6626054,0.0310128,-0.5799164,-0.0934781,-0.4766576,1.141257,-0.2122097,0.6156037,1.0024398,-0.1929121
Malaysia,11,25.45455,87.17949,16.21622,91.39785,47.82609,12.5,0.0,35.48387,63.11446,19.4416,71.6588,44.34002,35.58618,48.51559,29.94888,38.04667,68.58499,52.00911,27.97253,69.30468,28.01159,32.09579,65.22321,89.33903,68.74057,39.60934,33.40257,62.18675,37.76787,57.39025,20.29205,69.14578,75.08719,59.36352,65.51736,80.07242,63.85306,45.09763,0.0171613,-1.8100549,-0.8523487,0.5101713,-0.8509313,-0.6257715,-0.6556241,-1.0155729,-0.668395,0.912196,-0.9110044,-0.3559942,-0.9485807,-0.8175617,-0.2822379,1.3192983,0.6495781,-0.4190426,-0.7644219,0.6137674,-0.7103793,-0.013691,-0.623398,0.0197438,0.5217228,0.9957103,0.5248699,1.0134256,1.0640641,-0.3612742
Malaysia,12,9.09091,71.79487,48.64865,88.17204,53.62319,6.25,0.0,29.03226,45.83784,24.07119,64.41773,55.5399,40.45239,45.97038,9.62766,44.51093,67.94673,46.49566,30.87575,58.81262,27.81519,36.72173,61.81625,83.19942,65.63867,19.55072,29.84447,59.42623,31.22479,53.02918,23.24893,55.25198,66.60293,56.10617,55.02325,76.42521,60.21305,36.57889,-0.7525862,-1.1276853,-1.3178415,1.1924897,-0.0182192,-0.8041698,-1.7224064,0.0567924,-0.701281,0.6319261,-0.5226623,-0.8993675,-0.9574349,-0.2234756,-0.4393956,1.0070988,0.3894808,-0.9103201,-0.9053991,0.4000982,-0.8731666,-0.1033511,-0.43619,-0.3013823,-0.47601,0.5741484,0.0852138,0.7297029,0.4787771,-0.7004225
Malaysia,13,29.09091,76.92308,10.81081,96.77419,65.21739,10.9375,0.0,35.48387,8.6627,38.41517,70.60212,47.86119,46.60831,60.39809,44.79794,47.71201,75.51657,32.90056,40.48784,66.2167,34.34648,39.48898,60.52615,100.0,62.37867,62.18459,53.90789,31.51189,47.25001,16.90828,33.49383,57.49323,76.79815,62.36763,71.44759,79.77395,33.6949,39.60053,-2.4088986,0.9865195,-0.920277,0.7246882,1.0351885,0.2070954,0.1238921,0.587824,-0.3112481,-0.0591661,0.7630774,-0.5159174,-0.6629912,0.1319093,-0.4989063,1.8614094,0.1161274,0.1338725,0.0480289,-1.7605205,-0.4744704,-0.8459675,0.2124415,-0.2495805,0.7229283,1.3844971,0.7733202,0.9902071,-3.7851513,-0.580125
Malaysia,15,20.0,62.82051,62.16216,7.52688,34.78261,76.5625,0.0,38.70968,48.34414,21.90389,72.14935,18.17277,38.7466,48.63215,15.91571,36.3187,63.39889,27.91644,31.82081,61.62846,23.01745,32.48653,63.14619,76.52306,69.68869,32.59501,38.89621,63.25871,39.25699,54.19346,21.10498,61.28253,85.42494,55.73856,69.05365,78.47065,63.06457,49.82497,-0.6409198,-1.4471308,-0.8208135,-1.0839879,-0.3101162,-0.617601,-1.3923094,-1.3022287,-0.9356065,-0.3125284,-0.3962488,-0.7535381,-1.1737266,-0.7673803,-0.3780478,0.6676054,0.7290793,-0.5908382,-0.546756,0.696739,-0.673331,-0.0794144,-0.571929,-0.1619986,1.7374221,0.5265733,0.6730247,0.8888211,0.9372814,-0.1730694
Malaysia,16,36.36364,82.05128,24.32432,9.67742,62.31884,85.9375,0.0,45.16129,76.38932,22.87341,74.63436,29.84435,37.6301,54.51394,27.59308,29.54089,76.64022,37.73179,33.73515,69.01501,41.07244,25.43834,70.54882,71.90555,71.97349,28.88386,51.5796,59.60944,15.78814,69.25614,22.78706,68.15436,78.62919,57.57703,17.98571,85.84507,61.88389,3.02627,0.6086137,-1.3042295,-0.6610644,-0.372933,-0.501172,-0.2053357,-0.7792942,-2.4266091,-0.2533522,0.1864244,-0.1401813,-0.3709961,-0.3597715,-1.6725443,-0.0365754,0.4328048,0.9206617,-0.6817319,-0.0442214,0.4142792,-1.2572192,0.2302621,-0.465432,-0.0031708,0.9382557,0.7645046,-1.4664927,1.4624913,0.747436,-2.0362202
Malaysia,17,58.18182,26.92308,6.75676,16.12903,92.75362,87.5,0.0,50.0,27.72606,22.61159,77.08014,48.7171,27.77219,45.91823,0.0,45.04556,73.26908,41.20345,21.14728,65.67724,17.17891,36.5607,72.29348,87.76151,70.36015,47.52664,58.52253,52.62584,16.11352,40.1653,19.24218,68.04224,72.21337,56.94199,80.2497,88.80696,61.42932,12.19009,-1.5595441,-1.3428207,-0.5038369,0.7768316,-2.1880703,-0.8078253,-2.2278201,0.1454828,-0.4270489,0.3629025,-1.8239683,-0.5438555,-1.4369398,-0.244155,0.0439035,1.2390816,0.7853815,-0.2251313,0.2308676,-0.1262637,-1.249124,-0.367822,-0.6898679,-0.0057621,0.1837669,0.6823194,1.1420891,1.692902,0.6743442,-1.67139
Malaysia,18,1.81818,67.94872,97.2973,92.47312,5.7971,20.3125,0.0,22.58065,73.90288,21.9098,62.45264,39.42783,43.22031,50.08568,39.51517,45.77261,69.18057,44.99486,34.13165,66.08113,44.19183,35.54574,59.83644,83.7483,71.04,47.6328,22.99944,62.39408,47.63622,66.34798,21.98877,58.61141,71.33357,59.14399,73.66697,71.74274,63.14618,61.90603,0.4978321,-1.4462597,-1.4441677,0.2109112,0.4554306,-0.5157207,-0.1534325,0.266093,-0.6377079,0.5556346,-0.0871437,-0.5229389,-0.2191432,-0.3745013,-0.5307216,1.0350094,0.8423876,-0.2225313,-1.176609,0.6298156,-0.4648619,0.1704729,-0.5159741,-0.2237361,0.0803048,0.9672985,0.866302,0.365445,0.9504027,0.3079023
Malaysia,19,12.72727,92.30769,37.83784,53.76344,27.53623,40.625,0.0,29.03226,64.86801,20.96576,72.19859,49.84565,36.57458,50.98229,30.58563,40.30293,70.98876,50.97444,28.97845,72.68501,33.49371,32.83069,71.04571,85.65928,68.23285,32.09337,26.80386,60.97633,39.49258,58.54529,19.78426,70.22804,70.23494,58.4344,61.75445,75.79772,61.47477,45.15543,0.0952895,-1.5854036,-0.8176477,0.8455852,-0.6817953,-0.4528753,-0.6221975,-0.6412788,-0.5445417,0.8596001,-0.7764495,-0.1809303,-0.7014357,-0.7231815,-0.0136546,1.1321831,0.6070056,-0.6031243,-1.0258725,0.5200788,-0.6674697,0.0100558,-0.6555475,0.0447581,-0.0488925,0.8754639,0.3672211,0.6808891,0.681653,-0.358973
Malaysia,20,30.90909,89.74359,16.21622,20.43011,57.97101,81.25,0.0,43.54839,72.01792,20.60309,72.7619,57.19327,29.99639,48.38594,22.14479,29.72989,73.9104,60.48534,26.39426,62.95322,35.34746,25.26971,66.43253,83.655,69.43151,53.76215,27.18444,59.31626,34.77701,68.78269,20.66817,64.6992,76.48328,58.31495,73.29153,74.14327,62.0433,43.66053,0.413849,-1.6388592,-0.7814358,1.2932163,-1.8074624,-0.6348585,-1.0653074,-2.3952566,-0.3940052,1.3430763,-1.122119,-0.6849301,-0.6178649,-1.6942011,-0.2264538,1.030265,0.7075138,-0.0724107,-1.0107933,0.3915866,-0.7847898,0.2205285,-0.5995845,-0.0830295,0.6858999,0.8600058,0.8505727,0.5521863,0.7730674,-0.4184882
Malaysia,21,34.54545,94.87179,10.81081,50.53763,69.56522,54.6875,0.0,45.16129,53.26139,18.91331,68.25261,52.81763,23.60713,49.94996,15.95447,29.99153,49.73141,44.70219,18.34781,67.31524,19.41382,26.39763,43.86827,86.05464,65.73847,10.45618,25.1801,60.17949,18.39723,45.38102,17.85386,57.75862,66.66557,58.73131,52.57473,76.55581,61.24925,32.02034,-0.4218353,-1.8879214,-1.0713156,1.0266437,-2.9007995,-0.5252337,-1.3902744,-2.3518517,-1.6398181,0.540757,-2.198433,-0.4590255,-1.3361855,-1.5493481,-1.2673096,1.1522868,0.397849,-1.1330643,-1.0902083,0.4584019,-1.1923069,-0.2605911,-0.7777662,-0.2434466,-0.4686435,0.9138901,-0.017368,0.7398623,0.6453902,-0.8819076
Malaysia,22,47.27273,43.58974,13.51351,87.09677,46.37681,18.75,0.0,40.32258,63.50982,19.25369,69.49186,53.22525,35.9841,43.79977,26.71053,39.46827,57.79496,54.0305,28.14223,65.20243,30.96286,32.57154,61.28119,79.03072,72.08647,42.5524,43.43207,50.61291,21.71415,61.42759,19.14424,63.17837,71.86507,59.6797,76.60528,61.05746,64.01823,37.30484,0.0347765,-1.8377515,-0.9916507,1.0514767,-0.7828388,-0.9563119,-0.8256248,-0.7797421,-1.2243469,1.0149515,-0.8883046,-0.5684457,-0.8155318,-0.756463,-0.4640775,0.7951203,0.9301352,-0.3469609,-0.3670386,-0.2820682,-1.1097843,0.0693135,-0.6960686,-0.1181803,0.1428082,1.0366294,0.9894041,-0.465783,1.0906221,-0.6715211
Malaysia,23,52.72727,78.20513,5.40541,23.65591,84.05797,76.5625,0.0,45.16129,62.73394,20.31553,68.37537,51.93022,34.91864,42.22022,12.4834,33.78351,62.22287,49.86084,27.44772,61.96548,23.21559,27.88675,58.97554,80.67292,72.73138,51.79531,45.88787,67.12481,57.62417,58.49305,19.01167,60.68632,77.07437,59.1733,82.49064,63.69709,63.31124,81.47416,0.0002078,-1.6812429,-1.0634244,0.9725812,-0.9651602,-1.0670257,-1.5724919,-1.7227944,-0.9962006,0.8029914,-0.9812046,-0.736084,-1.1647944,-1.3581069,-0.5704336,0.8786259,0.9842114,-0.1205827,-0.2697359,0.9959819,-0.2163687,0.0089817,-0.7044621,-0.1757788,0.7554114,0.9710922,1.2359745,-0.2604414,0.9769445,1.086949
Malaysia,24,43.63636,21.79487,24.32432,76.34409,39.13043,28.125,9.43396,43.54839,57.53559,19.16712,73.66182,51.12862,35.48567,56.37718,34.06625,40.42023,74.60385,52.55633,28.14667,78.35509,32.23879,33.86294,73.99541,86.55642,72.64971,32.13502,22.25877,61.85948,44.28957,54.69608,19.12275,72.78918,72.89706,65.44902,60.87156,60.59152,67.25618,57.31596,-0.2314013,-1.8505107,-0.723584,0.9237464,-0.8681301,-0.0747373,-0.4394788,-0.6218203,-0.3582757,0.9400134,-0.8877108,0.1127178,-0.7580101,-0.5906152,0.1224108,1.1778027,0.9773635,-0.6021043,-1.2059555,0.5884364,-0.5481242,-0.0690809,-0.697429,0.1039534,0.2641681,1.7832859,0.3302317,-0.5020295,1.6112626,0.1251623
Malaysia,25,67.27273,64.10256,2.7027,13.97849,97.10145,90.625,0.0,50.0,59.81976,20.81493,73.06248,60.58114,39.27053,49.45806,20.33802,31.63706,73.11339,54.60056,30.79539,65.08792,33.59665,25.48444,66.44024,66.49398,71.632,50.64527,55.08225,65.40485,64.82018,62.34533,20.38354,62.66204,68.45411,66.8654,55.82645,78.06307,67.29971,61.80847,-0.1296315,-1.6076359,-0.7621128,1.4996117,-0.2204598,-0.5597116,-1.1601559,-2.0788727,-0.4350706,1.0439297,-0.533412,-0.5743762,-0.6967953,-1.666624,-0.2260981,0.1576263,0.8920276,-0.1487495,0.0945587,0.8628542,-0.0373373,0.0881815,-0.6176051,-0.1301141,-0.2583141,1.9665904,0.1188644,0.8571151,1.6182613,0.304018
Malaysia,26,76.36364,83.33333,0.0,18.27957,98.55072,90.625,0.0,53.22581,50.68041,21.03772,58.97736,47.52945,40.15093,50.96244,41.50342,46.28381,64.61574,44.84036,30.28111,66.22352,40.67157,36.96619,54.05934,74.47629,69.50811,42.63516,60.37361,64.07615,51.33619,49.57324,21.08929,56.96885,74.91854,69.1562,40.32489,70.8964,70.81213,50.33713,-0.5368288,-1.5747978,-1.6675769,0.7044775,-0.0698052,-0.454267,-0.0490571,0.3508967,-0.8729091,0.5477807,-0.6022033,-0.5155645,-0.3778434,-0.1920799,-0.7972108,0.563527,0.7139368,-0.344934,0.30421,0.7600106,-0.3728092,-0.1744023,-0.5729224,-0.2617005,0.5018897,2.2630627,-0.5305813,0.2996065,2.183033,-0.1526794
Malaysia,27,54.54545,89.74359,2.7027,35.48387,91.30435,71.875,9.43396,45.16129,51.45276,21.31452,67.51601,59.44617,36.41027,50.53421,8.03848,32.65582,64.84527,50.2146,27.03227,65.47456,20.39452,27.08229,59.45484,66.2561,73.45254,51.10826,50.67862,65.71741,61.94667,50.83374,19.51706,59.94573,67.35119,68.14849,57.77671,73.78021,68.38977,59.96769,-0.5024172,-1.5339998,-1.1186682,1.4304674,-0.7099118,-0.4842821,-1.805832,-1.9098684,-0.8610826,0.8209745,-1.0367758,-0.5543522,-1.2919739,-1.4614201,-0.5483244,0.1455301,1.0446809,-0.13741,-0.0799197,0.887047,-0.1088282,-0.1484874,-0.6724646,-0.1928961,-0.3880157,2.1326459,0.2005714,0.5239434,1.7935354,0.2307329
Malaysia,28,63.63636,85.89744,2.7027,16.12903,94.2029,85.9375,0.0,48.3871,85.62651,21.26109,46.98686,59.1098,33.20742,31.22427,100.0,32.76427,37.38148,52.21557,27.65324,43.33875,100.0,31.72436,28.11635,61.05235,83.94874,66.07573,67.86627,70.6195,30.93838,81.89476,23.41666,32.37087,53.31362,77.21171,62.11639,58.18177,79.35824,28.62968,1.0201699,-1.5418751,-2.4383879,1.4099749,-1.2579872,-1.8377528,3.0217783,-1.8918784,-2.2761436,0.9226916,-0.9537142,-1.7007446,2.2968014,-0.8652627,-1.9939225,-0.1190813,1.9247972,0.2291746,0.6010801,1.2664771,-0.8802921,0.4901021,-0.4255706,-0.8302312,-2.0388068,3.3055942,0.3823846,-0.6894888,3.5571857,-1.0168967
Malaysia,29,54.54545,46.15385,2.7027,89.24731,91.30435,20.3125,0.0,41.93548,63.19053,22.53841,62.85714,65.60131,35.15323,49.03683,8.90085,37.65189,65.68219,58.05456,27.55278,63.87242,26.23057,30.32518,58.19569,65.57567,73.9582,58.05094,51.50475,61.04234,45.7763,60.78862,20.71435,55.92947,64.98112,64.07499,71.42575,68.87994,67.41647,47.69129,0.0205506,-1.3536069,-1.4181647,1.8054502,-0.9250169,-0.5892368,-1.7605611,-1.0810644,-0.8179605,1.21951,-0.9671513,-0.6373254,-1.0288727,-1.0449516,-0.6064071,0.1109299,1.0870811,0.0326308,-0.0471872,0.5251885,-0.5111354,0.0561769,-0.5966611,-0.2857235,-0.6667316,1.6054604,0.7724052,0.1427419,1.637036,-0.2580156
Malaysia,30,65.45455,16.66667,20.27027,65.5914,65.21739,59.375,33.96226,48.3871,57.27447,20.52209,74.04922,28.74972,36.45175,51.60189,21.74229,36.87909,70.98259,37.53882,29.40965,67.13215,32.32521,30.60622,71.57526,73.27719,74.68881,44.11694,36.05646,63.58798,51.26719,61.15024,19.1522,66.82405,72.11196,66.20158,66.65337,50.71048,69.61335,46.14306,-0.243035,-1.6507983,-0.6986799,-0.4396196,-0.7028139,-0.4094468,-1.0864374,-1.2092656,-0.5448593,0.1766147,-0.7187717,-0.4685072,-0.7541142,-1.0088589,0.0107727,0.5025528,1.148344,-0.308642,-0.6592709,0.7222255,-0.3745259,0.0636113,-0.6955645,-0.0339182,0.1718422,1.880681,0.5724638,-1.2706941,1.9902785,-0.3196536
Malaysia,32,54.54545,75.64103,5.40541,56.98925,72.46377,54.6875,15.09434,48.3871,69.23292,18.53468,69.77931,61.42163,27.58329,47.17435,22.76548,32.58016,57.58889,58.57714,21.95212,66.45868,33.14305,25.46412,56.21615,71.47963,75.39217,49.83067,46.24109,66.23673,55.01471,64.0587,16.42463,62.82523,71.75241,71.24189,56.88458,66.68231,70.57216,60.12493,0.2897651,-1.9437287,-0.9731718,1.5508164,-2.2203951,-0.7197814,-1.032724,-1.922421,-1.2349644,1.246075,-1.7163109,-0.5033856,-0.7172444,-1.6692338,-0.6977202,0.411147,1.2073212,-0.1687008,-0.2557408,0.9272431,-0.2812904,0.1234071,-0.8682545,-0.1263425,0.1295592,2.5329889,0.1631954,-0.028216,2.1444483,0.236993
Malaysia,33,76.36364,32.05128,54.05405,7.52688,76.81159,93.75,0.0,54.83871,56.00556,16.70381,70.034,52.4909,21.4348,68.52614,12.93726,31.63178,58.57775,40.38178,14.77142,81.63635,14.99486,27.572,52.93341,89.82371,70.36232,40.86769,31.74317,65.11744,31.72602,45.70397,15.50121,62.48158,82.20519,66.65512,68.21514,51.98134,73.66862,43.70615,-0.2995708,-2.213586,-0.9567992,1.0067387,-3.2725305,0.776806,-1.5486658,-2.079749,-1.1840141,0.3211334,-2.6768206,0.2826513,-1.5354013,-1.3985298,-0.8491483,1.3439443,0.7855636,-0.388223,-0.8301698,0.8406079,-0.8606962,-0.2539514,-0.9267185,-0.1342851,1.3587859,1.9393771,0.6378951,-1.1718316,2.642336,-0.416672
Malaysia,34,81.81818,57.69231,44.59459,5.37634,73.91304,95.3125,73.58491,51.6129,88.16858,18.4753,68.12982,78.84696,35.39715,55.41869,36.0618,41.42439,71.17931,69.5862,26.66728,71.40976,39.01669,30.36109,59.22807,67.5879,78.42097,70.86104,23.33476,62.40654,57.69506,74.20946,17.18203,58.04956,70.87196,73.90113,70.18873,40.77467,57.95248,80.86629,1.1334302,-1.9524803,-1.0792097,2.6124009,-0.8832784,-0.1419202,-0.3347204,-0.4552386,-0.5347233,1.8057086,-1.085599,-0.2469741,-0.4524488,-1.0403406,-0.5587849,0.2132518,1.461289,0.3463767,-1.1633234,0.6307797,-0.2146051,0.3320984,-0.8203015,-0.2367221,0.0260202,2.8771444,0.7205796,-2.0436195,0.1152935,1.0627483
Malaysia,35,85.45455,51.28205,45.94595,7.52688,72.46377,93.75,86.79245,48.3871,70.16993,18.6964,70.50623,72.13881,33.24885,57.89724,32.79858,42.2008,64.94876,60.02096,24.63393,75.93666,26.79615,32.79734,57.98414,87.83549,62.91238,28.05065,49.56934,70.52192,52.78729,56.46628,17.7674,61.67501,85.69364,59.67857,51.3479,66.85314,73.21615,62.64911,0.3315131,-1.9198925,-0.9264415,2.2037278,-1.2508966,0.0318061,-0.5060265,-0.326439,-0.8557501,1.3194696,-1.3575855,-0.0125302,-1.0033754,-0.7274646,-0.6161654,1.2428432,0.160879,-0.7021389,-0.1238707,1.2589244,-0.3367069,-0.0326871,-0.7832402,-0.1529273,1.7690213,1.0364826,-0.0687666,-0.0149261,2.5695818,0.3374857
Malaysia,36,65.45455,78.20513,5.40541,20.43011,81.15942,81.25,30.18868,50.0,23.7532,5.12632,58.45161,46.77308,31.36194,54.65881,58.39943,33.96003,62.82722,52.40941,20.09273,67.60216,50.31339,20.60078,54.12335,81.77098,100.0,51.92073,71.62544,86.37046,34.16184,34.55157,3.09199,59.38949,82.44311,100.0,56.04056,81.57899,92.30113,29.03072,-1.7365518,-3.9200298,-1.7013745,0.6583981,-1.5737867,-0.195181,0.8379156,-1.6935124,-0.9650615,0.9325452,-1.9650276,-0.4441658,0.056829,-2.2938077,-0.794258,0.9344628,3.2707104,-0.1175108,0.7500239,2.4856296,-0.8000948,-0.4832359,-1.7123786,-0.2057525,1.386765,6.2548174,0.1278348,1.130625,5.6383102,-1.0009304
Malaysia,37,69.09091,88.46154,2.7027,13.97849,92.75362,87.5,33.96226,54.83871,66.43947,21.61416,72.54761,62.80694,38.49358,51.26179,23.98104,31.19563,72.94723,56.65536,30.51726,67.76057,36.48699,25.38441,67.51958,61.81896,71.98637,49.45484,47.84057,65.04247,59.00169,64.95799,20.72665,63.95412,65.25227,66.61513,57.85865,75.20461,67.282,55.03571,0.1653049,-1.489835,-0.7952112,1.6352118,-0.3534129,-0.4332846,-0.9689116,-2.1521027,-0.4436322,1.148383,-0.5706149,-0.435962,-0.566493,-1.6794703,-0.1763095,-0.0800989,0.9217416,-0.1779057,-0.1923672,0.8348057,-0.1820972,0.1418956,-0.5958818,-0.1002505,-0.6348442,1.9342017,0.2040043,0.6347496,1.6154129,0.0343809
Malaysia,38,83.63636,84.61538,2.7027,7.52688,86.95652,95.3125,92.45283,53.22581,60.9566,20.64154,74.59839,56.11543,40.02927,56.21808,23.33052,35.54088,72.43704,52.61214,29.88114,73.37644,33.2855,30.77954,70.95457,65.43607,77.40517,53.7732,37.24181,50.61881,40.85231,62.22269,20.1131,69.27437,70.98299,70.15745,58.27252,54.99027,61.79267,25.32892,-0.0789804,-1.6331918,-0.6633764,1.2275525,-0.0906246,-0.0858892,-1.0030617,-1.4312619,-0.4699195,0.9428507,-0.6557041,-0.1451215,-0.7108224,-0.9866009,-0.0178585,0.1038313,1.3761127,-0.0721401,-0.6123057,-0.2816118,-0.6336408,0.0856601,-0.6347278,0.0227159,0.0390764,2.3926432,0.2213438,-0.9377612,0.7327686,-1.1483067
Malaysia,39,87.27273,35.89744,2.7027,5.37634,79.71014,98.4375,94.33962,56.45161,61.96784,20.61854,74.42481,55.56563,39.89258,56.2481,25.1746,35.98567,68.61939,52.79572,29.90036,74.67121,35.32921,31.42958,68.84792,64.73305,76.77616,56.41389,39.2041,50.43934,37.08464,61.73488,20.12906,70.68857,71.34972,69.82431,60.46788,55.44447,61.71521,22.39467,-0.0339253,-1.6365813,-0.6745349,1.1940572,-0.1140141,-0.083785,-0.9062545,-1.3574764,-0.6666226,0.9521828,-0.6531335,-0.0780666,-0.6186879,-0.9031191,-0.1150354,0.0680828,1.3233703,-0.0074641,-0.5345569,-0.2955024,-0.7273776,0.0756312,-0.6337168,0.0554023,0.0822039,2.3495287,0.3133193,-0.9024284,0.7203128,-1.2651251
Malaysia,40,67.27273,83.33333,5.40541,21.50538,85.50725,84.375,16.98113,53.22581,45.11836,19.44149,72.28887,56.02242,31.77845,46.4935,10.01249,31.32478,69.95401,49.69637,23.09436,65.60633,19.71663,26.72068,65.71119,70.7441,75.20503,47.03922,52.34529,65.60035,58.45077,50.1823,17.30545,65.95724,68.13386,70.71816,55.82769,69.42247,70.54726,58.36127,-0.7846422,-1.8100709,-0.811844,1.2218862,-1.5025146,-0.7675037,-1.7022047,-2.1306779,-0.5978566,0.7946308,-1.5635217,-0.5475283,-1.3225342,-1.5078599,-0.259728,0.3737449,1.1916294,-0.2370694,-0.0138838,0.8779866,-0.1958037,-0.1618806,-0.8124872,-0.0539527,-0.2959748,2.4652085,0.1189164,0.1849466,2.1404446,0.1667779
Malaysia,41,69.09091,55.12821,4.05405,35.48387,89.85507,78.125,18.86792,54.83871,67.4625,43.63429,79.62696,43.19006,52.50548,57.24777,55.24036,53.90261,79.49722,33.58263,48.99079,72.32194,62.40893,49.37678,78.38711,75.04806,44.62453,40.54751,74.00058,61.49852,81.90427,55.55739,45.84269,76.85278,79.60418,28.52293,49.50057,78.39317,66.61453,65.28736,0.2108854,1.7557821,-0.3401143,0.440114,2.0443199,-0.0137163,0.6720772,1.6147904,-0.1061464,-0.0244937,1.9004547,-0.1997331,0.6021203,1.4017495,0.3249933,0.5926018,-1.372574,-0.3960649,0.8441305,0.5604977,0.3877026,-0.0513731,0.9942808,0.1978751,1.0529116,-2.9956299,-0.1461614,0.8827937,1.5080898,0.4425197
Malaysia,42,80.0,82.05128,0.0,13.97849,100.0,92.1875,0.0,58.06452,38.60669,21.35694,74.08002,31.92255,38.57455,47.79792,4.45163,33.12306,91.00675,34.84068,29.29871,63.81786,18.97505,26.60357,81.96272,81.48175,72.38552,42.76928,31.75632,63.56163,66.7219,43.68384,19.00069,67.416,85.89141,66.18848,48.05851,53.18909,69.97106,59.68371,-1.0747649,-1.5277465,-0.6966997,-0.2463248,-0.3395574,-0.6760743,-1.9941276,-1.8323585,0.4868776,0.0394579,-0.7336113,-0.6401511,-1.3559662,-1.5229,0.4899311,0.919755,0.9552107,-0.3416491,-0.8296489,0.7201856,0.0099761,-0.2954836,-0.7051574,-0.0202364,1.7922786,1.8789849,-0.2065775,-1.0778783,2.0477955,0.2194272
Malaysia,43,54.54545,87.17949,52.7027,7.52688,65.21739,84.375,15.09434,48.3871,53.49053,100.0,76.53044,42.17215,100.0,100.0,71.01382,100.0,85.96656,50.2496,100.0,100.0,58.09158,100.0,67.16359,0.0,0.0,22.10114,3.20335,0.0,52.21718,74.69009,100.0,86.85648,0.0,0.0,36.18384,32.05523,0.0,23.19377,-0.4116258,10.0637037,-0.5391745,0.3781007,10.1716356,2.9828685,1.5001203,9.2619519,0.2271836,0.8227536,8.7235847,1.2336867,0.4074854,7.9030371,-0.192731,-3.223597,-5.1143822,-0.8478549,-1.960959,-4.1995969,-0.3508909,0.3419799,4.4231223,0.4290896,-8.3083849,-6.6870212,-0.7040729,-2.7219208,-9.2030495,-1.2333114
Myanmar,01,18.18182,17.94872,56.75676,91.39785,20.28986,7.8125,0.0,38.70968,61.75867,20.541,64.8649,45.14986,39.34041,53.25817,32.85657,42.87672,69.97372,49.19307,29.08608,70.69497,33.2571,33.27476,63.69622,72.73975,75.04613,47.48162,41.87926,66.36488,60.15461,58.67727,18.90559,60.42398,75.07082,69.89625,53.66945,62.26474,70.65951,58.26111,-0.043245,-1.6480113,-1.2890951,0.5595084,-0.2085033,-0.2933548,-0.5029823,-0.2143092,-0.596841,0.7690458,-0.7620528,-0.2839924,-0.7121027,-0.6661518,-0.3526754,0.4752239,1.1783051,-0.226234,-0.428563,0.9371619,-0.1534133,0.0127691,-0.7111779,-0.1818423,0.5197982,2.3588393,0.0284958,-0.3718669,2.1584925,0.1627905
Myanmar,02,61.81818,73.07692,10.81081,3.22581,78.26087,95.3125,0.0,53.22581,46.37837,22.03415,71.44936,15.62001,38.31714,48.81897,33.45376,40.81832,92.92713,22.76452,31.44663,57.42637,47.38626,33.6919,80.16205,55.34541,71.40638,46.68567,41.28663,64.11971,69.50779,53.01915,21.18483,60.0036,64.0878,66.69459,55.04192,54.11747,68.35293,60.43458,-0.7285031,-1.4279305,-0.8658126,-1.2395069,-0.3836053,-0.6045068,-0.4716318,-0.5557813,0.5858246,-0.5744204,-0.4463003,-0.9711602,-0.0751316,-0.6125809,0.406869,-0.4092793,0.8731091,-0.2457285,-0.4520438,0.7633822,0.0792872,-0.1035572,-0.5668736,-0.1915585,-0.7717842,1.9444847,0.085996,-1.0056577,1.787611,0.2493207
Myanmar,03,20.0,25.64103,67.56757,89.24731,14.49275,15.625,0.0,40.32258,64.13307,21.97523,63.12564,49.59039,34.04075,51.34203,31.65187,36.16522,70.80195,52.32873,27.11951,65.03291,31.92368,28.93903,61.7702,82.15115,72.5927,33.27557,28.90265,63.11204,42.71186,61.24936,19.50195,57.43926,77.18031,69.55819,52.84785,55.39416,70.39313,48.10119,0.0625449,-1.4366145,-1.4009039,0.8300344,-1.1153858,-0.4276607,-0.5662239,-1.32769,-0.5541671,0.9284438,-1.0251069,-0.5772251,-0.7722162,-1.2229687,-0.4415199,0.9537944,0.9725828,-0.5741697,-0.9427153,0.6853869,-0.5873763,0.0656491,-0.673421,-0.2508279,0.7678703,2.3150876,-0.0059255,-0.9063416,2.1156616,-0.2416967
Myanmar,04,12.72727,23.07692,91.89189,93.54839,5.7971,18.75,0.0,38.70968,62.16429,17.9839,70.1897,44.04171,31.19498,48.22254,35.54724,35.6552,69.38189,50.51183,22.79646,63.57462,32.61199,28.02474,63.12129,72.86052,77.57084,43.22204,39.5788,67.90364,54.68493,60.87341,16.88029,64.31063,74.80639,73.91007,50.56675,56.61866,72.58667,48.17013,-0.0251727,-2.0249105,-0.9467897,0.4919981,-1.602358,-0.6463117,-0.3617328,-1.4122977,-0.6273348,0.8360836,-1.60337,-0.6527483,-0.7411855,-1.3403854,-0.3791961,0.4813649,1.3900043,-0.33056,-0.5197107,1.0562646,-0.2894949,0.05792,-0.8394054,-0.0920106,0.4887018,2.878301,-0.1014934,-0.8110859,2.4683656,-0.238952
Myanmar,05,65.45455,34.61538,9.45946,5.37634,79.71014,93.75,0.0,54.83871,50.42559,16.54795,76.8194,44.62938,35.47603,63.70929,29.17328,39.30011,75.02634,43.92608,25.62629,83.31121,32.91816,30.60834,71.89897,78.0227,73.57806,36.08993,39.55513,68.10347,48.95114,51.09354,15.79693,74.48603,81.27806,73.15719,45.07208,52.93111,75.20828,42.14706,-0.5481824,-2.2365592,-0.5205987,0.5277997,-0.8697805,0.4391842,-0.6963403,-0.8076393,-0.3365067,0.5013044,-1.2248444,0.3693904,-0.7273828,-1.0085866,0.0257051,0.7438624,1.0552062,-0.5052402,-0.5206483,1.0717323,-0.4321475,-0.1431462,-0.9079954,0.1431725,1.2497568,2.7808649,-0.3316954,-1.0979472,2.889902,-0.4787423
Myanmar,06,14.54545,20.51282,89.18919,94.62366,4.34783,15.625,0.0,40.32258,61.33974,19.50208,67.1483,42.4571,36.03195,44.38805,31.29577,37.74335,61.05868,48.89287,26.81801,62.88227,34.57399,29.76889,59.46527,72.67623,75.29922,58.36053,43.82988,67.11335,60.97777,60.59873,18.27391,63.08503,76.8634,70.0071,64.59725,58.62274,72.36148,50.88659,-0.0619097,-1.8011405,-1.1423064,0.3954606,-0.7746507,-0.915078,-0.5849177,-1.0658915,-1.0561848,0.7537857,-1.0654362,-0.6886045,-0.6527349,-1.1163933,-0.5478431,0.4719942,1.1995274,0.0402133,-0.3512767,0.9950954,-0.1329337,0.0522728,-0.7511714,-0.1203376,0.7306017,2.3731851,0.4863214,-0.655185,2.4321579,-0.130804
Myanmar,07,58.18182,33.33333,10.81081,7.52688,72.46377,90.625,0.0,53.22581,91.99466,42.91921,57.85849,35.62595,42.21774,48.09144,54.68868,44.79895,65.79018,32.44562,41.7404,58.94521,62.41588,42.70759,62.20353,54.54315,47.47433,56.63281,57.5092,40.76375,78.49896,73.86439,42.74092,54.16752,65.44675,31.18949,63.89059,65.19592,42.17928,70.51215,1.3038984,1.6503847,-1.7395031,-0.0207063,0.2838689,-0.655501,0.6431161,0.1045725,-0.8123964,-0.0822925,0.9306229,-0.8925012,0.6024337,0.5452591,-0.4215311,-0.4500742,-1.1336156,-0.0021022,0.1907179,-1.0444102,0.302981,0.3250041,0.7978991,-0.3264472,-0.6119742,-2.6505281,0.4567157,-0.1438445,-2.4209244,0.6505292
Myanmar,08,14.54545,20.51282,89.18919,94.62366,4.34783,15.625,0.0,40.32258,62.6351,18.77102,68.23527,42.64868,34.8517,52.36994,39.14779,37.52727,78.84113,49.19718,25.32291,70.8345,36.05683,29.07741,68.85819,73.09549,76.73562,49.92461,40.36816,67.37277,56.57226,60.33573,17.26442,67.6363,74.60518,73.26961,51.60926,57.37975,72.76677,52.75498,-0.0041961,-1.9088937,-1.0724308,0.4071318,-0.9766154,-0.3556123,-0.1727186,-1.1017376,-0.1399514,0.7692549,-1.2654247,-0.2767664,-0.5858851,-1.2051971,-0.1145613,0.4933134,1.3199709,-0.1664001,-0.488435,1.0151746,-0.2425397,0.0468659,-0.815085,-0.0151445,0.4650392,2.7954134,-0.0578168,-0.7518791,2.4973256,-0.0564199
Myanmar,09,41.81818,30.76923,59.45946,4.30108,31.88406,81.25,0.0,48.3871,51.76266,21.74761,63.35337,40.88817,37.96081,46.22941,35.35324,42.87599,60.50183,47.92664,27.43185,63.11476,36.18633,36.52701,56.06691,75.43553,72.7715,36.48252,36.55998,65.4104,47.30066,52.40247,20.37173,56.89204,75.16869,69.81225,48.80031,52.79744,72.60418,37.8126,-0.4886098,-1.4701654,-1.3862641,0.2998782,-0.4445816,-0.7860139,-0.3719171,-0.2144308,-1.0848764,0.7046682,-0.983328,-0.6765643,-0.5800472,-0.2484826,-0.7046044,0.6123047,0.9875754,-0.4956248,-0.6393208,0.8632838,-0.4732104,-0.1162357,-0.618353,-0.2634758,0.5313075,2.3479676,-0.1754995,-1.1083454,2.4711811,-0.6513063
Myanmar,10,18.18182,47.4359,74.32432,90.32258,14.49275,18.75,0.0,41.93548,55.91595,19.36699,64.50063,41.91942,34.25713,49.70336,28.2446,40.43109,62.70804,47.50541,27.05468,63.06306,35.20789,31.64888,62.20651,74.63099,72.95292,42.57151,28.42607,62.91753,52.73275,59.85418,18.06781,58.83306,74.77267,68.04977,63.48202,55.71374,70.06502,60.69291,-0.303563,-1.8210513,-1.3125125,0.3627037,-1.0783595,-0.5425185,-0.745092,-0.6200182,-0.9712024,0.6832558,-1.0337791,-0.6792415,-0.6241572,-0.8749552,-0.4213939,0.5713937,1.0027881,-0.3464929,-0.9615981,0.6703314,-0.3380639,0.0369655,-0.7642203,-0.2186131,0.484736,2.1198702,0.4395985,-0.8814809,2.0629031,0.2596053
Myanmar,11,45.45455,25.64103,47.2973,5.37634,43.47826,84.375,0.0,50.0,94.3655,41.6488,65.98944,48.47491,44.81698,44.54734,59.54272,47.11498,73.41679,42.95873,40.60395,55.5397,67.20003,44.24506,70.06208,54.83115,46.07097,43.76503,68.39324,42.86436,63.24618,74.88518,42.39911,59.18078,69.52334,31.32671,57.01774,71.43505,43.36521,61.3575,1.4095299,1.4631353,-1.216804,0.7620773,0.7286542,-0.9039132,0.8979338,0.4887818,-0.4194382,0.4521299,0.7786084,-1.0688693,0.8181128,0.7427091,-0.059028,-0.4354296,-1.2512888,-0.317261,0.6219595,-0.8818199,-0.0764973,0.3459906,0.7762581,-0.2105764,-0.1325748,-2.6327687,0.168774,0.3415085,-2.2302349,0.2860639
Myanmar,12,16.36364,43.58974,77.02703,92.47312,13.04348,17.1875,0.0,41.93548,67.82546,19.60575,70.26153,49.8225,33.37532,58.16868,36.89527,37.6421,74.16386,53.35762,26.02788,75.59714,41.32914,30.28248,67.49203,77.39536,67.56263,45.21031,45.24018,63.3918,50.80487,62.30878,18.06047,67.55631,76.24502,66.27464,46.16771,64.11713,70.46096,45.24399,0.2270569,-1.7858603,-0.9421724,0.844175,-1.2292556,0.050832,-0.2909666,-1.0826886,-0.3809456,0.9807463,-1.1711269,-0.0301137,-0.3481989,-1.0504352,-0.1775803,0.7119621,0.5508065,-0.2818632,-0.2953984,0.7070407,-0.3860281,0.0874301,-0.764685,-0.0169934,0.6578817,1.8901361,-0.2857935,-0.2277658,2.1265667,-0.3554475
Myanmar,13,54.54545,29.48718,18.91892,10.75269,63.76812,87.5,0.0,50.0,49.34087,20.01246,65.79679,38.72782,34.29895,50.81394,24.44148,37.91411,65.15751,43.95304,26.08137,67.17477,30.24728,29.76553,64.20507,71.29508,77.75463,49.8442,38.82285,68.08433,58.25943,54.6179,17.43282,62.31598,73.57721,72.43881,52.16204,57.69184,72.17126,52.21962,-0.596511,-1.7259141,-1.2291886,0.1682657,-1.0712035,-0.4646758,-0.9447405,-1.0375642,-0.8449942,0.5026746,-1.163971,-0.4662999,-0.8477917,-1.1168247,-0.3292032,0.4017626,1.4054159,-0.1683695,-0.5496626,1.0702507,-0.2005641,-0.0706882,-0.8044234,-0.1381127,0.3441517,2.6878932,-0.0346581,-0.727601,2.4015717,-0.0777336
Myanmar,14,21.81818,34.61538,56.75676,67.74194,21.73913,34.375,0.0,41.93548,61.82936,19.8392,65.97075,44.04157,37.05723,50.90882,34.56111,42.888,73.83485,50.57264,28.59652,69.10375,33.64295,33.72094,67.70155,71.72276,74.18376,53.9334,39.95505,65.72021,58.80118,58.4638,19.25648,63.21065,74.45502,68.16629,63.80608,59.427,69.66631,61.21386,-0.0400954,-1.7514515,-1.2180055,0.4919893,-0.5992037,-0.4580253,-0.4135007,-0.212439,-0.3978978,0.8391748,-0.8275377,-0.3664,-0.6947079,-0.6088509,-0.1679156,0.4235098,1.1059944,-0.0682164,-0.504803,0.8872639,-0.1870856,0.0083803,-0.6889626,-0.1174342,0.4473807,2.1349499,0.4531751,-0.5926201,1.9987936,0.2803455
Myanmar,15,49.09091,51.28205,27.02703,7.52688,53.62319,84.375,0.0,51.6129,69.23425,21.61673,69.74806,53.47012,41.59523,54.98524,34.05251,32.76113,72.69098,52.92581,31.77013,71.5384,40.07541,25.96701,65.91653,78.77123,72.71823,46.6443,41.99932,63.55996,48.06317,65.18188,20.54593,65.48306,79.76316,68.00191,49.68697,62.33897,69.15788,49.3643,0.2898243,-1.4894563,-0.9751806,1.066395,0.1773451,-0.1723009,-0.4402002,-1.8923993,-0.4568352,0.9587957,-0.4030272,-0.2403119,-0.4047198,-1.6046505,-0.250256,0.7819251,0.9831085,-0.2467418,-0.423806,0.7200565,-0.4542397,0.1464987,-0.6073243,-0.0649123,1.0716076,2.1136761,-0.1383524,-0.3660925,1.9170411,-0.1914096
Myanmar,16,30.90909,47.4359,64.86486,32.25806,24.63768,57.8125,0.0,45.16129,0.0,45.5341,32.88063,1.30156,49.89061,68.08268,1.13295,58.13589,65.52124,0.0,48.75757,56.12473,0.0,58.1238,38.8992,75.11527,67.83792,68.24989,67.43127,100.0,22.01045,0.0,47.79069,26.02279,94.48415,67.96342,93.50299,95.18853,100.0,46.82406,-2.7948591,2.0358013,-3.3452086,-2.111815,1.5968605,0.745723,-2.1683446,2.3170561,-0.8262534,-1.73163,1.869259,-1.0385709,-2.2113997,2.5250856,-1.4965254,0.5960193,0.5738898,0.2824242,0.5838451,3.54058,-1.1024127,-1.1935881,1.1176135,-0.9769538,2.8027681,2.1086944,1.6973424,2.1893366,6.8762332,-0.2925416
Myanmar,17,45.45455,34.61538,60.81081,5.37634,37.68116,84.375,0.0,51.6129,47.61417,20.84329,66.77544,39.19359,36.54854,52.04053,31.95484,40.09078,62.67306,44.77202,27.46355,68.42899,33.22226,33.87486,62.46636,71.35546,75.5854,51.95559,50.27576,69.47872,56.1138,51.30722,18.63547,61.91282,74.96816,70.11553,60.18216,66.82551,73.72796,50.50168,-0.6734431,-1.603456,-1.1662759,0.1966412,-0.6862514,-0.3787017,-0.5503195,-0.6764729,-0.973005,0.5443065,-0.9790874,-0.4013455,-0.7136734,-0.5890847,-0.4094073,0.4048328,1.2235236,-0.116657,-0.0958813,1.1781788,-0.2539457,-0.138753,-0.7282802,-0.147431,0.5077254,2.3872174,0.3013491,-0.0170762,2.6518775,-0.1461283
Myanmar,18,16.36364,46.15385,83.78378,88.17204,14.49275,25.0,0.0,41.93548,60.89258,20.08467,65.90124,43.3308,38.61833,49.11174,36.26179,41.85441,69.80697,47.70103,29.77345,67.24606,37.01567,33.81943,64.38408,71.03887,73.36038,52.6542,43.69438,65.06587,63.45891,58.50462,19.66383,61.63883,73.7796,67.82564,60.54327,59.76097,69.91815,61.94981,-0.0818328,-1.7152711,-1.2224739,0.4486879,-0.3320665,-0.583986,-0.3242218,-0.3839023,-0.6054327,0.6931996,-0.6701088,-0.4626079,-0.5426589,-0.596203,-0.3209458,0.3887342,1.0369535,-0.0995467,-0.3566455,0.8366169,-0.0712047,0.0092196,-0.6631717,-0.1537637,0.3679523,2.0908634,0.316478,-0.5666399,2.0392869,0.3096449
Myanmar,19,40.0,44.87179,70.27027,7.52688,30.43478,81.25,0.0,50.0,94.17625,41.49655,72.92495,55.98815,47.11133,52.3281,58.66564,45.47085,77.22542,48.45104,43.35991,62.53281,63.95449,42.57378,76.18991,69.80731,50.79916,33.58684,72.31208,47.57379,66.51433,76.6186,41.35364,66.20957,74.63976,38.13317,61.64054,71.21897,46.56827,66.22051,1.4010979,1.4406947,-0.7709539,1.2197982,1.1212653,-0.3585449,0.8518905,0.2160343,-0.2231999,0.7313256,1.1472535,-0.7067028,0.6717973,0.5280743,0.22364,0.3261094,-0.8548256,-0.5665461,0.7772297,-0.5173012,0.0048119,0.3816285,0.7100666,-0.0481206,0.4691058,-1.7518874,0.3624487,0.3246993,-1.715205,0.4796704
Myanmar,20,14.54545,44.87179,81.08108,90.32258,11.5942,21.875,0.0,41.93548,61.20565,20.17153,65.5196,42.65437,39.05939,51.23443,36.36614,41.78391,70.62132,46.89895,30.0171,68.32928,34.99883,32.82033,64.34536,70.58504,73.57122,52.75363,44.2963,65.12613,64.96584,59.15336,19.65334,61.45703,73.6506,68.31329,58.28674,59.68182,69.88429,61.42325,-0.0678841,-1.7024678,-1.2470079,0.4074784,-0.2565915,-0.4352023,-0.3187436,-0.3955974,-0.5634739,0.652427,-0.6375169,-0.4065092,-0.633582,-0.7245118,-0.3227318,0.3656569,1.0546327,-0.0971114,-0.3327963,0.8412808,-0.0337132,0.0225571,-0.6638365,-0.1579656,0.3527829,2.1539741,0.2219394,-0.5727972,2.0338423,0.2886818
Myanmar,21,41.81818,46.15385,67.56757,7.52688,31.88406,82.8125,0.0,51.6129,49.43496,19.61962,72.19555,38.8783,33.52669,48.59781,27.13156,38.06445,70.56109,45.51703,26.08584,67.26805,30.02367,32.26727,69.97089,70.44232,74.68204,52.91982,33.27714,62.92536,52.21565,53.4968,18.24097,67.70521,72.88107,69.44667,65.08416,50.28071,70.10847,40.42488,-0.5923189,-1.7838166,-0.8178434,0.1774331,-1.2033528,-0.6200082,-0.8035224,-1.012624,-0.5665772,0.5821784,-1.163373,-0.4614692,-0.8578721,-0.7955391,-0.0632344,0.3583996,1.1477758,-0.093041,-0.7693916,0.6709372,-0.3509288,-0.0937371,-0.7532572,-0.0135519,0.2622878,2.3006541,0.5067207,-1.3041264,2.0698896,-0.547306
Myanmar,22,14.54545,43.58974,78.37838,91.39785,11.5942,20.3125,0.0,41.93548,52.94789,17.13906,73.57813,36.89607,23.86575,49.59279,25.61157,28.07266,75.6122,39.24094,18.31398,64.47929,30.67961,23.8597,69.37516,69.02075,76.55795,46.43962,32.21222,65.24206,58.61532,53.58991,16.00598,68.36497,74.88921,72.04608,57.65271,46.24858,73.62819,50.01581,-0.435803,-2.149434,-0.7289641,0.0566714,-2.8565441,-0.5502683,-0.8833157,-2.6701763,-0.3063204,0.2631401,-2.2029581,-0.6058964,-0.8283012,-1.875281,-0.0907145,0.2861125,1.3050728,-0.2517547,-0.8115852,0.8502536,-0.1917097,-0.0918229,-0.8947598,0.001697,0.4984409,2.6370656,0.1953766,-1.6177937,2.6358351,-0.1654715
Myanmar,23,41.81818,44.87179,67.56757,6.45161,31.88406,82.8125,0.0,51.6129,51.24685,19.91018,70.48659,41.66173,33.81307,47.60681,28.71124,39.02505,68.03661,48.92918,25.93242,65.59384,29.6392,32.26237,66.41535,71.4515,75.2322,53.40359,36.22131,64.51479,51.53807,54.63838,18.16358,65.42891,73.87447,69.94765,63.73677,51.79571,70.70485,42.11846,-0.5115917,-1.7409897,-0.9277042,0.3470052,-1.1543477,-0.6894694,-0.7205953,-0.8532688,-0.6966501,0.7556314,-1.1838957,-0.5481749,-0.875205,-0.7961687,-0.2272463,0.4097163,1.1939071,-0.0811927,-0.6527391,0.7939622,-0.3677865,-0.0702671,-0.7581566,-0.0661639,0.3791096,2.3654911,0.4502714,-1.186272,2.1657831,-0.4798811
Myanmar,24,14.54545,43.58974,78.37838,91.39785,11.5942,20.3125,0.0,41.93548,62.19212,20.91301,65.94682,41.33836,37.66695,52.00656,39.10332,38.49868,69.44551,45.53432,31.48584,67.39448,37.29235,32.83276,63.15662,71.10309,72.34788,49.04484,43.88393,61.29298,55.30109,58.93555,20.90065,62.60051,75.65949,65.46855,53.48539,58.01221,67.86516,54.95747,-0.0239327,-1.5931796,-1.2195442,0.3273043,-0.4948674,-0.3810824,-0.1750528,-0.9405886,-0.6240569,0.5830575,-0.4410555,-0.4549214,-0.5301856,-0.7229166,-0.3775664,0.3919999,0.9520542,-0.1879475,-0.349135,0.5445885,-0.2741655,0.0180793,-0.5848654,-0.1315363,0.5890238,1.7858133,0.0207843,-0.7026787,1.7091816,0.0312659
Myanmar,25,41.81818,46.15385,68.91892,6.45161,31.88406,82.8125,0.0,51.6129,46.67048,20.65225,66.49436,39.78696,37.65151,48.3886,30.41401,41.49521,66.15765,43.63406,27.66444,64.12731,33.16663,33.31658,64.25823,71.06306,73.87927,49.61483,48.83686,67.17111,66.93065,48.47836,18.7355,60.4045,73.21117,69.06513,60.26001,64.08849,70.66336,58.79306,-0.7154884,-1.6316127,-1.1843455,0.2327903,-0.4975096,-0.6346723,-0.6312066,-0.4434902,-0.7934625,0.4864599,-0.9522152,-0.6241251,-0.7161811,-0.6607813,-0.3267509,0.3899643,1.0804627,-0.1739871,-0.1528929,0.9995662,0.0151698,-0.1969122,-0.7219471,-0.1822925,0.3011064,2.2512759,0.3046107,-0.2299934,2.1591119,0.1839684
Myanmar,26,14.54545,43.58974,78.37838,91.39785,11.5942,20.3125,0.0,41.93548,63.04519,19.44344,67.51298,42.92867,35.33406,52.77793,39.55663,39.37837,68.20146,44.86587,29.79524,71.07999,38.99991,33.31954,63.12909,71.10809,74.48157,51.43141,45.51196,67.03802,64.87517,58.37706,19.36695,65.64634,74.39866,69.38996,58.23232,60.20504,70.71666,63.97888,0.0140752,-1.8097835,-1.1188629,0.4241891,-0.8940741,-0.3270156,-0.1512558,-0.7946556,-0.6881559,0.5490773,-0.6671942,-0.2640528,-0.4532052,-0.6604014,-0.3788366,0.3922539,1.1309665,-0.1294953,-0.28463,0.9892647,-0.0359692,0.006597,-0.6819679,-0.0611384,0.4407529,2.293316,0.2196596,-0.5320949,2.1676826,0.3904265
Myanmar,27,43.63636,46.15385,70.27027,5.37634,33.33333,84.375,0.0,51.6129,66.36193,18.57879,68.74827,36.79615,34.76195,49.67969,34.31583,36.82629,65.74836,42.74635,29.30347,63.9082,37.88259,29.05954,65.27264,76.97758,73.38382,45.28143,44.3976,64.67255,51.51508,67.81031,18.3805,62.40202,79.89124,69.64842,47.67974,60.64054,70.84363,46.61818,0.1618504,-1.9372272,-1.0394526,0.0505844,-0.9919739,-0.5441774,-0.426377,-1.2180244,-0.8145511,0.4413339,-0.7329743,-0.6354725,-0.5035762,-1.2074915,-0.2799575,0.690718,1.0389192,-0.2801213,-0.3287827,0.8061729,-0.3683587,0.200537,-0.7444233,-0.1361239,1.08667,2.3267648,-0.2224462,-0.4982162,2.1880988,-0.3007383
Myanmar,28,14.54545,43.58974,78.37838,91.39785,11.5942,20.3125,0.0,41.93548,62.81773,19.83395,64.05883,41.54784,36.65943,46.566,38.78397,40.26699,64.90579,45.91975,30.3619,64.41917,38.97794,33.29485,61.01444,71.22997,73.28157,56.86829,44.12104,66.15146,66.11517,59.91255,19.53394,60.77794,75.08871,67.91666,65.89602,59.24467,70.8116,63.27829,0.003941,-1.7522251,-1.3409134,0.3400667,-0.667275,-0.7624219,-0.1918172,-0.647242,-0.8579643,0.6026505,-0.5913961,-0.60901,-0.4541959,-0.6635721,-0.476382,0.3984513,1.0303451,0.0036652,-0.3397406,0.9206433,-0.0051189,0.0381656,-0.6713954,-0.1736613,0.5219011,2.1026438,0.5407341,-0.6068034,2.182948,0.3625344
Myanmar,29,47.27273,42.30769,72.97297,3.22581,39.13043,87.5,0.0,53.22581,46.8178,21.93428,64.46761,42.75435,40.20878,54.75666,35.32569,41.41828,63.76261,43.51771,29.28911,71.09596,37.61495,36.50309,60.03561,72.29338,70.17503,26.5478,42.57174,63.65486,48.91586,51.08134,20.06806,61.12726,72.94681,69.34242,42.55468,54.70982,70.8316,37.67148,-0.708925,-1.442651,-1.3146354,0.4135692,-0.0599068,-0.1883228,-0.3733635,-0.4562522,-0.9168659,0.480545,-0.7348951,-0.2632256,-0.5156421,-0.2515534,-0.5215339,0.4525259,0.7698587,-0.738947,-0.4011258,0.7274016,-0.4330253,-0.1433971,-0.6375789,-0.1655876,0.2700183,2.2871627,-0.4371633,-0.9595778,2.1861644,-0.6569243
Myanmar,30,20.0,38.46154,63.51351,54.83871,20.28986,40.625,0.0,43.54839,55.12177,22.29656,56.77166,40.07131,35.4391,43.93387,28.60801,37.05221,63.3053,43.26608,30.41355,55.93419,37.17065,30.5214,55.77586,69.28246,69.5056,31.47849,28.656,60.46385,46.29026,59.38486,20.65885,51.6536,74.26719,66.2999,53.59659,53.166,69.1721,52.46104,-0.3389471,-1.3892539,-1.8093702,0.2501132,-0.8760992,-0.9469126,-0.7260146,-1.1805455,-0.9404287,0.4677539,-0.5844867,-1.0484389,-0.5356721,-1.0197525,-0.7180302,0.2994203,0.713727,-0.618184,-0.9524881,0.4804119,-0.4983483,0.0273166,-0.6001746,-0.3845513,0.4252927,1.8934045,0.0254431,-1.0796743,1.9193279,-0.0681221
Myanmar,31,45.45455,39.74359,83.78378,13.97849,28.98551,85.9375,0.0,51.6129,67.65664,18.11036,65.4667,48.75376,26.49923,42.24458,34.36552,37.54971,48.08884,59.34265,20.61218,54.77699,37.49591,28.8001,48.23911,69.55423,76.13239,49.92158,42.39972,67.04911,62.03742,63.5011,16.96749,57.00492,76.66073,72.8494,54.40847,55.50346,71.53745,59.16472,0.2195353,-2.0062702,-1.2504088,0.7790652,-2.4058991,-1.0653183,-0.4237682,-1.0980141,-1.7244511,1.2849886,-1.8955447,-1.1083693,-0.5210086,-1.2408109,-1.0656892,0.3132398,1.2693894,-0.1664742,-0.4079418,0.990123,-0.1065703,0.1119433,-0.8338842,-0.2608668,0.7067683,2.7410306,0.0594572,-0.8978396,2.2996592,0.198765
Myanmar,32,41.81818,41.02564,60.81081,3.22581,44.92754,85.9375,0.0,51.6129,61.43656,19.99955,63.87736,48.13649,24.19145,44.19669,31.79247,38.23553,52.59301,50.14392,18.33195,56.90124,29.23669,29.63295,52.58897,70.40223,76.14333,59.59293,47.86643,67.83252,63.08034,60.0553,17.68365,58.24205,75.07928,71.43335,63.55507,60.98995,72.60173,56.23103,-0.0575962,-1.7278168,-1.3525796,0.7414596,-2.8008094,-0.9284909,-0.5588432,-0.9842432,-1.4923753,0.8173812,-2.2005545,-0.9983561,-0.8933511,-1.1338518,-0.8650365,0.3563611,1.2703064,0.0703973,-0.1913425,1.0507604,-0.0806231,0.0411004,-0.7885422,-0.2322731,0.5207926,2.5577683,0.4426589,-0.4710351,2.4707878,0.0819688
Myanmar,33,49.09091,43.58974,70.27027,3.22581,39.13043,89.0625,0.0,54.83871,71.44606,21.84525,63.87426,43.92563,41.13924,51.90461,38.99576,43.07383,64.64276,51.17802,30.5615,66.67944,40.65024,32.96201,55.92682,72.23301,71.93471,34.67438,42.187,64.89092,57.34788,62.76624,19.28607,56.31183,76.64939,69.78375,43.65871,56.30424,70.67766,57.99003,0.3883701,-1.4557738,-1.3527786,0.4849261,0.0993152,-0.3882281,-0.1806993,-0.1816112,-0.8715167,0.8699489,-0.564697,-0.4919529,-0.3788052,-0.7063169,-0.7110664,0.449456,0.9174095,-0.5399099,-0.41637,0.8230753,-0.2232427,0.0968352,-0.687089,-0.276886,0.7054351,2.3442797,-0.3909093,-0.835545,2.1614116,0.1519984
Myanmar,34,16.36364,39.74359,81.08108,88.17204,10.14493,23.4375,0.0,41.93548,59.85604,20.87067,65.26624,40.96358,37.15593,46.98932,36.03939,39.79255,63.02523,49.8214,29.95198,63.62964,37.51097,32.70148,60.36371,70.39352,73.01369,50.46192,44.14378,64.31521,60.98028,60.09575,19.79867,61.63752,74.20025,68.58551,58.28809,59.42752,70.16198,56.46136,-0.1280153,-1.5994203,-1.2632949,0.3044724,-0.5823137,-0.7327504,-0.3358967,-0.7259463,-0.9548593,0.8009863,-0.6462288,-0.6498989,-0.5203298,-0.7397762,-0.5063995,0.3559181,1.007883,-0.1532402,-0.3388394,0.7785142,-0.1328711,0.0419319,-0.6546353,-0.1537939,0.4174199,2.1892043,0.2219959,-0.5925793,2.078493,0.0911389
Myanmar,35,45.45455,39.74359,81.08108,12.90323,28.98551,84.375,0.0,51.6129,75.10893,18.65807,63.23917,49.91886,27.58326,40.92177,34.83828,38.2996,47.52426,60.92883,21.4524,53.56301,39.48984,29.06058,44.62866,70.59914,77.28009,56.87612,43.52507,68.02553,58.53951,66.08216,17.03039,54.23733,77.1185,72.79884,64.30327,56.2629,72.7399,55.50585,0.5515667,-1.9255414,-1.3936053,0.8500455,-2.2203998,-1.1580365,-0.3989503,-0.9736152,-1.7535408,1.3656204,-1.7831546,-1.1712401,-0.4311185,-1.2073578,-1.2322339,0.3663736,1.3656246,0.0038569,-0.3633535,1.0656996,-0.1935958,0.1650077,-0.8299021,-0.3248337,0.7606012,2.734487,0.4740053,-0.8387609,2.4930049,0.053098
Myanmar,36,40.0,42.30769,59.45946,2.15054,43.47826,84.375,0.0,51.6129,62.19405,20.69846,68.75427,46.89857,37.22089,45.91594,29.55705,29.89524,71.53849,54.34378,27.37407,63.2787,34.86881,24.84278,63.21395,70.44399,73.97089,53.02483,42.21518,66.91739,62.50157,61.37502,18.89391,63.65886,73.35346,69.77328,56.11407,59.2983,72.01656,52.30615,-0.0238466,-1.6248019,-1.0390665,0.6660432,-0.5711965,-0.8079854,-0.6761935,-2.367826,-0.5162172,1.0308765,-0.9910561,-0.668074,-0.6394435,-1.7490295,-0.3749222,0.3584845,1.0881454,-0.0904692,-0.4152535,0.9799273,-0.0950226,0.0682327,-0.7119179,-0.1070749,0.3178397,2.3429246,0.1309145,-0.6026314,2.3766965,-0.0742885
Myanmar,37,65.45455,51.28205,18.91892,0.0,78.26087,100.0,0.0,54.83871,25.33092,10.26686,42.02327,25.70122,0.0,26.03179,30.77828,0.0,37.23957,30.36353,0.0,36.41596,46.6826,0.0,23.18537,84.444,88.20537,36.64461,59.48908,73.13019,0.0,42.55916,4.76631,33.42383,71.763,99.47866,56.5863,67.00879,95.15087,10.66296,-1.6662578,-3.1623494,-2.7574731,-0.6253403,-6.9404784,-2.2017036,-0.6120839,-7.3271892,-2.2834553,-0.1881333,-4.6526861,-2.0592689,-0.1068543,-4.9394634,-2.2213815,1.070386,2.2817194,-0.491655,0.2691638,1.4608091,-1.6500169,-0.3186062,-1.6063732,-0.8058943,0.1308048,6.187346,0.1506988,-0.0028183,6.0965285,-1.7321884
Myanmar,38,34.54545,33.33333,27.02703,95.69892,63.76812,15.625,0.0,46.77419,61.8515,19.86643,64.47189,52.34527,24.27912,43.6206,23.6426,26.54135,63.13279,51.8928,18.84624,59.88433,29.34987,21.57616,55.10954,71.80974,76.2265,54.80553,43.24394,67.02574,55.74546,59.36855,16.57414,58.22297,74.89544,71.83943,60.01866,59.40261,72.64382,53.618,-0.039109,-1.7474372,-1.3143597,0.997867,-2.7858074,-0.9688701,-0.9866787,-2.9242069,-0.9493171,0.9062839,-2.131762,-0.8438651,-0.8882484,-2.1685448,-0.7487665,0.4279328,1.27728,-0.0468562,-0.3744926,0.9883136,-0.2631098,0.0269813,-0.8587882,-0.232714,0.4991734,2.6103217,0.294499,-0.5945168,2.4775558,-0.022061
Myanmar,39,67.27273,53.84615,16.21622,1.07527,81.15942,100.0,0.0,56.45161,80.50683,13.77128,71.87512,45.83238,37.90198,67.99068,57.8148,38.44181,57.02707,40.35895,24.43388,87.93576,61.32189,28.21352,44.70451,76.20799,79.13777,59.68751,55.11489,73.18927,56.45569,65.84771,12.02665,65.31326,84.97862,75.5238,54.07987,61.72163,76.98828,54.97818,0.7920663,-2.645821,-0.8384421,0.6010889,-0.454649,0.7392747,0.8072245,-0.9500227,-1.263912,0.3199729,-1.3843445,0.6088913,0.5531142,-1.3161417,-1.228735,0.6515842,1.5213931,0.0727137,0.095852,1.4653822,-0.2454398,0.1601875,-1.1467017,-0.0688369,1.6849358,3.0871477,0.0456906,-0.414116,3.1761129,0.0320902
Myanmar,40,36.36364,32.05128,24.32432,96.77419,66.66667,14.0625,0.0,46.77419,89.99095,42.97777,75.42004,40.12191,42.76011,56.81479,56.42162,44.26276,76.58701,34.12314,41.20664,71.1909,64.48373,41.44904,76.65112,61.38402,58.44611,31.89281,68.94294,46.73904,63.28639,72.41923,41.77347,71.12128,74.92977,38.36454,42.97019,74.36285,46.60428,56.43149,1.2146245,1.6590157,-0.6105565,0.2531961,0.37668,-0.0440649,0.7340886,0.0156225,-0.2560937,0.0029825,0.8592258,-0.2583087,0.6956565,0.3836298,0.244915,-0.1022158,-0.2136217,-0.6080365,0.6437397,-0.5819125,-0.0754969,0.2952928,0.7366473,0.0654034,0.5032111,-1.7219442,-0.4197552,0.5692678,-1.7094153,0.0899497
Myanmar,41,29.09091,56.41026,6.75676,96.77419,76.81159,7.8125,0.0,43.54839,63.07209,20.0104,63.03261,58.70724,34.95757,47.61861,15.63904,38.71393,62.95142,50.83122,28.33283,65.66408,31.6081,31.79566,58.58541,72.76159,75.65499,54.28408,45.61153,66.63286,62.98818,59.9316,19.17976,60.47356,73.80837,70.13877,57.91364,59.36311,71.33182,58.80567,0.0152739,-1.726218,-1.4068846,1.3854505,-0.9584999,-0.6886422,-1.4068333,-0.9048803,-0.9586624,0.8523197,-0.8628102,-0.5445375,-0.7864431,-0.8561057,-0.5884295,0.4763343,1.2293584,-0.0596276,-0.2806852,0.9579041,-0.0829162,0.0385571,-0.6938198,-0.1806964,0.3713366,2.3902246,0.2063083,-0.5975902,2.2665951,0.1844706
Myanmar,42,52.72727,53.84615,5.40541,52.68817,78.26087,73.4375,0.0,51.6129,47.42456,20.23767,71.41235,53.3977,33.41557,50.41396,19.54919,35.90075,72.93781,51.79408,23.65368,68.42612,26.40665,31.54245,70.821,66.71007,76.67525,50.08821,39.77414,66.66662,67.99516,53.82713,18.31718,66.83588,71.15124,71.08156,58.00956,53.97366,71.09279,60.80116,-0.681891,-1.6927198,-0.8681912,1.0619828,-1.2223686,-0.4927108,-1.2015663,-1.3715636,-0.4441174,0.9012656,-1.4887055,-0.401494,-1.0209349,-0.8886242,-0.0240202,0.1686144,1.3149088,-0.1623932,-0.511971,0.9605173,0.0416541,-0.0869458,-0.7484318,-0.0336446,0.0588626,2.5122391,0.2103271,-1.0168453,2.228161,0.2639149
Myanmar,43,29.09091,55.12821,6.75676,96.77419,78.26087,7.8125,0.0,43.54839,63.11029,20.03619,64.84735,58.99158,35.29346,47.59409,15.32193,38.4759,61.95185,51.46853,28.26306,66.17899,31.00594,32.01765,58.58332,69.28938,75.23974,52.08663,47.10043,66.72874,62.88414,59.56584,19.33951,61.54799,73.41793,69.39834,55.5851,60.90677,71.16386,57.90638,0.0169758,-1.7224163,-1.2902236,1.4027728,-0.901021,-0.6903612,-1.4234805,-0.9443675,-1.010165,0.8847166,-0.8721428,-0.5178704,-0.8135894,-0.8275961,-0.5885261,0.2997724,1.1945399,-0.1134476,-0.2216927,0.9653253,-0.0855044,0.0310375,-0.6837055,-0.1558633,0.3254214,2.2944006,0.1087529,-0.4775058,2.2395887,0.1486678
Myanmar,44,47.27273,51.28205,10.81081,46.23656,69.56522,68.75,0.0,50.0,56.2061,19.65764,71.01537,44.64029,32.63544,53.20222,31.66945,39.78631,73.11226,50.5263,24.73021,69.39829,37.42995,31.41964,68.64194,74.35714,71.68315,37.24384,54.21866,65.03359,52.01487,54.15266,17.53594,66.38532,75.69064,70.42249,43.69056,71.12055,71.14142,50.67576,-0.2906358,-1.778212,-0.8937112,0.5284643,-1.3558651,-0.2972766,-0.5653009,-0.7269826,-0.4351292,0.836819,-1.3447064,-0.3511464,-0.5239825,-0.9043966,-0.1245369,0.5574682,0.8963162,-0.4769786,0.060342,0.8341179,-0.3559241,-0.0802531,-0.7978941,-0.0440583,0.5926876,2.4269441,-0.3895749,0.3170435,2.2359801,-0.1391975
Myanmar,45,29.09091,55.12821,6.75676,96.77419,78.26087,7.8125,0.0,43.54839,62.53301,19.67591,64.6731,57.57326,35.00736,47.69875,12.04862,38.09302,65.90014,50.29239,28.04106,66.12031,28.12655,31.87778,60.11782,70.3728,75.30724,52.87923,45.7409,66.93636,61.79843,58.24615,19.13399,60.87481,73.68106,70.32328,55.99561,59.91528,71.60711,57.96256,-0.0087444,-1.7755193,-1.3014252,1.3163658,-0.9499783,-0.683025,-1.5953157,-1.0078844,-0.8067309,0.8249288,-0.9018376,-0.5209094,-0.9433982,-0.845559,-0.517742,0.3548645,1.2001994,-0.0940352,-0.2755594,0.9813959,-0.1125162,0.0039056,-0.6967176,-0.1714223,0.3563643,2.4141046,0.1259513,-0.5546359,2.3108598,0.1509046
Myanmar,46,47.27273,43.58974,78.37838,16.12903,30.43478,84.375,0.0,51.6129,45.69051,5.31478,55.41887,27.57795,15.79278,31.17267,20.25573,18.0164,47.74765,33.83207,9.0589,36.31745,26.78105,11.04965,42.06485,67.08748,92.67003,65.55349,32.99698,81.59972,50.02913,53.982,5.74562,44.19327,73.74652,89.40874,82.12692,39.75135,88.36464,44.04597,-0.7591504,-3.892252,-1.8963345,-0.511006,-4.2379991,-1.8413691,-1.1644758,-4.338424,-1.7420308,-0.0118136,-3.4409437,-2.0643706,-1.0040559,-3.5204115,-1.3504987,0.1878055,2.656086,0.2163837,-0.780492,2.1163656,-0.4053279,-0.0837618,-1.5443706,-0.5569812,0.364063,4.8841134,1.2207361,-2.1232253,5.0053503,-0.403143
Myanmar,47,40.0,41.02564,56.75676,2.15054,43.47826,84.375,0.0,50.0,63.01234,19.95966,68.83609,46.67484,35.612,50.77177,28.4446,30.85306,72.92219,55.18822,25.43284,67.59171,35.62962,24.83896,65.32122,72.24625,75.04727,55.77789,42.86533,65.57218,59.93554,61.98271,17.75994,65.57999,74.00642,70.55776,58.59031,60.28308,70.9575,53.7109,0.0126115,-1.7336969,-1.0338066,0.6524134,-0.8465116,-0.467631,-0.7345927,-2.2089308,-0.4449226,1.073803,-1.2507212,-0.4447073,-0.6051446,-1.7495197,-0.2777166,0.4501296,1.1784009,-0.0230411,-0.3894934,0.8758058,-0.1588635,0.0807264,-0.7837124,-0.0626719,0.3946263,2.4444501,0.2346577,-0.5260233,2.2064075,-0.0183628
Myanmar,48,47.27273,43.58974,82.43243,13.97849,28.98551,85.9375,0.0,53.22581,71.67314,18.06653,66.6488,50.32313,26.17444,48.67271,33.08417,37.74446,54.21026,57.79721,18.93226,63.32435,34.56911,30.29342,51.25327,77.00194,76.86448,51.95242,38.47736,67.92341,54.01434,60.89037,16.77127,60.02906,81.16304,72.08938,57.34367,57.7799,72.78551,52.53738,0.3984875,-2.0127303,-1.1744173,0.8746742,-2.4614776,-0.6147585,-0.4910342,-1.0657076,-1.4090472,1.2064278,-2.1202557,-0.6657094,-0.6529547,-1.0490304,-0.9266506,0.6919564,1.3307756,-0.1167348,-0.5633511,1.0577951,-0.3061789,0.0582688,-0.8463077,-0.19097,1.2362309,2.6426694,0.1824292,-0.7207504,2.500338,-0.0650827
Myanmar,49,41.81818,42.30769,58.10811,2.15054,46.37681,85.9375,0.0,50.0,62.45938,20.00544,60.71322,46.83675,24.34442,39.14014,30.97546,37.55695,47.79915,51.26802,18.53066,51.78552,30.56759,29.24219,48.14653,70.45365,77.14808,56.37804,44.19403,67.34332,65.72724,61.57353,17.55271,54.39028,74.58666,72.63343,59.45472,59.27552,72.09754,62.29562,-0.0120253,-1.7269486,-1.5559867,0.6622771,-2.7746327,-1.2829145,-0.601733,-1.0968137,-1.7393772,0.8745236,-2.1739748,-1.2632947,-0.8333511,-1.1840351,-1.06996,0.3589755,1.3545557,-0.0083421,-0.3368485,1.0128953,-0.0147702,0.0723139,-0.7968327,-0.3212986,0.4628619,2.7130806,0.2708728,-0.6044035,2.389718,0.3234123
Myanmar,50,49.09091,43.58974,78.37838,11.82796,31.88406,87.5,0.0,53.22581,46.09638,22.15497,52.90895,42.04911,37.89178,46.04214,33.96676,41.66479,57.35898,44.82068,27.59391,58.65085,37.70333,34.09309,51.7013,73.14894,77.94852,56.67171,53.50494,69.14095,62.42454,50.87815,19.50919,47.06742,75.2132,71.61517,65.99954,68.67247,73.46702,58.84789,-0.7410671,-1.4101229,-2.0576854,0.3706051,-0.4563937,-0.7991398,-0.4447015,-0.4153579,-1.2468107,0.5467801,-0.9616497,-0.9077458,-0.5116579,-0.5610577,-0.9059837,0.4960314,1.4216731,-0.0011495,0.0320634,1.1520348,-0.0969391,-0.1475745,-0.672963,-0.4905513,0.5365416,2.5812991,0.5450713,0.1266026,2.6099198,0.1861515
Myanmar,51,16.36364,48.71795,81.08108,90.32258,13.04348,21.875,0.0,41.93548,58.74638,20.20791,69.71461,50.35997,38.97669,58.23725,26.52029,39.54623,69.35885,49.15488,29.18546,72.5256,33.94712,31.7526,67.59913,73.11984,72.29039,46.29819,36.90851,62.62109,54.13121,60.73294,18.81466,64.98279,75.4084,67.49216,59.01566,55.09718,69.24133,57.15157,-0.1774552,-1.6971055,-0.9773311,0.8769185,-0.2707427,0.0556385,-0.8356112,-0.7668098,-0.6285219,0.7671046,-0.7487595,-0.1891856,-0.6809953,-0.8616357,-0.1726402,0.4945517,0.9472336,-0.2552186,-0.6255116,0.6473861,-0.3032711,0.055032,-0.7169355,-0.076475,0.5594965,2.0477051,0.2524778,-0.9294449,1.9304599,0.1186176
Myanmar,52,45.45455,46.15385,77.02703,10.75269,28.98551,84.375,0.0,51.6129,52.98523,23.49165,60.41613,43.15871,29.44705,40.72053,28.52658,38.5264,69.21967,52.03188,22.65948,53.47826,37.64112,31.60406,60.99767,81.39191,72.84944,33.08328,32.13153,66.31685,46.88672,58.31664,18.82274,54.59684,83.95332,70.38912,44.5392,56.57546,73.02735,52.70509,-0.4341393,-1.2131054,-1.5750851,0.4382039,-1.901465,-1.1721415,-0.7302891,-0.9359897,-0.6356933,0.9133537,-1.621693,-1.1756292,-0.5144623,-0.8807112,-0.4771556,0.915187,0.9941106,-0.5788793,-0.8147824,0.9334446,-0.4835089,0.0053549,-0.7164234,-0.3165245,1.5643623,2.422625,-0.3540207,-0.8144461,2.5392253,-0.0584059
Myanmar,53,18.18182,47.4359,83.78378,80.64516,14.49275,28.125,0.0,41.93548,62.16449,20.55099,64.75645,40.56793,37.33576,48.67297,39.37116,41.69659,71.1873,48.72352,29.86107,65.51671,38.50321,33.07654,63.55692,70.08576,74.61793,53.42077,43.74576,65.95231,63.70305,59.82566,19.59782,60.29045,73.47223,69.50235,58.19322,59.35999,70.35833,60.78415,-0.0251636,-1.6465381,-1.2960672,0.2803686,-0.55154,-0.6147403,-0.1609922,-0.4100837,-0.5343121,0.7451767,-0.6583884,-0.5521694,-0.4755977,-0.6916085,-0.3591014,0.3402686,1.1424002,-0.0807719,-0.3546095,0.9052283,-0.0651306,0.0363792,-0.6673512,-0.1849286,0.3318069,2.3078612,0.2180215,-0.5978327,2.110065,0.2632378
Myanmar,54,47.27273,41.02564,72.97297,92.47312,52.17391,25.0,0.0,48.3871,60.33342,23.52522,59.25144,48.10658,38.30342,46.68008,22.44902,41.12743,66.39592,54.44252,27.92437,61.17106,26.82029,32.25041,58.00723,76.24538,67.99403,32.24395,34.93609,56.57206,42.01478,57.89958,20.84559,54.78897,74.34586,64.43469,50.57092,59.66822,65.96845,52.61456,-0.1067456,-1.208157,-1.6499573,0.7396376,-0.3859527,-0.7544258,-1.0493367,-0.5045023,-0.7811857,1.035896,-0.9174465,-0.7772262,-1.0022873,-0.7977045,-0.6151002,0.6534856,0.5869803,-0.5994364,-0.7036616,0.1791803,-0.6047192,-0.0032196,-0.5883519,-0.3120837,0.4345444,1.6520125,-0.1013187,-0.5738551,1.4042037,-0.0620102
Myanmar,55,60.0,50.0,13.51351,12.90323,78.26087,92.1875,0.0,53.22581,60.84584,17.44853,44.63871,60.3844,29.59118,37.63361,25.35929,41.27,57.01045,54.85062,19.19648,43.91048,40.9744,29.40884,46.59673,66.3503,83.04502,45.07746,50.61826,71.63924,90.15247,59.2065,14.17687,38.03887,72.33498,81.09932,56.02133,70.92438,73.15094,95.75818,-0.0839154,-2.1038195,-2.5893392,1.487626,-1.8768018,-1.3885097,-0.8965593,-0.4808499,-1.2647686,1.0566413,-2.0849126,-1.6711351,-0.3641914,-1.1626325,-1.1414496,0.1503202,1.8490198,-0.2851169,-0.0823109,1.3454068,0.592912,0.0236497,-1.0105659,-0.6992272,0.1980682,3.8087221,0.1270292,0.301783,2.5590966,1.6556246
Myanmar,56,65.45455,47.4359,13.51351,3.22581,75.36232,96.875,0.0,54.83871,61.15506,46.07345,62.69761,25.29102,45.826,54.73509,55.12336,46.77766,69.0472,23.50156,45.11385,72.49999,65.88929,46.43949,61.29849,51.84463,41.47665,59.25129,49.39211,35.34387,48.55669,62.0459,46.17103,61.68952,65.71606,25.61012,63.9333,65.35467,35.36365,45.60811,-0.0701381,2.1152979,-1.4284196,-0.6503307,0.9013184,-0.1898349,0.6659347,0.4328235,-0.6445796,-0.536954,1.3818646,-0.1905121,0.7590219,1.0245279,-0.4632793,-0.5872942,-1.6365268,0.0620297,-0.1308929,-1.4639191,-0.4419611,0.0820254,1.0150686,-0.1525921,-0.5803036,-3.3726002,0.4585051,-0.1314951,-3.5168281,-0.3409511
Myanmar,57,54.54545,34.61538,27.02703,5.37634,56.52174,90.625,0.0,51.6129,73.81103,21.29644,73.07026,53.54775,38.56619,59.85833,40.97089,30.7863,73.14498,49.17279,30.24012,78.65577,41.31457,24.30025,62.55026,81.6319,66.33767,55.21446,51.62886,67.76627,45.32444,62.62172,19.049,68.70172,81.25916,62.65837,57.82005,68.0366,71.88609,37.42071,0.4937396,-1.536664,-0.7616123,1.0711243,-0.3409886,0.1692628,-0.0770128,-2.2200069,-0.4334433,0.7680149,-0.6076861,0.1282899,-0.3488556,-1.8187031,-0.4055372,0.9273904,0.4480925,-0.0368405,-0.0422696,1.0456321,-0.5223773,0.0938638,-0.7020985,0.0094803,1.2475343,1.4221234,0.2023873,0.0771374,2.3557186,-0.6669079
Myanmar,58,49.09091,38.46154,70.27027,93.54839,53.62319,23.4375,0.0,48.3871,61.57452,23.78672,58.25283,48.01693,38.2243,50.47271,27.89388,41.74948,73.09172,56.04239,28.27748,64.20006,27.09909,32.68664,60.5615,79.57212,67.73011,31.4807,38.24343,58.02457,36.71671,58.61071,21.31548,54.64081,75.59685,64.28538,57.46889,60.32354,66.52543,58.58084,-0.0514494,-1.1696145,-1.7141534,0.7341762,-0.3994932,-0.4885933,-0.7635036,-0.4013091,-0.4361875,1.1172237,-0.8702134,-0.6203576,-0.9897182,-0.7416814,-0.4972756,0.8226504,0.5648501,-0.61813,-0.57262,0.2916075,-0.7365314,0.0114007,-0.5586014,-0.3155082,0.581658,1.6326893,0.1876751,-0.522876,1.4937622,0.1755196
Myanmar,59,58.18182,51.28205,13.51351,19.35484,73.91304,90.625,0.0,53.22581,61.16731,17.87535,65.06768,53.69148,31.37671,53.04724,0.24137,40.15345,66.14984,56.56027,20.44201,70.62654,20.94622,31.94745,59.56716,64.49269,78.64821,47.68629,43.53235,65.21215,62.54542,56.07613,17.23712,60.41492,66.91776,74.96336,47.49314,64.4794,66.13117,83.29051,-0.0695925,-2.0409088,-1.2760596,1.0798803,-1.5712608,-0.3081392,-2.2151493,-0.6660769,-0.7938649,1.1435497,-1.9183071,-0.2875365,-1.2671021,-0.8366123,-0.5431428,0.0558605,1.4803431,-0.2212211,-0.363065,0.8479388,-0.0939316,-0.0407081,-0.8168133,-0.1820517,-0.4389863,3.0146155,-0.2302638,-0.1995841,1.4303687,1.1592617
Myanmar,60,50.90909,47.4359,33.78378,5.37634,52.17391,85.9375,0.0,50.0,73.61438,19.07997,65.4115,54.44343,39.93072,55.92185,45.41758,42.5763,65.20548,48.41716,29.38515,73.06298,45.3977,32.82956,56.55945,71.99554,77.42477,54.77037,42.57366,68.8658,64.52656,61.44176,17.14303,60.69826,74.89593,72.40192,56.86846,57.05526,72.51353,63.51395,0.4849779,-1.8633564,-1.2539571,1.1256911,-0.1074876,-0.1066524,0.1564207,-0.2641461,-0.8425227,0.7296036,-0.7220483,-0.1613554,-0.16478,-0.7233273,-0.6818843,0.437381,1.3777568,-0.0477172,-0.4010497,1.1307377,-0.0446424,0.0696048,-0.8227707,-0.1755028,0.499231,2.683118,0.1625201,-0.7771219,2.4566055,0.3719166
Myanmar,61,47.27273,44.87179,64.86486,5.37634,34.78261,82.8125,0.0,50.0,48.72613,20.50169,68.49277,41.85899,38.69453,53.20255,27.3788,43.33025,74.35742,42.19946,28.2784,68.49256,33.73198,33.72825,71.2971,69.54579,73.98476,38.33217,41.43799,67.2143,58.5222,54.99611,18.6761,64.51163,72.96811,69.44343,50.10165,59.24621,71.89627,51.11778,-0.6239003,-1.6538054,-1.0558773,0.3590221,-0.3190262,-0.2972532,-0.7905431,-0.1390728,-0.3709725,0.4135333,-0.8700907,-0.3980528,-0.6906942,-0.6079132,-0.0020583,0.3128108,1.0893087,-0.4503231,-0.4460469,1.0029085,-0.1940264,-0.0629126,-0.7257081,-0.0873648,0.2725231,2.3002356,-0.120979,-0.6066835,2.3573544,-0.1216001
Myanmar,62,25.45455,41.02564,56.75676,91.39785,37.68116,12.5,0.0,41.93548,62.46143,22.00196,66.69411,43.51932,40.7843,53.4324,32.01393,43.47556,68.09892,45.28988,31.58367,70.40264,36.10624,34.20587,63.79355,73.76477,68.74456,29.90817,38.30835,56.28276,36.88898,60.64127,20.91091,63.52728,72.08493,61.26467,58.3858,61.53989,64.67287,56.27624,-0.011934,-1.4326753,-1.1715043,0.4601727,0.0385772,-0.2811424,-0.5472176,-0.114968,-0.6934395,0.5706316,-0.4279687,-0.2991319,-0.583658,-0.5465747,-0.348186,0.5273463,0.6499126,-0.6566444,-0.5700478,0.1567884,-0.7322455,0.0531473,-0.5842162,-0.1101161,0.1686634,1.2417534,0.2260897,-0.4282542,1.1958843,0.0837686
Myanmar,63,63.63636,50.0,43.24324,1.07527,69.56522,96.875,0.0,54.83871,78.01438,24.84428,65.74684,45.24924,40.77795,53.06239,50.39481,31.33754,65.77341,51.0421,33.50786,68.60614,50.03338,24.42566,54.04708,79.11939,71.85176,45.10577,41.57806,63.37598,39.61181,69.37625,21.99721,58.25022,79.68973,66.39886,50.63343,62.25349,67.80362,47.57624,0.6810171,-1.0137365,-1.2323997,0.5655628,0.0374909,-0.3070775,0.4177053,-2.1285606,-0.8132603,0.8630394,-0.1705844,-0.3921707,0.0442055,-1.8025985,-0.797776,0.7996288,0.9104544,-0.2844236,-0.4404972,0.705816,-0.6645035,0.2327316,-0.5154396,-0.2320843,1.0629721,1.9062116,-0.0986999,-0.3727418,1.699287,-0.2625957
Philippines,01,58.18182,69.23077,10.81081,13.97849,79.71014,87.5,0.0,45.16129,57.98803,18.61589,74.02589,27.70023,34.15837,48.12468,23.09151,30.63922,91.26686,37.56709,27.41847,63.14215,35.34282,24.72649,79.36653,66.5894,67.96489,20.34748,39.78247,63.16031,48.51048,59.58669,18.03337,67.57031,69.9746,66.85413,38.24529,64.70151,70.33215,49.96754,-0.2112432,-1.9317582,-0.7001796,-0.5035569,-1.0952596,-0.6531706,-1.0156088,-2.244406,0.5002797,0.1780521,-0.9851173,-0.6751456,-0.6180743,-1.7639632,0.3701726,0.162478,0.5845367,-0.8908056,-0.5116408,0.6891231,-0.4431109,0.0314662,-0.7664006,-0.0166699,-0.0795078,1.9651326,-0.6177075,-0.1823054,2.1058558,-0.1673932
Philippines,02,80.0,100.0,2.7027,32.25806,100.0,84.375,15.09434,53.22581,100.0,17.99378,70.44162,75.07879,30.05667,64.16,14.69336,28.94697,57.09412,79.15496,21.92911,78.51467,37.80947,22.72938,50.71004,84.90975,74.83275,53.49,64.27112,67.11377,25.18504,83.76353,16.03118,61.67807,79.57629,73.34847,63.91869,74.18471,74.54855,39.98389,1.6605709,-2.023453,-0.9305951,2.3828369,-1.7971467,0.4707748,-1.4564779,-2.5251348,-1.2604574,2.292126,-1.7193885,0.1209822,-0.5068726,-2.020443,-0.9517091,1.0940692,1.1604131,-0.0790763,0.4586351,0.9951274,-1.0234312,0.5285225,-0.8931645,-0.1528567,1.049632,2.8056192,0.4578931,0.5554104,2.7838225,-0.5648627
Philippines,03,83.63636,97.4359,2.7027,35.48387,97.10145,82.8125,39.62264,56.45161,36.55526,21.15615,74.5404,55.3462,30.45689,47.44468,13.81293,35.4047,94.24882,41.38833,22.45311,61.16176,17.30093,27.97556,79.79631,55.76597,75.21258,43.39332,28.82802,60.33953,79.50468,41.3446,18.52029,64.72913,64.84295,71.66196,57.95522,50.68154,68.83123,71.78234,-1.1661649,-1.5573413,-0.6671044,1.1806896,-1.7286603,-0.7008335,-1.5026969,-1.453853,0.6539238,0.3723007,-1.6492971,-0.7777082,-1.4314391,-1.3467019,0.3899977,-0.3878938,1.1922625,-0.3263649,-0.9456721,0.4707897,0.3280026,-0.3435765,-0.7355725,-0.0823377,-0.6829804,2.587354,0.2080503,-1.2729452,1.8645179,0.7010981
Philippines,04,76.36364,89.74359,13.51351,18.27957,68.11594,90.625,84.90566,51.6129,74.64157,15.75806,67.19986,64.69866,23.68475,45.55484,67.35211,36.91417,68.17382,68.91536,18.85754,64.92538,64.06145,28.23649,56.68617,83.90089,71.69076,29.4153,54.28501,66.20885,27.21959,71.71421,14.85099,62.64085,79.6789,72.21575,45.16587,69.4018,74.01458,32.37329,0.5307436,-2.352983,-1.1389923,1.7504595,-2.8875168,-0.8332957,1.3078951,-1.2034455,-0.6895802,1.7716071,-2.1302509,-0.5827939,0.6766194,-1.3131919,-0.676039,1.0427686,0.8969548,-0.6687158,0.0629709,0.9250849,-0.972813,0.2807982,-0.9678858,-0.1306039,1.0616988,2.6590251,-0.3277659,0.1833384,2.6979648,-0.8678561
Philippines,05,40.0,64.10256,47.2973,9.67742,46.37681,78.125,9.43396,41.93548,62.09775,16.70605,67.15164,42.96133,36.37439,49.97832,47.38803,29.98855,62.33509,54.43155,26.61455,69.15524,53.54917,26.88135,55.06726,74.58646,77.62443,51.97267,55.64171,70.58685,51.34034,60.93847,15.75063,63.30359,76.13176,74.18294,63.9545,55.82389,72.61446,60.35571,-0.0281373,-2.2132562,-1.1420916,0.4261793,-0.7160515,-0.5232459,0.2598612,-2.3523466,-0.9904186,1.0353383,-1.0926516,-0.3637334,0.2027047,-1.4872256,-0.7507169,0.5691295,1.3944979,-0.1162389,0.1167255,1.2639498,-0.3727059,0.0592576,-0.9109267,-0.1152862,0.6445625,2.9136148,0.4593932,-0.8729126,2.4728342,0.2461808
Philippines,06,52.72727,51.28205,0.0,98.92473,98.55072,0.0,16.98113,8.06452,60.65662,15.81582,88.86634,13.54579,28.75322,46.79615,40.8997,31.56091,67.30434,15.13581,19.34845,59.47657,55.86529,25.26937,65.66566,49.46841,82.38513,47.28892,60.36038,74.39005,77.18262,57.82455,15.04334,67.47956,73.79048,75.73421,54.52387,67.30089,76.51017,68.5951,-0.092346,-2.3444707,0.2538411,-1.3658727,-2.0201944,-0.7462901,-0.08075,-2.0915046,-0.7343797,-0.9622179,-2.0645848,-0.8649826,0.30712,-1.6942447,-0.2618282,-0.7081251,1.7936874,-0.2309537,0.3036859,1.5583242,0.2702315,-0.004762,-0.9557075,-0.0187674,0.3692322,3.114378,0.0642923,0.0199046,3.0992375,0.5742075
Philippines,07,49.09091,84.61538,13.51351,10.75269,50.72464,87.5,0.0,43.54839,67.48894,18.36885,74.92242,34.53241,36.28187,48.64118,37.46878,24.84286,80.44435,44.40512,28.47193,66.38407,42.35467,19.48356,70.67103,62.34871,75.39007,45.59738,48.81691,66.50123,64.92369,66.08998,17.23244,68.4629,65.04625,72.34358,46.21929,66.57941,71.77237,59.8627,0.2120635,-1.9681713,-0.6425463,-0.0873269,-0.7318839,-0.6169687,-0.2608597,-3.2059726,-0.0573459,0.5256556,-0.8442032,-0.5072499,-0.3019662,-2.4372871,-0.0309381,-0.0531609,1.2071451,-0.2723829,-0.1536831,0.947716,-0.0347619,0.1651686,-0.8171099,0.0039605,-0.659072,2.6755686,-0.2836324,-0.0362203,2.3374326,0.2265529
Philippines,08,61.81818,74.35897,10.81081,10.75269,71.01449,87.5,28.30189,46.77419,72.0122,18.2456,71.90826,51.57172,23.55494,54.00179,9.67441,34.40066,63.95758,57.40336,17.77582,68.88959,25.35474,25.78222,61.70673,69.02878,79.31692,55.34075,60.15944,63.63309,27.73933,64.06545,16.34473,67.58626,64.62729,69.82944,78.79179,71.57558,71.45603,37.238,0.413594,-1.9863373,-0.8363121,0.9507409,-2.9097308,-0.2412328,-1.7199525,-1.6204147,-0.9068206,1.186407,-2.2749443,-0.377491,-1.0683572,-1.6283817,-0.4444477,0.2865209,1.5364146,-0.0337475,0.2957245,0.7257167,-0.9598822,0.1235459,-0.8733127,-0.0163012,-0.7083415,2.3501918,1.0810091,0.3524413,2.2865674,-0.6741821
Philippines,09,60.0,79.48718,43.24324,11.82796,69.56522,87.5,0.0,48.3871,49.37801,19.99518,75.08489,62.3437,33.62992,53.22829,19.84457,30.32187,84.22815,51.23448,25.86789,67.67572,24.42936,23.88202,73.63435,60.75437,72.81417,42.20728,42.47846,65.26265,72.07807,51.63495,18.82367,66.76648,66.89696,69.59555,51.18358,59.59829,70.40796,64.31619,-0.5948565,-1.728461,-0.632102,1.6069903,-1.1856879,-0.2954495,-1.18606,-2.2970517,0.137613,0.8728187,-1.1925265,-0.4403563,-1.1100749,-1.8724147,0.1057557,-0.1342333,0.9911532,-0.3554135,-0.4048219,0.8518475,0.1432339,-0.1320154,-0.7163647,-0.0352487,-0.4414328,2.3199223,-0.0756509,-0.5792945,2.1180461,0.4038553
Philippines,10,50.90909,17.94872,2.7027,96.77419,86.95652,9.375,22.64151,40.32258,60.87203,19.32591,70.47486,54.15715,25.96924,48.04548,18.71491,28.4077,64.51559,53.85747,20.22024,66.62154,27.99558,23.51997,59.00172,67.16874,76.65754,54.24053,48.05252,66.48676,55.75535,57.81851,16.77746,63.83574,71.26067,70.53849,64.4004,62.62146,72.18589,53.07723,-0.0827483,-1.8271068,-0.9284579,1.1082502,-2.4965916,-0.6587225,-1.2453624,-2.6145955,-0.8780691,1.0061554,-1.9479726,-0.4949514,-0.9493028,-1.9189115,-0.569226,0.1919379,1.3134237,-0.0606941,-0.1839694,0.9465957,-0.2628638,-0.0048862,-0.8459154,-0.1029867,0.0717314,2.4419566,0.4780745,-0.3441167,2.4039243,-0.0435902
Philippines,11,47.27273,47.4359,10.81081,7.52688,57.97101,84.375,0.0,41.93548,56.56716,20.32613,71.51687,56.43606,38.54998,49.34684,19.26844,29.75801,68.016,51.97783,27.97322,66.54385,26.65824,24.98289,63.01421,66.03403,73.79174,46.51211,41.46958,63.26808,52.16216,56.53825,18.65039,65.00381,69.63684,68.79448,54.83754,58.39408,70.08313,49.73288,-0.2745491,-1.6796809,-0.8614724,1.2470854,-0.3437612,-0.5675075,-1.2163045,-2.3905907,-0.6977118,0.910606,-0.910913,-0.498975,-1.0095927,-1.7310359,-0.3841356,0.1342374,1.0731232,-0.2499792,-0.444795,0.6974648,-0.3522597,-0.0312073,-0.7273353,-0.0759892,-0.1192282,2.2162492,0.0774335,-0.6729725,2.065815,-0.1767358
Philippines,12,54.54545,35.89744,6.75676,7.52688,60.86957,85.9375,15.09434,45.16129,55.72862,18.96651,85.14924,21.74089,26.08512,58.77732,60.70662,40.76111,85.40357,15.55921,20.38297,70.71579,68.27913,31.35924,74.51746,55.14326,75.57915,55.50707,56.65821,66.38639,81.02516,55.25346,18.20052,66.18278,71.22494,67.60771,62.27758,62.79482,69.9868,69.59556,-0.3119096,-1.8800804,0.0148867,-0.8666113,-2.4767625,0.0934926,0.9590334,-0.5652716,0.1981757,-0.9406946,-1.9262046,-0.2829143,0.8667609,-0.9121534,0.1464922,-0.4195588,1.2229998,-0.0296739,0.1570004,0.9388272,0.365831,-0.0576217,-0.7558179,-0.0487397,0.0675296,2.0626601,0.389138,-0.3306309,2.0503266,0.6140377
Philippines,13,29.09091,89.74359,2.7027,93.54839,59.42029,3.125,0.0,0.0,57.95811,19.27787,86.6275,19.45479,38.65171,57.79409,61.24208,40.61474,75.21315,15.65239,29.00389,71.85715,66.90302,30.85494,64.71309,57.59349,71.77272,82.64909,62.00433,65.83619,74.52563,54.58915,18.95763,64.62068,68.66401,64.99724,79.76348,67.91788,69.53839,66.38222,-0.2125762,-1.8341875,0.1099164,-1.0058846,-0.3263544,0.0245766,0.9871431,-0.5895529,-0.3268814,-0.9359581,-0.773047,-0.2238043,0.8047228,-0.976918,-0.305769,-0.2949641,0.9038266,0.6350907,0.3688218,0.8962408,0.2041274,-0.0712793,-0.7078833,-0.0848443,-0.2336303,1.7248171,1.1217184,0.0679018,1.9782254,0.4861083
Philippines,14,36.36364,32.05128,10.81081,56.98925,43.47826,46.875,0.0,38.70968,56.82986,19.51391,70.61351,47.85974,30.85359,44.38596,18.90346,31.18512,66.74852,52.62067,23.13833,62.10026,25.78162,25.54457,60.70664,65.27487,74.23853,45.27077,39.45091,63.63366,48.65363,55.65204,17.52911,63.39748,70.36895,70.03125,56.17968,57.52423,71.01804,47.46555,-0.2628444,-1.7993968,-0.9195452,0.7245999,-1.6607764,-0.915225,-1.2354645,-2.1538449,-0.7630184,0.9432843,-1.5576402,-0.7291042,-1.0491125,-1.6589021,-0.4905807,0.0956342,1.1105875,-0.2803822,-0.524778,0.7257609,-0.4395495,-0.0494272,-0.7983269,-0.1131161,-0.0331325,2.3763095,0.1336631,-0.7406397,2.2161423,-0.2670028
Philippines,15,56.36364,33.33333,29.72973,43.01075,43.47826,65.625,47.16981,45.16129,55.70444,19.40603,76.37647,28.48341,34.30836,51.62629,22.57336,33.36777,75.06783,35.0493,26.71093,64.31296,28.54737,27.35109,71.17568,65.67126,75.85894,50.71652,37.21661,56.53513,36.71498,56.59016,18.55959,68.52363,69.02001,70.0299,60.52354,57.50853,67.80604,42.03336,-0.3129868,-1.815297,-0.5490726,-0.4558436,-1.0695935,-0.4077364,-1.0428094,-1.7917622,-0.3343693,0.0500628,-1.0797597,-0.6145104,-0.924427,-1.4268999,-0.0076592,0.1157907,1.2464598,-0.1470045,-0.6133042,0.1763219,-0.7365744,-0.0301401,-0.7330844,0.0053641,-0.1917653,2.3761351,0.3156512,-0.7418609,1.6996761,-0.483269
Philippines,16,83.63636,21.79487,2.7027,13.97849,89.85507,95.3125,96.22642,50.0,70.96738,17.0656,66.94665,65.91293,23.68159,52.91752,10.36495,37.56867,55.54534,62.46852,17.88158,72.12994,24.59387,28.25744,54.88592,89.05678,64.34173,37.12204,55.45615,70.5997,44.52365,61.92508,15.22249,62.92321,79.89809,65.97579,58.7893,71.90467,74.57158,39.69484,0.3670427,-2.1602612,-1.15527,1.824435,-2.8880574,-0.3172318,-1.6837017,-1.0948696,-1.3402579,1.4438887,-2.2607969,-0.2096766,-1.1026587,-1.3105019,-0.7590819,1.3049461,0.2807318,-0.4799616,0.1093733,1.2649445,-0.5423004,0.0795414,-0.944365,-0.1240779,1.0874759,1.8514592,0.2429946,0.3780415,2.7875264,-0.5763704
Philippines,17,60.0,34.61538,83.78378,91.39785,24.63768,59.375,0.0,51.6129,53.82887,19.90443,67.25787,27.31112,31.81475,44.00625,32.8661,36.37927,63.39076,38.61182,24.50701,56.06177,37.14148,30.79043,59.42595,65.71995,72.19156,25.20474,38.62674,64.9571,43.79355,55.51738,18.38221,59.59045,68.4239,71.76546,36.86067,62.26948,72.01545,43.28166,-0.3965514,-1.7418368,-1.1352626,-0.5272622,-1.4963015,-0.9418396,-0.5024819,-1.2921802,-0.9360253,0.2311595,-1.3745622,-1.0418317,-0.5369872,-0.9852017,-0.549657,0.1182669,0.938947,-0.7718413,-0.5574328,0.8281977,-0.5604647,-0.0521957,-0.744315,-0.2011076,-0.2618673,2.6007491,-0.6757168,-0.3714983,2.3765185,-0.4335719
Philippines,18,63.63636,21.79487,45.94595,7.52688,57.97101,89.0625,0.0,46.77419,76.50023,20.57188,73.49564,56.77791,36.83616,52.01219,34.31609,28.16799,63.49972,59.63794,28.37919,73.89074,38.71852,23.5251,57.43762,80.19904,72.92697,42.7801,50.9502,64.85724,37.27072,67.50944,18.67993,66.18732,78.52781,70.26253,50.556,65.53877,71.54396,37.74722,0.6135553,-1.6434589,-0.734267,1.2679121,-0.6370329,-0.3806876,-0.4263634,-2.6543617,-0.9304114,1.2999995,-0.856609,-0.1184868,-0.4658909,-1.9182522,-0.6413756,0.8545295,1.0006118,-0.3413841,-0.0691593,0.8204681,-0.7227481,0.1943514,-0.7254656,-0.0486347,0.9263337,2.4062417,-0.101944,-0.1171736,2.3007068,-0.6539089
Philippines,19,69.09091,28.20513,10.81081,7.52688,69.56522,92.1875,71.69811,48.3871,46.70705,20.58855,74.58132,50.80732,26.76837,48.50724,16.6936,37.51331,68.68235,48.26491,21.92139,66.01461,23.66821,30.4971,67.05953,62.60392,73.897,40.849,31.92948,61.00512,54.12536,50.78793,19.02736,66.11867,68.80782,70.36634,49.91547,55.24661,69.56573,53.95223,-0.7138593,-1.6410017,-0.664474,0.9041721,-2.3598444,-0.6263565,-1.3514734,-1.1040532,-0.6633783,0.721864,-1.7204216,-0.5263837,-1.1443892,-1.0228738,-0.1975311,-0.0401837,1.0819493,-0.3886807,-0.8227878,0.5223076,-0.3034168,-0.1494294,-0.7034683,-0.0502214,-0.2167189,2.4196764,-0.128779,-0.9178204,1.9826213,-0.0087548
Philippines,20,52.72727,47.4359,2.7027,93.54839,92.75362,10.9375,0.0,43.54839,68.49783,18.24989,74.80687,56.15788,23.3226,52.61805,14.43374,29.4366,73.72286,54.65128,17.86099,69.6259,30.59997,23.38718,68.22245,71.1339,75.54918,41.54647,47.37601,67.40381,51.39814,64.33336,16.46936,68.57939,74.74167,71.54638,48.61434,63.30454,72.16369,47.76372,0.2570136,-1.9857042,-0.6499743,1.2301387,-2.949488,-0.3382219,-1.4701069,-2.44391,-0.4036679,1.0465081,-2.2635513,-0.3393584,-0.8318917,-1.9359653,-0.1438872,0.3935663,1.2204869,-0.3715983,-0.2107739,1.0175769,-0.371268,0.1290538,-0.8654224,0.006653,0.4810907,2.5723956,-0.1832905,-0.2909789,2.400354,-0.2551318
Philippines,21,52.72727,37.17949,9.45946,5.37634,60.86957,87.5,15.09434,45.16129,55.21272,20.22241,70.82263,55.30489,37.6004,46.59629,21.55069,29.52538,69.36273,51.27208,27.45808,63.92339,28.70176,24.20045,63.08551,68.28412,74.55535,47.85791,39.96033,63.67623,51.0126,56.91381,18.32866,62.63765,71.3845,69.42054,58.11728,58.96065,69.72539,55.48122,-0.3348948,-1.6949683,-0.906102,1.1781724,-0.5062549,-0.7602988,-1.0964954,-2.4291821,-0.628322,0.8747302,-0.9798187,-0.6346857,-0.9174668,-1.8315202,-0.3808468,0.2486548,1.1371533,-0.2170178,-0.504594,0.7290558,-0.38086,-0.0234861,-0.7477052,-0.1306779,0.0862938,2.2972734,0.2148398,-0.6288977,2.0082927,0.0521175
Singapore,01,23.63636,94.87179,81.08108,95.69892,53.62319,15.625,0.0,32.25806,60.37532,19.27129,70.34094,44.91673,36.58268,48.36229,31.64153,39.27947,59.84847,53.71103,27.92975,67.69996,30.16895,30.9872,60.92365,70.89106,74.9655,47.53469,39.05253,64.31608,68.77878,58.90507,18.56821,65.04718,72.91162,69.98529,55.08992,53.91243,68.93785,73.17434,-0.1048789,-1.835158,-0.937067,0.5453059,-0.6804083,-0.6365166,-0.5667671,-0.8110618,-1.1185404,0.9987112,-0.9167276,-0.4391008,-0.8513226,-0.9599323,-0.4805703,0.3812179,1.1715444,-0.2249343,-0.5405624,0.7785815,0.0611499,0.0174525,-0.7325386,-0.0749868,0.2658796,2.370362,0.0880069,-1.0216087,1.8816621,0.7565162
Singapore,02,18.18182,79.48718,10.81081,94.62366,49.27536,12.5,0.0,29.03226,61.53858,18.69219,89.88364,26.61968,40.81391,53.7702,51.17262,43.76108,72.235,22.50692,29.36795,70.70109,61.22997,32.76495,65.43951,55.02175,74.85851,66.63396,78.0412,62.23045,59.01339,59.14076,18.7974,68.7835,67.47804,68.79608,59.71348,74.5007,68.77454,52.96014,-0.0530506,-1.9205123,0.3192379,-0.569386,0.0436449,-0.2574657,0.4585368,-0.0676027,-0.4803293,-0.5875152,-0.72435,-0.2836756,0.5489706,-0.7316251,-0.2722602,-0.4257375,1.1625728,0.2428467,1.0042257,0.6171504,-0.1818061,0.0222981,-0.718028,0.0113705,-0.3730978,2.2164561,0.2817135,0.5799915,1.8554033,-0.0482517
Singapore,03,32.72727,83.33333,0.0,100.0,98.55072,0.0,0.0,35.48387,63.46414,45.034,48.52857,52.84061,60.23781,35.97549,21.11003,64.61908,25.84513,51.33985,54.4521,46.75267,32.31901,58.35901,21.95982,94.65063,52.87489,82.60183,0.0,49.15267,67.39243,57.70573,43.25358,31.18556,100.0,46.69047,75.93728,13.94251,55.25329,48.1221,0.0327414,1.96209,-2.3392784,1.0280438,3.3674842,-1.5047308,-1.1196285,3.3925606,-2.8705495,0.878175,2.6309741,-1.5239408,-0.7543937,2.5552927,-2.2779139,1.5893937,-0.6807739,0.6339333,-2.0878805,-0.3950933,0.0266585,-0.0072049,0.8303573,-0.8576272,3.451421,-0.6444155,0.961418,-4.1309433,-0.3187173,-0.2408642
Singapore,04,52.72727,98.71795,10.81081,9.67742,68.11594,89.0625,15.09434,41.93548,43.87906,21.12644,66.83177,61.72912,32.38532,51.79751,16.92763,40.46568,54.42262,48.09634,23.81518,67.90366,18.69702,34.03384,54.96098,72.11351,74.20701,43.382,40.94701,63.11022,45.88292,44.85846,19.9389,59.918,71.30799,67.70184,66.69589,59.06209,70.5789,46.13792,-0.8398584,-1.5617204,-1.1626549,1.5695493,-1.3986655,-0.3957352,-1.3391874,-0.6142805,-1.3981052,0.7132947,-1.4671025,-0.4285518,-1.3685003,-0.5686672,-0.7556191,0.4433798,1.1079439,-0.3266423,-0.4655002,0.685246,-0.5084826,-0.2713344,-0.6457567,-0.1935371,0.0772965,2.074842,0.5742452,-0.6210069,2.1455306,-0.3198583
Singapore,05,40.0,84.61538,60.81081,61.29032,39.13043,54.6875,9.43396,38.70968,49.75643,19.66869,73.27164,34.96375,34.86112,41.36561,26.26814,39.3538,62.22029,38.59869,26.9739,60.06065,26.33737,31.80724,66.05289,69.11327,75.47138,50.05996,46.36629,66.16824,76.95396,53.82651,18.6118,64.90901,73.87129,69.78619,62.27918,62.91296,70.29767,76.87037,-0.5779963,-1.7765833,-0.7486669,-0.0610491,-0.9750042,-1.1269267,-0.8488483,-0.7987318,-0.9963338,0.2304921,-1.0445837,-0.8347333,-1.0240579,-0.854619,-0.2439661,0.2908171,1.2139628,-0.163085,-0.2507805,0.9219419,0.2645426,-0.0869586,-0.729779,-0.0781802,0.378735,2.3445947,0.389205,-0.3214406,2.100311,0.9036628
Singapore,06,47.27273,88.46154,91.89189,92.47312,57.97101,28.125,0.0,40.32258,75.11414,17.7287,73.85823,63.54513,23.89901,55.68074,50.25202,23.51676,78.56577,63.89087,18.73004,71.44598,50.97087,18.11177,70.95584,69.53534,76.65534,49.6001,42.30351,67.70792,60.46675,71.56872,16.65886,69.73324,71.79544,71.32363,67.36722,62.04006,71.66908,72.02582,0.551799,-2.0625246,-0.7109577,1.6801837,-2.8508532,-0.1235526,0.4102089,-3.4259612,-0.1541389,1.5161923,-2.147305,-0.2450982,0.0864695,-2.6134592,-0.0178002,0.3122793,1.3132394,-0.174348,-0.4117535,1.0411158,-0.1456475,0.277807,-0.8534248,0.0333218,0.1346192,2.5435674,0.6023708,-0.389345,2.3208239,0.7107913
Singapore,07,43.63636,85.89744,0.0,98.92473,95.65217,3.125,0.0,38.70968,63.81696,21.51764,64.24365,68.92311,33.7053,50.7467,6.52451,36.54534,70.1429,59.86681,26.0708,65.48604,25.28663,29.22158,61.82799,70.45455,71.72769,46.89716,29.64653,61.36791,67.90529,60.88143,20.71782,57.88922,77.17067,63.48138,64.53424,53.53374,66.23646,69.81968,0.0484607,-1.5040612,-1.3290325,2.0078207,-1.1727892,-0.4693888,-1.8853097,-1.264631,-0.5881244,1.3116336,-1.1653856,-0.5537577,-1.0714276,-1.1866819,-0.4388542,0.3590216,0.9000509,-0.2405486,-0.9132416,0.550388,0.0394182,0.0580849,-0.5964414,-0.2404281,0.7667363,1.5286368,0.4836816,-1.0510675,1.4472983,0.6229606
Singapore,08,30.90909,82.05128,71.62162,7.52688,24.63768,84.375,0.0,41.93548,71.89139,15.88666,66.91087,47.67763,33.93033,46.25871,49.71095,37.35186,49.35075,54.6737,25.44015,67.24024,50.41029,32.64526,48.8343,77.67714,78.372,45.94255,30.25246,68.29497,62.55648,62.92612,16.3347,60.84474,76.53919,75.60429,53.15286,42.27012,71.63158,57.84842,0.4082113,-2.334029,-1.1575695,0.7135054,-1.1342808,-0.7839603,0.3818052,-1.130836,-1.6594315,1.0476475,-1.2497431,-0.4629093,0.0611976,-0.7469955,-1.0382339,0.7262906,1.4571822,-0.2639291,-0.8892339,1.0865544,-0.0936565,0.1001221,-0.8739481,-0.1721172,0.692475,3.0975641,0.0068529,-1.9272852,2.3147951,0.1463603
Singapore,09,41.81818,85.89744,48.64865,9.67742,57.97101,81.25,0.0,41.93548,42.72206,22.66361,62.16862,42.6148,36.23856,40.98511,8.24675,45.35819,65.65464,49.69078,26.40794,56.66177,24.49453,35.75022,59.71084,74.66976,73.42209,59.2663,46.73164,63.84648,59.435,49.00062,20.43843,54.13945,77.03431,68.00931,70.21741,66.4157,69.88774,59.93539,-0.8914074,-1.3351533,-1.462426,0.4050676,-0.739295,-1.1535968,-1.794899,0.1973447,-0.8193798,0.7943466,-1.1202879,-1.010758,-1.1071371,-0.3482413,-0.5365155,0.5733652,1.0421279,0.0623974,-0.2363048,0.7422334,-0.1713166,-0.1861749,-0.6141301,-0.327096,0.7506999,2.1146337,0.7217809,-0.048956,2.034398,0.229447
Singapore,10,52.72727,89.74359,56.75676,10.75269,63.76812,87.5,0.0,45.16129,63.66162,59.10941,70.05769,71.10051,76.52039,56.80047,17.26675,58.72029,56.90901,63.78565,69.24496,72.52624,34.21057,58.40938,42.25853,51.20008,37.98726,63.20629,52.28113,27.28746,23.80934,69.49437,57.61432,59.68766,76.73018,12.65994,65.69276,93.9031,24.18237,22.05986,0.0415399,4.0367103,-0.955276,2.1404722,6.1537784,-0.0450683,-1.3213851,2.4140019,-1.2699952,1.5108438,4.6097076,-0.1891527,-0.6691186,2.5617617,-1.3415647,-0.6200695,-1.9291153,0.1588961,-0.0164258,-2.0874993,-1.0576575,0.2351599,1.7395734,-0.1988608,0.7149353,-5.0485921,0.5322184,2.0893401,-5.3146974,-1.2784546
Singapore,11,49.09091,91.02564,13.51351,9.67742,66.66667,87.5,0.0,43.54839,64.89455,45.99021,85.55226,45.94782,55.96812,52.65729,50.5886,58.86633,91.08584,41.65371,50.67839,64.78256,48.64996,53.3159,83.54571,72.52596,47.87575,46.64545,38.56345,49.13743,79.96913,54.96488,43.85898,69.65717,72.7332,34.40394,55.74669,46.37346,54.00239,62.58198,0.096472,2.1030291,0.0407946,0.6081219,2.6368502,-0.3354714,0.427878,2.4382295,0.4909525,0.3857908,2.126193,-0.5901901,-0.0181615,1.9076319,0.562952,0.4643527,-1.0999564,-0.2467135,-0.5599404,-0.3962732,0.3395577,-0.0635546,0.8686867,0.0315635,0.244898,-2.2345193,0.1155229,-1.6080791,-0.5198523,0.3348131
Singapore,12,65.45455,87.17949,6.75676,5.37634,86.95652,95.3125,0.0,48.3871,78.42281,50.69185,54.15509,65.30104,63.79821,31.36242,47.43271,72.5551,41.15697,63.57053,56.22765,42.13958,52.14203,65.58073,29.84074,84.13412,37.73711,82.71772,1.98715,70.13292,51.36133,70.87649,47.19142,34.13358,84.79583,22.12229,77.02832,13.59269,72.83446,41.95636,0.6992143,2.7960181,-1.977577,1.7871573,3.9767441,-1.8280696,0.2622068,4.7090783,-2.0816126,1.4999086,2.8684769,-1.7628484,0.1392679,3.4827422,-1.9143787,1.0546286,-1.9500903,0.6367715,-2.0091468,1.2288155,-0.3721839,0.2635752,1.079672,-0.78949,1.6634405,-3.8239903,1.0071276,-4.1581562,2.5082085,-0.4863347
Singapore,13,63.63636,84.61538,10.81081,61.29032,72.46377,84.375,0.0,45.16129,78.77807,24.86079,60.04302,42.51167,44.59416,49.71625,21.09682,35.19623,66.7035,46.27506,34.99924,63.16379,40.39932,27.56039,58.21204,71.54563,73.3683,44.59952,34.89988,60.43321,39.55564,73.85457,23.11698,54.38621,70.11237,65.53773,64.29551,59.91324,66.63348,52.79006,0.7150426,-1.0113029,-1.5990706,0.3987848,0.6905257,-0.5416144,-1.1203218,-1.4884372,-0.7653378,0.6207118,0.0289066,-0.674025,-0.3901173,-1.4000197,-0.6056527,0.4145029,1.0376179,-0.2968226,-0.7050963,0.4780405,-0.6659008,0.3248022,-0.4445438,-0.3213929,-0.0633068,1.7947663,0.4736801,-0.5547944,1.5111367,-0.0550232
Singapore,14,45.45455,82.05128,56.75676,9.67742,56.52174,82.8125,0.0,43.54839,58.10941,19.90382,68.57417,44.43786,36.77596,41.05076,10.45929,36.20416,76.12183,53.59354,28.30588,58.85936,28.60421,28.61484,70.63888,67.76889,74.2061,55.30837,50.2726,65.36873,80.56489,59.12562,19.02997,60.74725,72.85054,68.11742,67.8201,63.01583,69.85883,76.09912,-0.2058348,-1.7419272,-1.0506444,0.5161319,-0.6473344,-1.1489956,-1.6787493,-1.3212307,-0.280062,0.9927388,-0.8664155,-0.8969471,-0.9218645,-1.2646022,-0.0324211,0.2224553,1.1078678,-0.0345406,-0.0960068,0.8600581,0.3543798,0.0219869,-0.7033036,-0.1743706,0.2586974,2.1286253,0.6213447,-0.3134376,2.0297492,0.8729579
Singapore,15,43.63636,89.74359,70.27027,82.7957,53.62319,60.9375,7.54717,40.32258,52.65867,20.89706,73.13649,32.5674,36.40247,41.88341,6.70088,36.40264,82.8473,40.22128,28.79282,59.32058,23.44532,29.02715,76.22411,63.67334,72.62092,39.50749,61.71391,65.46588,78.14343,53.02858,19.73808,65.47524,68.18412,68.57608,42.10986,78.00178,68.90688,74.13138,-0.4486889,-1.5955303,-0.757355,-0.2070392,-0.711247,-1.0906336,-1.8760508,-1.288304,0.0664649,0.3129747,-0.8012807,-0.8730608,-1.1544374,-1.2116512,0.2252173,0.0141962,0.9749488,-0.4215371,0.3573148,0.867578,0.2941356,-0.1033633,-0.6584709,-0.0650929,-0.2900643,2.1879849,-0.4557992,0.852347,1.8766824,0.794618
Singapore,16,69.09091,87.17949,2.7027,5.37634,92.75362,96.875,0.0,48.3871,58.31526,20.63465,65.59072,54.69208,39.64311,53.05092,13.27435,29.93613,69.9185,46.82054,29.61384,67.92127,26.73834,24.62048,63.05732,80.01124,74.58625,46.51576,40.07733,68.73242,69.62028,53.28551,19.32919,60.38001,83.78675,68.57327,49.4218,62.1024,70.85859,72.18755,-0.1966635,-1.6342068,-1.2424357,1.1408392,-0.1567043,-0.3078815,-1.5309698,-2.3610421,-0.5996863,0.6484409,-0.691459,-0.4276397,-1.0059815,-1.7775785,-0.3821469,0.8449795,1.1397443,-0.24989,-0.4999581,1.1204138,0.0820857,-0.0980811,-0.6843592,-0.1828586,1.5447743,2.1876213,-0.1494618,-0.3844951,2.1905037,0.7172301
Thailand,01,65.45455,84.61538,70.27027,75.26882,63.76812,28.125,0.0,77.41935,58.19235,16.69399,57.35158,54.82232,38.49099,47.8841,24.01702,43.86986,60.58967,51.22908,25.88901,60.41615,23.59279,31.50066,51.04774,91.12473,68.60044,46.23798,16.46963,63.91206,49.01265,53.00653,16.56017,48.00787,83.43421,68.81095,68.13049,31.08522,70.00089,54.5849,-0.2021396,-2.2150334,-1.7720899,1.1487736,-0.3538559,-0.6700333,-0.9670228,-0.0495556,-1.0803505,0.8725441,-1.1897018,-0.8163223,-1.1477894,-0.8939909,-0.9361314,1.4101012,0.6378281,-0.2566933,-1.4353297,0.7473098,-0.4306172,-0.1038167,-0.8596728,-0.4688148,1.5033165,2.2183815,0.6343484,-2.79738,2.052592,0.0164333
Thailand,02,72.72727,60.25641,51.35135,7.52688,63.76812,87.5,0.0,83.87097,59.34623,23.0355,59.4217,55.68132,25.83963,40.4906,38.21384,40.70018,47.45118,49.35296,21.72589,58.10144,31.94026,35.25409,46.29834,87.58997,72.00999,43.19924,25.06297,63.5863,55.63888,53.2059,20.00116,52.16163,81.50422,69.17923,62.62575,36.56519,70.15803,50.4543,-0.1507292,-1.2803379,-1.6390125,1.2011053,-2.5187709,-1.1882582,-0.2217471,-0.5753786,-1.757306,0.7771738,-1.7465718,-0.9361991,-0.7714687,-0.4119561,-1.155214,1.2303584,0.9237224,-0.3311185,-1.0948489,0.7220949,-0.2657613,-0.0997179,-0.6418145,-0.3728093,1.2763534,2.2660435,0.4037244,-2.3710826,2.0778583,-0.1480143
Thailand,03,76.36364,98.71795,45.94595,3.22581,78.26087,93.75,0.0,85.48387,57.42843,18.36954,65.67063,54.16277,38.57218,47.43491,13.23525,31.17619,61.66066,52.37082,27.00151,60.82511,23.94123,25.16092,56.24311,85.12898,69.23437,51.24233,21.19815,60.27664,54.84588,56.91906,17.19556,54.79527,81.66457,66.76575,67.32935,38.52876,67.89191,57.04924,-0.2361758,-1.9680691,-1.2372987,1.1085923,-0.3399634,-0.7015185,-1.5330226,-2.1553265,-1.0251683,0.9305832,-1.0408904,-0.7951429,-1.132081,-1.7081719,-0.6964767,1.1052169,0.6909839,-0.1341264,-1.247979,0.4659214,-0.2854906,-0.0233783,-0.8194445,-0.3119382,1.2952103,1.9536938,0.6007845,-2.2183331,1.7134819,0.1145434
Thailand,04,80.0,91.02564,5.40541,16.12903,98.55072,87.5,0.0,87.09677,66.36513,21.20285,65.21467,63.82462,37.4768,49.24959,10.72706,32.69503,63.1193,54.22739,29.31422,65.20574,24.33129,27.79553,58.0515,85.77265,70.77161,48.42369,27.85506,62.08686,55.70728,59.71758,20.06865,57.31528,81.67111,66.94032,62.72541,43.25592,67.01329,57.77939,0.1619926,-1.5504592,-1.2666101,1.6972108,-0.527405,-0.5743235,-1.6646925,-1.903364,-0.9500122,1.0249601,-0.7315369,-0.5682741,-1.1144962,-1.3698223,-0.6130581,1.1379475,0.8198832,-0.2031607,-0.9842222,0.6060356,-0.2640596,0.0341571,-0.6375415,-0.2536935,1.2959791,1.9762873,0.4078999,-1.8505984,1.572207,0.1436123
Thailand,05,72.72727,87.17949,10.81081,18.27957,92.75362,84.375,0.0,83.87097,67.87572,18.82486,63.90111,64.85903,28.08145,49.70872,7.48881,41.00869,59.15681,58.09256,22.21687,64.17889,26.46295,32.78819,52.31057,88.83567,69.47904,43.51078,25.22328,62.12951,51.67737,59.75346,18.40583,53.47228,82.45786,67.74016,61.47318,42.0862,68.42358,60.2139,0.2292959,-1.9009581,-1.3510526,1.7602296,-2.1351486,-0.5421426,-1.8346877,-0.5241996,-1.1541779,1.2214417,-1.6808979,-0.6214538,-1.0183965,-0.7286403,-0.8778787,1.2937024,0.7114997,-0.3234882,-1.0884973,0.6093367,-0.364321,0.0348946,-0.742819,-0.3425163,1.3884997,2.0798006,0.3554372,-1.9415931,1.7989718,0.240535
Thailand,06,74.54545,93.58974,8.10811,16.12903,95.65217,85.9375,0.0,85.48387,66.52211,20.0956,53.93481,64.20068,27.08769,53.67986,8.0353,43.0721,55.09289,58.06615,21.07172,61.45852,26.36447,34.41887,45.97116,86.60839,69.4803,46.72769,24.08534,64.09111,58.62844,59.58187,19.34837,45.87378,78.99327,67.35285,66.97002,38.53275,69.35577,57.71569,0.1689868,-1.71366,-1.9917377,1.7201213,-2.3052012,-0.2637976,-1.8059993,-0.1818979,-1.3635702,1.2200991,-1.8340753,-0.7623394,-1.0228362,-0.5192196,-1.1703064,1.180445,0.7116049,-0.2446992,-1.1335843,0.7611681,-0.1913833,0.0313671,-0.6831445,-0.5181398,0.9810707,2.0296756,0.58573,-2.2180224,1.9488607,0.141076
Thailand,07,63.63636,69.23077,47.2973,4.30108,68.11594,84.375,0.0,80.64516,70.33757,19.43207,62.47688,70.13627,36.81178,53.71016,22.96622,43.80061,63.3314,59.3112,27.54425,68.07224,27.94179,32.51174,56.51326,91.44406,69.8473,41.43176,22.76539,63.62814,48.10309,61.9194,18.34976,54.50846,83.07771,67.31839,62.72986,40.36124,69.00917,59.43864,0.338982,-1.8114594,-1.4426094,2.081729,-0.6412049,-0.2616738,-1.0221858,-0.0610438,-0.9390841,1.2833899,-0.9682926,-0.4198211,-0.9517275,-0.7641426,-0.6840151,1.4263392,0.7423788,-0.3744077,-1.1858825,0.7253337,-0.4532465,0.0794246,-0.7463692,-0.3185671,1.4613925,2.0252161,0.4080865,-2.0757808,1.8931295,0.2096705
Thailand,08,69.09091,87.17949,50.0,3.22581,75.36232,90.625,0.0,83.87097,65.08574,19.51017,63.51801,62.55261,28.91538,45.6258,22.37367,43.97598,66.35381,56.24835,22.93785,62.78478,26.78962,33.52812,59.13567,88.76807,70.54714,47.75795,27.54227,63.35581,55.00477,56.50393,18.69418,55.52853,88.38191,65.65686,58.45116,51.97433,70.37212,59.64308,0.1049905,-1.7999482,-1.3756805,1.619718,-1.992445,-0.8283224,-1.0532925,-0.0319521,-0.7833556,1.1276934,-1.5844573,-0.6936537,-1.0036696,-0.6336147,-0.5630471,1.2902651,0.8010608,-0.219466,-0.9966155,0.7042548,-0.2815377,-0.0319129,-0.724563,-0.2949904,2.0851566,1.8101831,0.2288278,-1.1723769,2.1122828,0.2178095
Thailand,09,67.27273,8.97436,43.24324,5.37634,71.01449,89.0625,0.0,80.64516,39.43734,23.22641,64.61739,28.5925,36.68452,44.88309,26.2123,41.99998,57.94146,35.73432,27.57908,61.73439,29.91748,37.59022,57.10065,89.9663,67.98078,49.69274,52.4586,68.25872,71.45612,36.86461,21.37646,58.28513,90.5349,63.11301,59.74551,71.17044,71.25164,72.72624,-1.0377559,-1.2522,-1.3050065,-0.4491979,-0.6629819,-0.8803798,-0.8517797,-0.3597539,-1.2167984,0.0848853,-0.9636335,-0.7480519,-0.8626596,-0.1119388,-0.6569195,1.3511951,0.5858688,-0.1720791,-0.0093941,1.0837486,0.1277601,-0.4356815,-0.5547407,-0.2312773,2.3383435,1.4809633,0.2830554,0.3209243,2.2537028,0.7386764
Thailand,10,49.09091,12.82051,97.2973,95.69892,46.37681,12.5,0.0,70.96774,60.96257,20.90746,72.71441,49.98327,37.7359,48.92749,21.39141,42.47307,66.39762,56.50697,28.7905,67.67431,26.43352,32.60736,62.64055,78.96064,59.20771,23.61531,29.19641,48.2132,36.17347,59.00958,19.91673,64.53017,73.99444,58.56328,26.25017,59.67364,62.77456,33.59744,-0.0787143,-1.5939968,-0.7844882,0.8539695,-0.4830681,-0.5969004,-1.104857,-0.2812725,-0.7810983,1.1408402,-0.8015902,-0.4404296,-1.0197233,-0.7518635,-0.4013719,0.7915564,-0.1497612,-0.8107698,-0.9310759,-0.4678101,-0.7500468,0.0196011,-0.6471602,-0.0869363,0.3932182,0.8921444,-1.1202491,-0.5734332,0.8906494,-0.8191201
Thailand,11,40.0,2.5641,60.81081,18.27957,21.73913,65.625,0.0,72.58065,69.96281,22.06781,100.0,47.88746,27.06284,61.14321,24.92776,45.39343,97.37778,50.15678,21.31212,80.1295,35.09915,35.26612,100.0,84.12065,62.07999,0.0,14.89335,55.52548,9.43792,64.42272,18.81748,100.0,82.22035,68.90072,0.0,57.94914,67.47247,0.0,0.322285,-1.4229691,0.9695698,0.7262884,-2.3094539,0.2593227,-0.9192127,0.2031914,0.8151426,0.818035,-1.8019198,0.204613,-0.6290595,-0.410412,1.3219642,1.0539435,0.0910823,-1.3891579,-1.4977844,0.0981731,-1.4152083,0.130891,-0.7167565,0.7328746,1.360569,2.2299984,-2.2200133,-0.7075854,1.6460398,-2.1567023
Thailand,12,47.27273,8.97436,56.75676,7.52688,39.13043,78.125,0.0,77.41935,68.80633,25.41945,58.80368,61.96163,42.49907,45.11471,38.11692,39.93107,48.69858,53.13799,33.09809,56.47049,32.4967,32.8204,43.72133,63.1914,70.27761,42.55579,38.90596,58.71633,82.87763,59.00918,22.93781,48.11009,77.90408,59.54486,63.73892,54.22018,62.49666,83.88206,0.2707589,-0.9289611,-1.6787415,1.5837143,0.3320116,-0.8641456,-0.2268348,-0.7029678,-1.6930342,0.9695818,-0.2253962,-1.0206646,-0.7463832,-0.7245037,-1.274088,-0.0103103,0.7784605,-0.3468778,-0.5463694,0.345151,0.4119191,0.0195929,-0.4558876,-0.466452,0.8529832,1.0191787,0.4503613,-0.9976682,0.8459654,1.1828123
Thailand,13,47.27273,60.25641,89.18919,92.47312,39.13043,9.375,0.0,72.58065,59.72982,18.02113,69.04259,50.40013,38.6115,53.27309,24.35583,43.37363,69.85241,51.66717,27.46424,68.99793,28.32608,32.46074,63.99477,82.43003,71.85383,39.43832,43.9133,66.40379,55.80924,56.3846,17.69303,60.47563,77.78239,68.33358,60.25578,60.76148,71.18731,58.18057,-0.1336388,-2.0194219,-1.0205321,0.8793653,-0.333235,-0.292309,-0.949237,-0.1318772,-0.6030916,0.8948142,-0.978995,-0.3718806,-0.934403,-0.7706932,-0.3389041,0.9679751,0.9106284,-0.4232311,-0.3479714,0.9401742,-0.2615229,-0.0343664,-0.7879486,-0.1806485,0.8386737,2.1566005,0.3044334,-0.4888077,2.243359,0.1595839
Thailand,14,63.63636,62.82051,91.89189,89.24731,59.42029,21.875,0.0,77.41935,66.09187,18.21964,67.14217,52.32168,40.08022,52.61594,22.23352,43.04345,70.77413,53.36166,28.39522,67.74382,25.98261,31.58303,63.59871,86.84091,72.50194,68.17837,28.58191,65.45168,45.11955,60.47982,17.57593,58.03908,88.25675,65.89527,80.24017,53.76436,71.67475,55.66674,0.1498179,-1.9901636,-1.1427007,0.9964297,-0.0819053,-0.33837,-1.0606494,-0.1866511,-0.5556005,0.9809515,-0.8544645,-0.4368297,-1.0400512,-0.883413,-0.3571736,1.192269,0.9649726,0.2806725,-0.9554236,0.866479,-0.5274747,0.0498281,-0.7953626,-0.2369642,2.070438,1.8410383,1.1416898,-1.0331274,2.3217368,0.0595035
Thailand,15,65.45455,17.94872,70.27027,13.97849,47.82609,79.6875,0.0,80.64516,67.50675,18.37982,64.13944,45.74924,34.80873,43.64867,41.35332,42.12782,62.29211,56.93941,25.64633,59.8969,38.5415,31.94655,55.26903,88.00671,70.49582,35.0847,19.63137,63.47797,52.40159,60.7734,16.81531,55.47969,81.27799,69.19067,59.76367,33.08003,69.22616,50.359,0.2128571,-1.9665533,-1.3357314,0.5960237,-0.9839693,-0.9669028,-0.0569367,-0.338546,-0.9926332,1.1628225,-1.2221629,-0.843214,-0.4738715,-0.8367271,-0.7414096,1.2515498,0.7967575,-0.5298604,-1.3100568,0.7137101,-0.3463028,0.0558638,-0.8435196,-0.2961193,1.2497487,2.2675236,0.2838161,-2.6421997,1.9280207,-0.1518086
Thailand,16,70.90909,94.87179,47.2973,3.22581,72.46377,92.1875,0.0,83.87097,63.29294,20.21858,64.61209,47.16543,36.97101,43.80779,9.75095,34.87201,67.24389,51.54867,27.94977,62.578,25.31134,28.59405,62.3357,87.12482,68.92118,39.62084,22.61796,61.20344,52.42525,58.69905,18.14354,58.60513,80.19534,66.29665,61.80751,40.62246,68.50801,51.2604,0.0251136,-1.6955336,-1.3053472,0.6823007,-0.613957,-0.9557499,-1.7159346,-1.5422224,-0.7374944,0.8887902,-0.9140495,-0.7043622,-1.0703138,-1.2672719,-0.4154345,1.2067056,0.6647224,-0.4187608,-1.191724,0.5376579,-0.3457142,0.0132169,-0.7594258,-0.2238813,1.1224309,1.8929846,0.3694438,-2.0554603,1.8125463,-0.115922
Thailand,17,52.72727,62.82051,94.59459,94.62366,55.07246,12.5,0.0,74.19355,60.79877,19.25843,67.27137,53.01336,39.44903,52.24694,24.87545,43.19744,70.90297,53.41708,28.89569,67.7087,31.00371,32.68716,64.96312,88.1961,69.16462,40.318,24.07716,60.28479,48.69845,59.35003,19.21489,59.59589,82.73684,66.44331,60.26112,44.92558,68.2587,53.32791,-0.0860123,-1.8370533,-1.1343948,1.0385683,-0.1899162,-0.364234,-0.9219591,-0.1611054,-0.5489618,0.9837686,-0.7875205,-0.4386483,-0.8136902,-0.7416148,-0.2942354,1.2611805,0.6851352,-0.4016859,-1.1339082,0.4665527,-0.4384344,0.0266007,-0.6915953,-0.200982,1.4213073,1.9119648,0.3046572,-1.7207125,1.7724606,-0.0336104
Thailand,18,85.45455,97.4359,6.75676,13.97849,94.2029,93.75,81.13208,88.70968,61.65958,17.05528,83.66443,18.46989,26.81584,57.3691,75.91109,34.02241,80.56783,16.98663,21.33305,68.611,77.43368,27.31759,72.08112,62.90356,78.67553,54.75259,28.62617,51.0848,72.90477,62.03723,16.82228,63.93912,69.61335,74.1232,64.10275,48.75527,64.10426,69.62652,-0.0476598,-2.1617821,-0.0805647,-1.0658869,-2.3517216,-0.0052118,1.7572075,-1.6831639,-0.0509835,-0.8681332,-1.7991198,-0.3919192,1.2794662,-1.4312013,0.0341074,-0.024947,1.482634,-0.0481528,-0.95367,-0.2455431,0.1638015,0.0818473,-0.8430783,-0.1005973,-0.1219895,2.9058837,0.4656042,-1.4227935,1.1044562,0.6152706
Thailand,19,83.63636,53.84615,55.40541,3.22581,66.66667,95.3125,83.01887,88.70968,57.03999,20.13011,70.01473,49.6109,39.71694,52.98979,20.67548,31.83756,70.39272,50.96238,28.75917,67.85422,28.85221,26.79618,64.91628,84.53951,70.56925,37.93121,28.9295,60.83932,65.87617,56.57673,18.75451,62.64143,86.35453,66.35469,43.00797,56.5678,67.11634,70.05914,-0.2534823,-1.7085733,-0.9580378,0.8312838,-0.1440704,-0.3121658,-1.1424404,-2.0456108,-0.5752521,0.8589868,-0.8057818,-0.431112,-0.910684,-1.4981633,-0.2963958,1.0752423,0.8029151,-0.4601435,-0.9416514,0.5094744,-0.0110649,-0.0304162,-0.7207435,-0.1305905,1.8467406,1.9004962,-0.4181725,-0.8150425,1.5887761,0.632494
Thailand,20,74.54545,56.41026,6.75676,16.12903,92.75362,89.0625,0.0,85.48387,55.08939,19.92138,69.54137,56.32043,28.22998,46.44287,8.04924,35.27725,70.30431,54.06642,22.56451,63.12695,24.05671,27.67953,65.07908,85.55078,68.20606,34.92335,28.73251,59.55052,52.55816,57.24713,18.62189,60.45171,85.87009,63.57972,52.27342,54.96653,67.22246,58.39075,-0.34039,-1.7393392,-0.9884678,1.2400415,-2.1097322,-0.7710522,-1.8052671,-1.4749965,-0.5798077,1.0167771,-1.6343957,-0.6759326,-1.1268749,-1.38472,-0.2888864,1.1266656,0.6047591,-0.5338121,-0.9494565,0.4097185,-0.3424074,-0.0166334,-0.7291401,-0.1812013,1.7897708,1.541363,-0.0299915,-0.9396078,1.6058398,0.1679518
Thailand,21,56.36364,2.5641,47.2973,5.37634,31.88406,85.9375,0.0,83.87097,59.91461,23.36494,53.80897,40.92872,38.29018,45.69476,38.97161,49.85954,55.24615,53.44139,30.08818,55.7356,43.22728,39.1059,44.45647,80.17099,62.49131,18.04871,37.12843,61.33181,33.56097,58.2041,22.32738,45.12831,74.16499,63.08293,47.60457,64.12304,68.08207,46.34853,-0.1254056,-1.2317807,-1.9998275,0.3023486,-0.3882197,-0.8234886,-0.1819671,0.9440804,-1.3556733,0.9850044,-0.628009,-1.0587237,-0.2626268,0.0827122,-1.2401768,0.8531028,0.1255721,-0.9471074,-0.6167979,0.5475937,-0.8150441,0.0030412,-0.4945354,-0.5353698,0.4132734,1.47707,-0.2255954,-0.2273058,1.7440588,-0.3114734
Thailand,22,41.81818,0.0,13.51351,93.54839,43.47826,6.25,0.0,70.96774,66.32767,22.18512,68.72591,55.49412,39.96635,52.63184,22.24527,41.99562,69.54273,53.09613,30.08424,70.59764,34.81796,33.93236,65.63221,79.78901,62.27783,15.87123,32.81639,62.34885,47.60347,61.85873,20.51163,63.1094,80.76667,61.88087,45.50674,54.95054,68.68052,59.42579,0.160324,-1.4056784,-1.04089,1.189701,-0.1013903,-0.3372552,-1.0600327,-0.3604758,-0.6190479,0.9674539,-0.6285373,-0.289033,-0.641736,-0.5816993,-0.2633713,0.8336791,0.1076711,-1.0004383,-0.7876472,0.6263143,-0.4656767,0.0781775,-0.6094958,-0.1197745,1.1896183,1.3215013,-0.3134852,-0.9408522,1.8402857,0.2091587
Thailand,23,43.63636,0.0,13.51351,94.62366,46.37681,6.25,0.0,70.96774,67.17546,20.61806,61.05527,62.069,39.64081,47.31165,18.79341,43.51319,59.7422,53.95216,30.0877,62.37394,33.67112,34.5065,52.93983,71.09101,72.45,37.18333,42.61539,64.89759,49.49056,60.31632,19.96741,52.79414,71.62118,68.35475,58.67364,58.68393,70.94105,52.69107,0.1980963,-1.6366521,-1.5339981,1.5902553,-0.1570984,-0.7101579,-1.2412417,-0.1087246,-1.1240163,1.0109692,-0.6280735,-0.7149306,-0.6934378,-0.507966,-0.8488522,0.3913852,0.9606171,-0.4784605,-0.3993965,0.823591,-0.4187272,0.0464666,-0.6439514,-0.3581901,0.1141265,2.1593396,0.2381489,-0.6504245,2.2037625,-0.058964
Thailand,24,61.81818,5.12821,29.72973,32.25806,69.56522,87.5,0.0,80.64516,37.70674,26.20468,58.03592,17.58432,44.38642,40.99383,18.71998,48.13115,67.57738,21.39695,35.15672,50.12616,28.17135,37.95472,57.62306,87.98073,71.57054,64.33659,38.68784,61.27647,64.03208,42.53971,24.32605,46.83506,87.74992,60.74317,78.66987,60.09061,64.25682,73.76004,-1.1148615,-0.8132234,-1.7280974,-1.1198377,0.654977,-1.1529857,-1.2450962,0.6573554,-0.7203116,-0.6439395,0.0499725,-1.349231,-0.9413787,-0.0651278,-0.6328215,1.250229,0.886874,0.1865794,-0.5550118,0.5433106,-0.0569445,-0.319006,-0.3679946,-0.4959218,2.0108357,1.1742622,1.075901,-0.5409966,1.1289868,0.7798342
Thailand,25,45.45455,8.97436,83.78378,80.64516,23.18841,46.875,0.0,69.35484,78.04114,13.69485,70.52967,55.96684,37.97265,61.1582,64.0192,42.01103,62.81211,46.93298,25.88353,78.35944,63.53457,30.34207,46.20618,84.62177,73.1963,91.97705,28.67343,72.41113,37.86439,60.73486,13.4615,58.98728,81.12707,73.13344,93.77129,29.97026,72.23026,46.07749,0.6822093,-2.6570859,-0.9249348,1.2184999,-0.442555,0.2603729,1.1329308,-0.35792,-0.9658401,0.6541565,-1.1904351,0.1129431,0.6528665,-1.0427831,-1.1594651,1.0794254,1.0231956,0.8635519,-0.9517972,1.4051524,-0.7079779,0.0550715,-1.0558577,-0.2150486,1.232001,2.7777903,1.7085827,-2.8841147,2.4110577,-0.3222641
Thailand,26,50.90909,43.58974,81.08108,80.64516,39.13043,51.5625,0.0,70.96774,77.5795,12.1203,73.37191,50.41974,37.50598,69.50196,73.03277,40.071,70.79963,41.15115,24.64862,85.34652,69.69186,27.88371,52.87575,86.54605,72.51862,89.91357,26.93898,72.21078,36.74772,59.45967,11.64143,63.13237,84.3371,72.25908,91.07532,25.62186,61.3294,60.80022,0.661641,-2.8891641,-0.7422209,0.8805599,-0.5224126,0.845203,1.6061069,-0.679755,-0.5542862,0.3602438,-1.3556203,0.4747971,0.9304497,-1.3584977,-0.8518079,1.1772751,0.9663714,0.813013,-1.0205189,1.3896453,-0.73576,0.0288548,-1.1710913,-0.1192436,1.6094947,2.6646326,1.595634,-3.2223843,0.6582782,0.2638777
Thailand,27,65.45455,47.4359,68.91892,11.82796,52.17391,81.25,0.0,80.64516,65.89438,19.43161,71.47935,41.30285,35.77559,48.8261,26.05299,40.74917,76.93981,50.38854,27.22602,67.43805,25.06662,30.67251,69.57405,87.72506,70.83289,40.65437,29.27601,64.14184,55.70279,57.63968,17.96025,64.35174,88.40233,66.44998,57.38129,51.18912,70.78195,60.62918,0.1410189,-1.8115279,-0.8638842,0.3251412,-0.8185186,-0.6040073,-0.8601428,-0.5672524,-0.2379158,0.8298165,-1.0108596,-0.4526652,-1.0813461,-1.0003464,-0.08154,1.2372278,0.8250211,-0.3934475,-0.9279224,0.765095,-0.2641714,-0.0085629,-0.7710301,-0.0910605,2.0875576,1.9128286,0.1840054,-1.2334597,2.1781811,0.2570683
Thailand,28,69.09091,83.33333,47.2973,7.52688,75.36232,87.5,0.0,82.25806,62.38819,22.79395,58.71546,44.94272,35.74927,36.21007,15.99682,43.75647,65.3229,54.46514,27.81449,50.93174,30.0305,33.44499,52.17798,89.2818,70.11295,51.6676,33.16794,63.62322,69.61575,59.6902,20.28184,48.75654,89.86377,64.43399,53.53085,51.7638,69.26083,68.95272,-0.0151971,-1.3159418,-1.6844131,0.5468892,-0.8230233,-1.4882882,-1.3880514,-0.0683664,-0.8364727,1.037046,-0.9321448,-1.3075107,-0.8575645,-0.6442904,-0.8839952,1.3163882,0.7646535,-0.1237105,-0.7737182,0.7249528,0.0819732,0.0335942,-0.6240439,-0.4515107,2.2594206,1.6519215,0.022689,-1.1887545,1.9335956,0.588445
Thailand,29,72.72727,58.97436,79.72973,5.37634,53.62319,90.625,0.0,85.48387,57.74858,22.06083,65.08767,41.98384,36.34857,42.00206,21.87297,30.78612,64.62587,48.40043,28.90888,58.08603,26.42623,25.50757,57.02118,84.66095,70.26756,41.39053,32.43064,64.04425,51.76245,56.82981,19.53591,55.98211,86.80689,66.55401,54.51659,52.69363,70.94198,52.12899,-0.2219116,-1.4239976,-1.2747747,0.3666285,-0.7204702,-1.0823171,-1.079577,-2.220036,-0.8723871,0.728753,-0.7857559,-0.9369974,-1.0200522,-1.6636536,-0.6605851,1.0814177,0.7776176,-0.3754175,-0.8029311,0.7575411,-0.3622043,-0.0252131,-0.6712709,-0.2845068,1.8999364,1.9262916,0.0639872,-1.1164209,2.2039114,-0.0813416
Thailand,30,69.09091,75.64103,75.67568,19.35484,57.97101,84.375,0.0,83.87097,67.79781,17.94375,66.83978,44.53529,28.49744,60.92645,39.9152,39.02008,67.4211,55.52312,17.96723,69.94036,31.08892,31.00837,58.63578,92.4984,70.80593,44.15824,23.79573,62.27092,42.04551,60.46796,16.23875,61.08924,83.65762,69.19714,68.45603,38.11897,69.3647,50.16201,0.2258249,-2.0308272,-1.1621398,0.5220676,-2.0639632,0.2441291,-0.1324326,-0.8540927,-0.7283639,1.0908273,-2.2493414,-0.3230731,-0.8098487,-0.9572127,-0.586106,1.4799526,0.8227606,-0.3076305,-1.145059,0.6202825,-0.6039546,0.0495843,-0.8800225,-0.1664662,1.5295887,2.268361,0.6479873,-2.2502109,1.9502967,-0.1596512
Vietnam,01,52.72727,21.79487,10.81081,11.82796,59.42029,85.9375,0.0,87.09677,57.91539,20.04312,71.18284,36.29007,36.41095,42.60718,15.22204,31.20086,62.5601,40.45733,29.37039,60.50527,28.6144,26.23622,60.6389,71.84915,73.17998,54.52965,48.24238,65.47834,62.54238,60.21389,19.74057,62.64447,75.83215,66.03513,65.84997,66.47063,68.67158,64.71798,-0.2144796,-1.721395,-0.8829459,0.0197531,-0.7097948,-1.0399031,-1.4287239,-2.1512349,-0.9788252,0.3249742,-0.7240231,-0.8117068,-0.9214049,-1.5700764,-0.4937051,0.429937,1.0218271,-0.0536131,-0.1764469,0.8685426,-0.0940072,0.0443608,-0.6583133,-0.1305203,0.609329,1.8591384,0.538805,-0.0446829,1.8388473,0.4198515
Vietnam,02,45.45455,8.97436,8.10811,66.66667,63.76812,43.75,0.0,77.41935,57.03944,24.3437,56.23404,54.48221,38.85858,45.52594,16.87825,43.31972,57.16915,47.63411,29.56912,58.66889,29.21057,34.11647,50.27013,88.16626,68.1282,52.17967,45.95232,64.77368,58.69205,53.60064,21.35297,49.75074,90.63359,60.17341,53.68816,69.09569,65.82882,76.25913,-0.253507,-1.0875188,-1.8439312,1.1280536,-0.2909537,-0.8353218,-1.3417799,-0.1408201,-1.2565914,0.689798,-0.6974404,-0.9068116,-0.8945286,-0.5580552,-0.9720014,1.2596631,0.5982308,-0.111169,-0.2671826,0.8140008,-0.1898007,-0.0916022,-0.5562281,-0.428532,2.3499497,1.1005248,0.0292795,0.1595255,1.3817518,0.8793282
Vietnam,03,20.0,2.5641,33.78378,93.54839,5.7971,23.4375,0.0,61.29032,58.55371,26.62079,58.44716,39.83762,37.26472,44.69564,38.95117,40.02753,55.61743,44.93436,29.81535,57.82759,38.32057,31.90251,48.95668,71.29193,73.6498,48.42682,45.54277,64.83228,59.83716,59.07915,21.08594,49.31836,72.43661,61.60109,82.05193,65.58972,64.92339,81.6684,-0.1860395,-0.7518916,-1.7016609,0.2358766,-0.5636963,-0.8935186,-0.18304,-0.6869657,-1.3365434,0.552559,-0.6645048,-0.9503817,-0.4838312,-0.8423836,-1.0325889,0.4016021,1.0612216,-0.2030841,-0.2834095,0.818536,-0.1613111,0.0210315,-0.5731348,-0.4385255,0.2100195,1.285293,1.2175942,-0.11321,1.2361667,1.0946819
Vietnam,04,52.72727,47.4359,13.51351,7.52688,57.97101,87.5,11.32075,79.03226,62.96189,14.79284,64.93336,45.7277,36.39384,63.13547,46.64997,42.53359,64.01268,41.31958,22.99507,85.73845,40.32503,31.82793,54.48627,58.73721,83.18828,62.24566,62.19816,73.67132,59.58322,53.25783,11.8148,66.9661,61.21236,80.39077,58.12331,75.20658,79.24406,53.10135,0.010364,-2.4952499,-1.2846943,0.5947114,-0.7127235,0.3989635,0.2211159,-0.271232,-0.9039815,0.3688055,-1.5768026,0.4950951,-0.3934662,-0.8519611,-0.7775171,-0.236806,1.8610324,0.1353682,0.3765014,1.5026937,-0.1676291,-0.0986502,-1.160115,-0.030635,-1.1099301,3.7170228,0.2150924,0.6349036,3.5388268,-0.0426299
Vietnam,05,43.63636,25.64103,5.40541,78.49462,63.76812,34.375,9.43396,75.80645,58.84845,22.32904,70.12954,59.3583,36.5647,52.00921,12.96126,39.79666,81.49079,52.85686,27.48018,69.78936,28.79539,31.23826,74.90013,65.16568,73.68405,41.22443,54.73052,64.47743,71.66851,57.55176,19.31865,68.04954,68.4585,69.52564,43.34508,73.99862,68.48155,73.34261,-0.1729077,-1.3844656,-0.9506573,1.4251144,-0.6834859,-0.3808968,-1.5474059,-0.7252652,-0.0034288,0.9552908,-0.9768633,-0.3308932,-0.9132458,-0.9276899,0.1641444,0.0900818,1.0640933,-0.3794857,0.0806227,0.7910703,0.1330442,-0.0103704,-0.6850262,-0.0055934,-0.2577987,2.3108752,-0.4040491,0.5409341,1.8082933,0.7632155
Vietnam,06,23.63636,12.82051,54.05405,16.12903,20.28986,62.5,0.0,72.58065,65.94357,17.22137,63.13017,40.23141,37.91485,50.44156,42.07262,37.04092,54.25907,48.22009,28.50917,70.56672,44.2186,33.3335,49.2569,87.95999,60.57824,43.58717,78.41141,56.16515,35.4825,56.2523,16.73399,61.72388,91.8575,54.1061,54.1537,94.23416,59.90722,51.98784,0.1432106,-2.1373021,-1.4006127,0.2598669,-0.4524465,-0.4907764,-0.0191764,-1.1824184,-1.4065325,0.7195853,-0.8392221,-0.2906342,-0.2179361,-0.6586082,-1.0187399,1.249174,-0.0348404,-0.3216172,1.0188943,0.1476849,-0.7672376,-0.0370862,-0.848668,-0.151798,2.4938785,0.3153033,0.0487835,2.1150941,0.4296011,-0.0869613
Vietnam,07,47.27273,17.94872,2.7027,92.47312,72.46377,12.5,0.0,83.87097,92.85368,19.70577,30.31575,100.0,40.36288,22.4456,73.73193,46.17135,22.02066,100.0,32.49333,33.47039,81.18432,40.48236,13.48161,45.8581,57.05598,56.97098,19.57106,49.8986,41.73594,100.0,22.45853,27.02145,50.26659,30.04041,54.93187,37.63754,39.97836,41.84199,1.3421718,-1.7711177,-3.5100927,3.9010852,-0.0335364,-2.453066,1.6428099,0.332241,-3.0676037,3.3517606,-0.3062901,-2.2118171,1.4485529,0.2594842,-2.6690013,-0.8917099,-0.3301857,0.0061803,-1.3124466,-0.3373567,-0.6116567,0.8623311,-0.4862322,-0.9538719,-2.3971317,-2.7992397,0.0813854,-2.2876628,-2.7748157,-0.4908878
Vietnam,08,49.09091,21.79487,0.0,95.69892,84.05797,7.8125,0.0,90.32258,60.74742,20.50397,65.66952,61.62893,37.21947,48.28696,10.90057,40.18525,66.71899,52.46954,29.74609,65.4487,28.90286,33.46041,61.40807,67.49736,75.77872,55.18014,45.36376,66.03866,57.75349,59.2644,20.91266,61.45275,70.92381,68.97329,63.47649,63.00703,70.00118,57.96114,-0.0883002,-1.6534689,-1.2373702,1.5634454,-0.5714401,-0.6417961,-1.6555839,-0.6608014,-0.7645399,0.9356017,-0.6737692,-0.5556916,-0.9084007,-0.6423098,-0.4582245,0.2086479,1.2397338,-0.0376811,-0.290502,0.911912,-0.2131515,0.0248401,-0.5841053,-0.1580644,0.0321178,2.2393903,0.4393666,-0.3141229,2.0526388,0.1508479
Vietnam,09,21.81818,8.97436,89.18919,91.39785,2.89855,21.875,0.0,77.41935,63.23819,19.97579,73.64845,42.40838,34.90762,52.6949,40.03483,38.35904,71.18519,50.65206,27.92873,70.99093,36.22751,31.86706,66.85421,65.93408,74.80453,49.54602,48.11218,66.09974,63.13718,61.48096,19.36909,68.96772,71.15645,69.24498,56.65366,65.51815,69.46797,63.06446,0.0226742,-1.7313191,-0.7244433,0.3924922,-0.9670471,-0.3328357,-0.1261523,-0.9637532,-0.5344207,0.8432122,-0.9168633,-0.2686647,-0.5781909,-0.8469357,-0.2070022,0.1291551,1.1580471,-0.1756725,-0.1816057,0.91664,-0.079209,0.0704108,-0.6818328,0.0156284,0.059476,2.2745528,0.1535209,-0.118778,1.966902,0.3540217
Vietnam,10,27.27273,8.97436,56.75676,20.43011,20.28986,57.8125,0.0,69.35484,60.89852,22.77378,66.2151,46.44253,39.62323,52.96376,39.9348,43.95063,65.34656,48.43685,29.87569,70.47869,34.98866,35.81412,60.74027,72.60065,69.73076,43.06337,54.33596,56.72984,32.50364,56.75532,21.22786,62.00176,66.27954,58.194,60.62249,81.71811,61.63945,31.93961,-0.081568,-1.3189137,-1.2022974,0.6382607,-0.160106,-0.3139905,-0.1314035,-0.0361579,-0.8352536,0.7306041,-0.6564324,-0.2951932,-0.6340404,-0.3400353,-0.4890293,0.4681509,0.7326064,-0.3344461,0.0649898,0.1913931,-0.8413497,-0.0267446,-0.5641493,-0.1453753,-0.5140392,0.844352,0.3197971,1.141447,0.7081324,-0.8851217
Vietnam,11,30.90909,12.82051,2.7027,91.39785,43.47826,12.5,0.0,85.48387,61.11968,21.16133,63.48305,55.64095,38.03116,41.93585,14.9314,41.05338,61.91496,50.84965,30.22973,59.70587,31.44547,34.16434,58.05655,71.27768,73.18537,58.21833,50.18368,65.27732,72.52276,58.96982,21.2394,57.70426,75.89402,66.22292,68.16527,64.21386,68.85263,69.81528,-0.0717145,-1.5565786,-1.3779279,1.1986458,-0.4325435,-1.0869578,-1.4439815,-0.5167863,-1.0120655,0.8532562,-0.609075,-0.8531074,-0.7937745,-0.5519081,-0.6128253,0.4008774,1.0222789,0.0367304,-0.0995296,0.852983,0.1542975,0.0187837,-0.5634188,-0.2447029,0.616604,1.8834425,0.6358054,-0.2202411,1.8679588,0.6227855
Vietnam,12,72.72727,74.35897,54.05405,32.25806,57.97101,82.8125,86.79245,90.32258,61.90062,19.03415,72.87563,31.16232,33.29572,54.88075,34.51949,37.05296,64.73558,34.33318,28.24493,68.33403,33.32632,31.36647,65.85434,49.80852,67.68611,28.61052,46.91296,68.29497,66.4698,58.21523,18.96039,68.15339,71.20647,61.22356,55.56915,64.56804,72.58283,55.17242,-0.0369203,-1.8701096,-0.7741241,-0.2926393,-1.2428774,-0.1796249,-0.4156857,-1.1804209,-0.866734,0.0136598,-0.8745684,-0.4062633,-0.7089824,-0.9112244,-0.2531249,-0.6908305,0.5611611,-0.6884266,-0.2291203,1.0865546,0.0037041,0.00327,-0.7077086,-0.0031932,0.0653573,1.2364329,0.1080849,-0.192689,2.467749,0.0398235
Vietnam,13,54.54545,17.94872,77.02703,32.25806,37.68116,79.6875,0.0,93.54839,52.63408,18.3614,72.58568,20.80723,33.54495,62.54411,30.13767,38.13763,74.35991,24.12988,27.80114,70.3946,39.40833,30.90462,76.07042,76.67184,75.20418,50.13949,36.8407,65.57219,70.81801,53.92965,17.63568,68.36798,81.52215,69.53146,62.11528,57.58659,70.77952,74.03475,-0.4497847,-1.9692696,-0.7927636,-0.9234915,-1.200228,0.3575144,-0.6457137,-1.0004836,-0.3708444,-0.5050141,-0.9339303,-0.2995484,-0.4347931,-0.9705373,0.218128,0.6751709,1.1915577,-0.1611371,-0.6281981,0.8758067,0.1118845,-0.0848382,-0.7915796,0.0017666,1.2784618,2.3116283,0.3823381,-0.7357887,2.1777896,0.7907712
Vietnam,14,47.27273,8.97436,51.35135,3.22581,52.17391,84.375,0.0,83.87097,66.19681,18.37826,71.76449,57.42065,31.18665,45.77384,29.61333,41.03155,72.60754,54.59987,23.85479,68.63258,31.71073,31.26559,68.03501,65.15666,75.85246,57.92375,52.18876,68.15256,61.90158,59.15139,17.33946,67.1224,68.67426,71.52521,68.27271,67.52508,72.74932,54.66927,0.1544934,-1.9667839,-0.8455542,1.307069,-1.6037841,-0.8179455,-0.673239,-0.5204067,-0.4611348,1.0438947,-1.4618047,-0.3908017,-0.7818162,-0.9241797,-0.1525335,0.0896234,1.2459172,0.0295155,-0.0200857,1.0755317,-0.1099498,0.0225166,-0.8103339,-0.0270223,-0.2324255,2.5696561,0.6403068,0.037345,2.4945196,0.019792
Vietnam,15,18.18182,2.5641,97.2973,92.47312,0.0,28.125,0.0,93.54839,58.26264,21.33079,62.00743,30.92777,37.02831,49.50628,41.91598,41.12481,65.84701,38.2446,31.01227,62.54918,38.61561,34.85205,57.97198,68.84711,71.42149,36.76775,46.70116,63.70292,67.6471,54.1613,20.46082,55.5601,73.34167,62.39914,70.1072,61.78917,66.24824,82.82012,-0.1990079,-1.5316019,-1.4727884,-0.3069286,-0.6041526,-0.556332,-0.0273995,-0.5049364,-0.8094681,0.2124923,-0.5044011,-0.7058551,-0.4705305,-0.4635888,-0.6167264,0.2772832,0.8743756,-0.488639,-0.2375123,0.7311221,0.0329946,-0.0800755,-0.6127126,-0.2942607,0.3164532,1.3885749,0.7171639,-0.4088621,1.4491916,1.1405343
Vietnam,16,45.45455,16.66667,2.7027,87.09677,75.36232,23.4375,0.0,87.09677,60.96269,21.10768,61.70917,62.46964,37.69897,47.64199,19.09438,40.77467,59.09544,53.31511,29.68055,63.08473,30.48631,33.44113,54.7726,86.79412,69.21219,41.85503,42.84308,63.12019,55.17367,58.82905,21.38976,57.20846,87.39586,65.44829,48.1909,64.39192,67.39472,68.992,-0.0787092,-1.5644857,-1.4919618,1.6146629,-0.4893881,-0.6870033,-1.2254418,-0.5630211,-1.1573401,0.9785853,-0.6825356,-0.6781194,-0.8370154,-0.6447864,-0.7643091,1.1898896,0.6891241,-0.3640408,-0.3903751,0.6860172,-0.2773356,0.0158897,-0.5538989,-0.2561623,1.9691988,1.7831913,-0.201031,-0.2063891,1.6335387,0.590009
Vietnam,17,50.90909,11.53846,70.27027,86.02151,56.52174,60.9375,0.0,83.87097,57.68974,18.45975,78.84738,34.16722,34.28191,57.95318,23.31123,29.76575,94.57317,38.98576,26.61816,74.34786,30.25267,22.92396,82.77549,71.79864,75.70348,52.94284,43.05339,68.38143,57.3414,59.38414,17.77385,74.17007,75.94676,70.09397,60.82829,59.02563,72.69388,49.71786,-0.2245333,-1.9547736,-0.3902298,-0.1095753,-1.0741185,0.0357276,-1.004074,-2.3893074,0.670636,0.2501684,-1.0921688,-0.094813,-0.8475486,-1.9954532,0.5274232,0.4273686,1.233425,-0.0924774,-0.3820422,1.0932468,-0.2234039,0.0273018,-0.7828314,0.1358698,0.6228064,2.3844272,0.328419,-0.6238432,2.4856043,-0.1773336
Vietnam,18,70.90909,21.79487,56.75676,7.52688,50.72464,87.5,79.24528,93.54839,69.54889,20.77361,69.94704,44.9991,38.14324,49.12602,32.46595,33.28953,62.97415,50.9768,30.73169,70.36454,38.88597,29.17664,61.58974,79.92988,71.90936,42.95291,46.12482,65.70769,48.19368,66.96476,19.49195,65.42275,78.05492,67.30349,53.69523,61.62855,70.26336,47.8979,0.3038428,-1.6137264,-0.9623889,0.5503241,-0.4133633,-0.5829849,-0.5234881,-1.8047427,-0.9574912,0.8597197,-0.5419315,-0.3011052,-0.4583419,-1.1924528,-0.4498445,0.8408425,0.9152841,-0.3371516,-0.2603479,0.8862944,-0.4509926,0.1831533,-0.6740539,-0.0663063,0.870722,2.0232881,0.029576,-0.4213567,2.0947944,-0.24979
Vietnam,19,45.45455,17.94872,91.89189,78.49462,24.63768,75.0,0.0,96.77419,84.25803,19.81178,72.50161,49.67084,32.54597,52.74343,51.69022,39.19792,82.2883,60.60231,26.11709,74.09761,50.30065,30.81424,65.17011,68.8193,80.70737,62.89105,48.75285,70.85752,56.36763,69.66021,16.38252,68.38213,74.60626,75.60724,66.53647,66.12034,74.45346,45.94026,0.9591984,-1.755493,-0.7981681,0.8349354,-1.3711746,-0.329434,0.485709,-0.8245905,0.0376627,1.349022,-1.1591939,-0.1077731,0.0562548,-0.9821439,-0.284687,0.275869,1.6530054,0.1511752,-0.1562215,1.2849004,-0.2476306,0.2385696,-0.8709206,0.0020936,0.465166,3.0979461,0.567566,-0.0719321,2.7685324,-0.3277274
Vietnam,20,54.54545,12.82051,78.37838,82.7957,52.17391,65.625,0.0,91.93548,41.23309,21.12822,66.28096,11.62997,35.23287,42.3471,33.86174,42.39774,87.59194,18.1257,27.99428,55.03759,38.88232,32.98084,77.46322,61.81212,75.20112,45.95799,49.17872,66.27094,68.33996,42.90262,19.58106,60.53502,71.26554,70.93263,57.86477,71.94911,70.53612,65.23864,-0.9577475,-1.5614589,-1.1980635,-1.482588,-0.9113896,-1.0581321,-0.450215,-0.293768,0.3109307,-0.8102301,-0.9080954,-1.0948731,-0.4585067,-0.7038985,0.2823757,-0.0804465,1.1913011,-0.2635508,-0.1393479,0.929891,0.0502323,-0.3115449,-0.6684126,-0.1792759,0.0723048,2.4929652,0.2042608,0.3814986,2.1386525,0.4405802
Vietnam,21,34.54545,2.5641,100.0,91.39785,10.14493,39.0625,9.43396,95.16129,48.78412,21.55767,68.95345,45.0317,36.1885,56.56303,34.77952,41.87074,72.81043,49.40438,26.85479,74.61985,31.74494,34.98364,69.76477,65.93654,75.40864,58.61059,52.84736,67.15274,58.6915,53.31308,19.72746,66.77053,69.66307,68.84814,63.82644,68.20348,71.0998,49.29218,-0.6213168,-1.49816,-1.0262622,0.55231,-0.747861,-0.0617107,-0.402035,-0.3811935,-0.4506806,0.7797876,-1.0605173,-0.0807268,-0.7802738,-0.4466899,-0.0727422,0.1292803,1.208702,0.0463376,0.006009,0.998144,-0.1898145,-0.0975143,-0.6591436,-0.0351551,-0.1161426,2.2231946,0.4540281,0.0901192,2.2292878,-0.1942808
Vietnam,22,63.63636,5.12821,43.24324,3.22581,47.82609,90.625,0.0,96.77419,47.21208,23.08083,64.59495,47.03184,38.43545,58.60543,20.94278,42.67204,56.96226,43.82674,28.02934,69.29682,27.20035,34.93302,58.9189,51.60461,70.53058,36.57904,45.41209,65.08803,75.84309,46.37039,21.06636,59.68869,61.94881,67.26515,46.74421,61.32755,69.6904,71.03667,-0.6913581,-1.2736567,-1.3064494,0.6741624,-0.3633596,0.0814446,-1.1284084,-0.248265,-1.2672514,0.4962543,-0.9034061,-0.3564013,-0.9851533,-0.4531904,-0.5730463,-0.5994992,0.799672,-0.4932608,-0.2885873,0.8383318,0.2369048,-0.2402504,-0.5743744,-0.1988371,-1.0233247,2.018326,-0.2616408,-0.4447726,2.0026665,0.6714115
Vietnam,23,47.27273,7.69231,56.75676,5.37634,37.68116,85.9375,0.0,95.16129,57.02132,22.91931,62.8058,57.96041,39.45635,48.324,36.95162,39.66018,56.45526,48.0378,30.26737,63.43841,34.9813,34.79617,52.31284,74.97203,72.69758,50.97609,49.60767,64.306,77.61051,52.46193,21.84407,55.19608,78.942,62.49085,71.1015,65.37896,67.47946,79.06535,-0.2543141,-1.2974648,-1.4214646,1.3399519,-0.1886622,-0.6392002,-0.2880084,-0.7479061,-1.2933743,0.7103189,-0.6040405,-0.6598024,-0.6343725,-0.4707645,-0.877774,0.5887353,0.981377,-0.1406471,-0.122352,0.7778015,0.280877,-0.1150133,-0.5251352,-0.3026744,0.9750411,1.4004437,0.7588204,-0.1296058,1.6471634,0.9910494
Vietnam,24,54.54545,8.97436,18.91892,7.52688,72.46377,87.5,0.0,93.54839,49.15413,23.76021,62.19817,31.75168,39.15226,42.06872,16.80185,45.55776,63.1051,40.41671,30.37493,54.81472,30.62011,36.48145,58.73056,75.24616,74.66267,31.07518,32.56857,57.61766,37.96953,55.13596,20.71459,53.5443,69.40019,60.24841,78.14955,39.7101,65.7069,37.5824,-0.6048312,-1.1735209,-1.4605267,-0.2567345,-0.2406993,-1.0776443,-1.3457903,0.2304514,-0.9507441,0.3229092,-0.5896536,-1.1064152,-0.8309836,-0.2543328,-0.581734,0.6026749,1.1461519,-0.628062,-0.797466,0.2601118,-0.7053622,-0.0600372,-0.5966459,-0.3408517,-0.1470567,1.1102314,1.054102,-2.1264342,1.3621484,-0.6604708
Vietnam,25,67.27273,12.82051,21.62162,26.88172,60.86957,96.875,0.0,72.58065,67.89468,32.60109,55.67683,32.26951,38.64944,58.72117,48.85109,37.13835,79.61546,26.41964,35.59764,64.58262,60.90486,35.09332,59.44117,50.89592,57.04223,48.82683,72.07112,47.75157,46.68992,60.25905,31.31784,46.99117,66.06951,32.24247,54.19814,70.55166,44.82248,41.74987,0.2301407,0.1295645,-1.8797519,-0.2251871,-0.326743,0.0895574,0.3366657,-1.1662563,-0.1000541,-0.3886165,0.1089505,-0.6005453,0.5343137,-0.4326041,-0.5489548,-0.6355364,-0.3313386,-0.1932869,0.7676827,-0.503541,-0.4884052,0.0452893,0.0746738,-0.4923136,-0.5387385,-2.5142533,0.0506456,0.272788,-1.9959155,-0.4945554
Vietnam,26,40.0,2.5641,37.83784,5.37634,36.23188,78.125,0.0,88.70968,47.60262,20.13952,69.39807,50.21178,39.28098,55.00981,27.74691,35.98806,64.60465,41.28866,29.27639,68.74063,27.17373,31.59395,65.06231,78.1457,78.4735,35.82435,39.35382,66.59948,72.69588,48.15072,19.33846,64.84235,87.07297,60.06811,59.06179,70.75955,62.60299,80.71965,-0.6739579,-1.7071866,-0.9976801,0.8678908,-0.2186722,-0.1705788,-0.7712185,-1.357079,-0.8734803,0.3672339,-0.7365968,-0.385206,-0.9863531,-0.8820107,-0.2896598,0.750117,1.4656936,-0.5117448,-0.5286247,0.9553204,0.1586045,-0.2036482,-0.6837722,-0.0797209,1.9312271,1.0868967,0.2544105,0.2889605,0.863063,1.0569105
Vietnam,27,52.72727,8.97436,5.40541,13.97849,73.91304,89.0625,0.0,93.54839,75.52706,21.06609,57.16135,72.45758,29.79533,39.65821,17.0602,38.49992,57.06837,67.79112,24.27767,55.3392,37.75523,31.85317,52.45702,64.30666,76.23945,72.7869,25.51026,59.67796,58.32152,73.21486,19.69459,52.57328,68.62528,64.91422,95.38895,30.6279,65.00573,39.03892,0.5701964,-1.5706168,-1.784319,2.2231478,-1.8418675,-1.2466018,-1.3322283,-0.9403828,-1.261784,1.7144574,-1.405239,-1.0792528,-0.5093179,-0.84872,-0.8711235,0.0464008,1.278366,0.3935451,-1.0771269,0.4195826,-0.1990192,0.3116502,-0.6612243,-0.3632949,-0.2381852,1.7140723,1.7763555,-2.8329554,1.2494051,-0.6024837
Vietnam,28,50.90909,17.94872,60.81081,37.63441,26.08696,75.0,0.0,98.3871,46.41299,21.43542,71.50888,51.15977,38.64759,51.63342,22.36506,40.572,71.03482,46.6704,29.24258,66.59517,35.14558,34.58564,71.93845,50.78754,56.59757,22.38499,30.95265,59.51039,66.75273,53.2286,20.04657,66.47742,60.49813,59.32353,36.5909,70.19733,60.7354,71.33553,-0.7269609,-1.5161792,-0.8619861,0.9256441,-0.3270589,-0.4072363,-1.0537441,-0.5966428,-0.5421683,0.6408087,-0.7411194,-0.496317,-0.6269664,-0.497802,0.0275262,-0.6410472,-0.3686236,-0.8409028,-0.8614914,0.4066125,0.0107433,-0.099251,-0.6389397,-0.0419297,-1.1939223,0.9905339,-0.6870188,0.2452242,0.5627665,0.6833095
Vietnam,29,69.09091,2.5641,10.81081,10.75269,78.26087,96.875,0.0,96.77419,42.53008,29.01839,60.12779,38.08902,43.98322,40.76346,6.66128,46.2272,60.51352,35.77471,35.75265,52.84118,20.56703,38.2079,53.83978,88.42244,64.18879,59.55625,43.05859,59.3719,74.67473,42.55581,27.15814,49.21307,90.09105,54.90345,63.93191,67.96643,60.51817,70.84393,-0.8999611,-0.3985014,-1.5936213,0.1293487,0.5859809,-1.1691328,-1.8781295,0.3415057,-1.0842743,0.0869381,0.1296856,-1.2086229,-1.2841968,-0.032614,-0.8073387,1.2726897,0.2679076,0.0694988,-0.3818364,0.3958934,0.2078368,-0.318675,-0.1886874,-0.4409592,2.2861482,0.4184947,0.4584467,0.0716784,0.5278376,0.6637382
Vietnam,30,72.72727,8.97436,8.10811,91.39785,75.36232,31.25,0.0,100.0,61.47969,26.42393,48.76876,61.06762,43.53916,40.05973,13.82872,47.3684,46.00878,52.36472,34.07845,48.30442,27.47079,37.6574,34.95619,72.27332,68.00401,92.25612,47.55463,58.72565,100.0,59.19869,24.97457,39.32926,74.25236,56.01398,100.0,63.09485,59.57811,100.0,-0.0556746,-0.7809077,-2.3238382,1.529249,0.5099919,-1.2184586,-1.5018676,0.5308212,-1.8316253,0.9302731,-0.0942603,-1.4435773,-0.9729614,-0.103312,-1.6784108,0.4515061,0.5878169,0.8703869,-0.2036966,0.3458723,0.8379115,0.0234892,-0.3269354,-0.6694026,0.4235487,0.5622173,1.9695379,-0.3072911,0.3766829,1.8245002
Vietnam,31,49.09091,17.94872,87.83784,94.62366,55.07246,31.25,0.0,90.32258,64.93636,18.3822,79.01373,38.0278,32.3274,54.41585,38.23221,26.33316,79.3454,41.08724,26.39941,70.52321,43.03244,20.82466,73.01462,67.81887,74.72795,47.48215,43.70483,67.2583,60.11374,63.80228,17.75367,71.74271,71.6217,69.86585,57.39192,59.66596,71.37759,54.52534,0.0983349,-1.9662033,-0.3795359,0.1256187,-1.4085774,-0.2122108,-0.2207826,-2.9587434,-0.113969,0.3569951,-1.1214297,-0.2928875,-0.2714108,-2.2650558,0.0771684,0.2249971,1.1516259,-0.2262211,-0.3562313,1.0063148,-0.1544301,0.1181353,-0.7841095,0.0797664,0.1141879,2.3549039,0.1844504,-0.5740306,2.2739545,0.0140619
Vietnam,32,74.54545,8.97436,64.86486,3.22581,46.37681,92.1875,84.90566,100.0,41.86019,25.02732,66.74296,29.72043,36.84942,45.83242,22.6429,39.44868,55.69695,36.26871,31.01234,59.02923,33.49763,34.66297,58.38046,52.99725,68.84953,43.01311,48.09457,67.87928,63.79321,48.14245,21.50523,58.45326,71.50615,61.51652,73.33525,62.21918,72.34416,52.81451,-0.9298078,-0.9867574,-1.1683637,-0.3804822,-0.6347637,-0.8138396,-1.0391588,-0.7829922,-1.3324461,0.1120504,-0.5043917,-0.8881495,-0.7012592,-0.4878708,-0.5978836,-0.5286833,0.6587147,-0.335677,-0.1823034,1.0543791,-0.0628876,-0.2038182,-0.546588,-0.2273914,0.1005993,1.2743475,0.8524044,-0.3754105,2.4293732,-0.0540499
