country,number,energy_normalized,circles_curves_normalized,axis_points_normalized,synchronous_limbs_normalized,external_body_spaces_normalized,shifting_relations_normalized,jumping_normalized,emotion_normalized,pose_nose_x,pose_nose_y,pose_nose_z,pose_left_eye_inner_x,pose_left_eye_inner_y,pose_left_eye_inner_z,pose_left_eye_x,pose_left_eye_y,pose_left_eye_z,pose_left_eye_outer_x,pose_left_eye_outer_y,pose_left_eye_outer_z,pose_right_eye_inner_x,pose_right_eye_inner_y,pose_right_eye_inner_z,pose_right_eye_x,pose_right_eye_y,pose_right_eye_z,pose_right_eye_outer_x,pose_right_eye_outer_y,pose_right_eye_outer_z,pose_left_ear_x,pose_left_ear_y,pose_left_ear_z,pose_right_ear_x,pose_right_ear_y,pose_right_ear_z,pose_mouth_left_x,pose_mouth_left_y,pose_mouth_left_z,pose_mouth_right_x,pose_mouth_right_y,pose_mouth_right_z,pose_left_shoulder_x,pose_left_shoulder_y,pose_left_shoulder_z,pose_right_shoulder_x,pose_right_shoulder_y,pose_right_shoulder_z,pose_left_elbow_x,pose_left_elbow_y,pose_left_elbow_z,pose_right_elbow_x,pose_right_elbow_y,pose_right_elbow_z,pose_left_wrist_x,pose_left_wrist_y,pose_left_wrist_z,pose_right_wrist_x,pose_right_wrist_y,pose_right_wrist_z,pose_left_pinky_x,pose_left_pinky_y,pose_left_pinky_z,pose_right_pinky_x,pose_right_pinky_y,pose_right_pinky_z,pose_left_index_x,pose_left_index_y,pose_left_index_z,pose_right_index_x,pose_right_index_y,pose_right_index_z,pose_left_thumb_x,pose_left_thumb_y,pose_left_thumb_z,pose_right_thumb_x,pose_right_thumb_y,pose_right_thumb_z,pose_left_hip_x,pose_left_hip_y,pose_left_hip_z,pose_right_hip_x,pose_right_hip_y,pose_right_hip_z,pose_left_knee_x,pose_left_knee_y,pose_left_knee_z,pose_right_knee_x,pose_right_knee_y,pose_right_knee_z,pose_left_ankle_x,pose_left_ankle_y,pose_left_ankle_z,pose_right_ankle_x,pose_right_ankle_y,pose_right_ankle_z,pose_left_heel_x,pose_left_heel_y,pose_left_heel_z,pose_right_heel_x,pose_right_heel_y,pose_right_heel_z,pose_left_foot_index_x,pose_left_foot_index_y,pose_left_foot_index_z,pose_right_foot_index_x,pose_right_foot_index_y,pose_right_foot_index_z
Brunei_Darussalam,01,10.90909,37.17949,51.35135,93.54839,20.28986,14.0625,3.77358,22.58065,0.2220341,-2.3304461,-0.7331404,0.2891531,-2.3707029,-0.7111166,0.2893825,-2.3793933,-0.669705,0.2823729,-2.377421,-0.6805289,0.2181546,-2.4266792,-0.7638847,0.2251416,-2.4196781,-0.8116184,0.2344348,-2.3744015,-0.736658,0.4558508,-2.25879,-0.4193679,0.0210635,-2.1617729,-0.4205639,0.3181435,-2.2466903,-0.5856026,0.1951517,-2.1523243,-0.6882291,0.6754884,-1.6893159,-0.1649264,-0.2526941,-2.0159742,0.0133197,0.8224494,-1.7645354,-0.5761706,-0.4465471,-1.7653635,-0.6208771,0.4517653,-2.2821404,-0.5770093,-0.0524141,-2.2318938,-0.9022959,0.2967412,-2.4362814,-0.5595154,0.1585831,-2.3786239,-1.0555617,0.2317029,-2.4789593,-0.5030345,0.282613,-2.5352213,-0.9827147,0.4271466,-2.2632936,-0.5572574,0.0064747,-2.3095856,-0.8914369,0.2787094,0.0165082,0.0936433,-0.2787094,-0.0165082,-0.0936433,0.2059287,1.4272566,-0.1398963,-0.0835136,1.2190538,-0.3149824,0.0086902,2.682702,0.2162736,-0.0963875,2.5658816,0.1753178,-0.0983452,2.7870878,0.2714114,-0.0925337,2.6712487,0.0779303,-0.0866193,3.0180157,0.1486889,-0.1244387,2.8002101,-0.1343036
Brunei_Darussalam,02,45.45455,76.92308,22.97297,19.35484,50.72464,65.625,26.41509,33.87097,-0.7637847,-2.3936707,-0.3531099,-0.6745121,-2.4446677,-0.4461722,-0.6689419,-2.4541087,-0.3980201,-0.6733,-2.44929,-0.4164164,-0.6584349,-2.5001553,-0.4093021,-0.6511302,-2.4930662,-0.4529126,-0.6347603,-2.4530115,-0.3763479,-0.3145948,-2.2902182,-0.5558027,-0.3627001,-2.1861836,-0.1233989,-0.5894205,-2.3048524,-0.3371625,-0.5984954,-2.1948775,-0.3213803,-0.1920681,-1.828598,-0.4493613,-0.2429045,-1.9366206,0.5434865,-0.6255241,-2.0260826,-0.6921812,-0.6535789,-1.5328865,0.5610894,-1.0070085,-2.2761826,-0.4447974,-1.2177679,-1.6066447,0.3615983,-1.0957484,-2.368268,-0.4098243,-1.2146174,-1.6696661,0.2415825,-1.0979026,-2.3675669,-0.4314396,-1.162292,-1.7880846,0.179316,-0.9757864,-2.2341797,-0.4540845,-1.2333277,-1.6714105,0.30424,0.0506959,0.0002422,-0.1874201,-0.0506959,-0.0002422,0.1874201,-0.2459235,1.4258862,-0.2633599,-0.3010544,1.1383725,0.0789169,-0.1447335,2.827593,0.002822,-0.3032138,2.6768697,0.419534,-0.2298089,2.9698518,0.0462253,-0.320846,2.8132574,0.3041184,-0.4213053,3.1617422,-0.0264201,-0.6430714,2.9138196,0.2115729
Brunei_Darussalam,03,36.36364,74.35897,37.83784,13.97849,43.47826,60.9375,7.54717,25.80645,0.7041037,-2.4858667,-0.0070581,0.6618949,-2.5541638,0.0228684,0.6673999,-2.562205,0.0637706,0.6689972,-2.5685079,0.0489329,0.6875878,-2.589547,-0.1393871,0.6987626,-2.5836064,-0.1896911,0.7158749,-2.526662,-0.1104751,0.3890916,-2.4850245,0.2528327,0.3025028,-2.2783709,-0.2028847,0.6547449,-2.4312687,0.1325757,0.629977,-2.2828487,-0.1108944,0.3052404,-1.8643563,0.7836091,0.4448751,-2.3862573,-0.0578905,0.8535533,-1.5462947,0.9115407,0.9014362,-2.6698274,-0.2587656,1.3075882,-1.0486079,1.0372553,0.7878658,-2.8898345,0.2181926,1.3578611,-1.0153361,1.1666792,0.8319927,-2.9904444,0.1118076,1.338776,-0.9690061,1.0527313,0.8498185,-3.0270304,0.1490538,1.3371815,-0.9494783,0.9877388,0.7605411,-2.9256798,0.2264859,-0.024328,0.0318182,0.4005957,0.024328,-0.0318182,-0.4005957,0.3489727,1.4764978,0.4810274,0.528036,1.2119421,-0.4053493,0.2239348,2.8854,0.711093,0.1304921,2.7356143,-0.0997569,0.1271778,3.0253363,0.762807,0.0938885,2.8722616,-0.2290861,0.3713577,3.1390885,0.8623977,0.3915571,2.9336997,-0.2630984
Brunei_Darussalam,04,61.81818,69.23077,50.0,23.65591,71.01449,81.25,5.66038,51.6129,0.845538,-1.6421029,-0.9057328,0.9226104,-1.6753875,-0.8475055,0.9244255,-1.6796073,-0.8184454,0.9190788,-1.686879,-0.8302912,0.858281,-1.7355489,-0.9275828,0.8696281,-1.7365316,-0.9727203,0.8735871,-1.6929872,-0.9071499,0.937765,-1.5861538,-0.4857344,0.5166322,-1.6063873,-0.6605394,0.8634987,-1.5738325,-0.7401385,0.7354041,-1.5276427,-0.870943,0.8611059,-0.9888077,-0.1695102,0.1919227,-1.7270838,-0.2540226,1.1712855,-0.5500039,-0.348463,-0.0303567,-2.0417553,-0.6186373,1.8257408,-0.1586266,-0.4561626,0.4925072,-2.1259796,-0.7796424,1.9612338,-0.1204743,-0.4325635,0.6991785,-2.1013972,-0.9283946,1.9840754,-0.1077994,-0.5443256,0.9059687,-2.1781223,-0.9155731,1.8700611,-0.0802966,-0.5109659,0.590266,-2.1340448,-0.7895103,0.2152915,0.0690593,0.0605788,-0.2152915,-0.0690593,-0.0605788,-0.0634807,1.310903,0.0369242,-0.376075,0.9980281,-0.0405593,-0.228482,2.3377167,0.4321402,-0.6764796,2.1481258,0.4059266,-0.3200866,2.4226849,0.4871356,-0.7094645,2.2369373,0.3243663,-0.3831334,2.4790811,0.3490297,-0.8371899,2.1863413,0.1398528
Brunei_Darussalam,05,52.72727,70.51282,45.94595,20.43011,63.76812,79.6875,5.66038,43.54839,-0.7860034,-2.2453709,-0.9075072,-0.7218163,-2.3410338,-0.9472163,-0.7158789,-2.3410241,-0.9044164,-0.7210074,-2.3352029,-0.9129692,-0.7658996,-2.3562669,-0.9319359,-0.7600505,-2.3507433,-0.9813764,-0.7427218,-2.3086745,-0.9033182,-0.2895509,-2.3201724,-0.8445695,-0.6234663,-2.0925273,-0.4831428,-0.5605877,-2.2048382,-0.8039797,-0.6400019,-2.0519647,-0.8202148,0.2251636,-1.9245728,-0.4461836,-0.6207009,-1.7969042,0.0717103,0.2435005,-2.6022205,-0.8192977,-1.1414996,-0.891741,-0.1053005,-0.4122508,-2.6934044,-0.4867088,-1.9907457,-0.6024523,-0.4643723,-0.5844756,-2.6761499,-0.4522064,-2.0700829,-0.6207555,-0.5898087,-0.6750733,-2.6319825,-0.4320566,-2.0334594,-0.7027872,-0.6603826,-0.4427662,-2.5960586,-0.4802894,-2.0210225,-0.6172223,-0.528419,0.2823029,0.043801,0.0726129,-0.2823029,-0.043801,-0.0726129,0.362934,1.6199888,-0.1493281,-0.2253887,1.2943231,-0.0915425,0.545309,2.9534472,0.2630563,-0.318105,2.7958427,0.3109862,0.4953458,3.0789612,0.3127654,-0.3096429,2.9183708,0.1935158,0.7135221,3.2212686,0.0701332,-0.1457967,3.0568625,-0.1617433
Brunei_Darussalam,06,25.45455,62.82051,52.7027,15.05376,34.78261,67.1875,3.77358,41.93548,0.1732112,-1.858433,-0.9972095,0.2211946,-1.9492199,-0.9855653,0.2292672,-1.9498129,-0.9423006,0.2276601,-1.9523053,-0.9555529,0.1583631,-2.0056055,-1.0573915,0.1665713,-1.9943559,-1.1061042,0.1867581,-1.9491571,-1.0281255,0.3455526,-2.0284943,-0.5932792,-0.0977236,-1.8936593,-0.7085327,0.2588716,-1.8686144,-0.7923662,0.1512922,-1.7419442,-0.9285504,0.5720823,-1.5803953,-0.0305975,-0.3925921,-1.8417422,-0.0637801,0.9500088,-0.8046362,0.0732958,-0.441609,-0.6794091,-0.2689631,1.0390204,-0.0558865,0.1731474,-0.4423892,-0.0744431,-0.4819294,1.0327674,0.0817394,0.1931486,-0.338163,0.0113256,-0.6389659,0.905593,0.0930591,0.1256232,-0.244182,-0.1275297,-0.6923339,1.0248192,0.0429465,0.151995,-0.39785,-0.0973393,-0.535816,0.2952614,0.0010594,0.2089932,-0.2952614,-0.0010594,-0.2089932,0.449787,1.4478031,-0.14353,0.1638314,1.2364447,-0.526907,0.2863391,2.7890562,0.1367431,0.0599726,2.7326275,-0.0246537,0.1760645,2.9302874,0.1787771,0.0472263,2.8615902,-0.1371658,0.1873496,3.1828784,-0.0121012,0.19174,2.9982027,-0.4026611
Brunei_Darussalam,07,43.63636,61.53846,43.24324,13.97849,43.47826,71.875,15.09434,45.16129,-0.4363999,-2.0856992,-0.7188866,-0.3208728,-2.158974,-0.7828121,-0.3117835,-2.158775,-0.736079,-0.3118239,-2.1576567,-0.7502749,-0.3323822,-2.2155438,-0.7397698,-0.3285454,-2.209078,-0.7841049,-0.3141868,-2.1663141,-0.7126936,0.0592075,-2.0780055,-0.7530202,-0.1488401,-2.0299506,-0.3677095,-0.2663053,-2.0310063,-0.6553171,-0.3219836,-1.939867,-0.6404144,0.1185798,-1.575028,-0.5826161,-0.1016727,-1.8293744,0.3590828,-0.296826,-0.9501452,-0.7724154,-0.5004253,-0.9336911,0.3327937,-0.8993669,-0.3505297,-0.5373274,-1.107476,-0.4586372,0.1519875,-1.0383307,-0.2433122,-0.5197309,-1.1510603,-0.3912402,0.0639142,-1.1485035,-0.2067743,-0.5254214,-1.1036759,-0.4514486,-0.0085582,-0.9412818,-0.2527347,-0.5299244,-1.1205597,-0.4637299,0.0823754,0.0913361,0.0122371,-0.1597677,-0.0913361,-0.0122371,0.1597677,-0.1886943,1.3731845,-0.1516871,-0.0132496,1.1380044,0.1643082,-0.0876769,2.5649328,0.1941436,0.0223044,2.4775044,0.534975,-0.1462684,2.6932182,0.2448944,0.0194726,2.5930026,0.4325769,-0.2594016,2.8626556,0.1694218,-0.1506243,2.7592692,0.3313231
Indonesia,01,40.0,24.35897,48.64865,30.10753,42.02899,53.125,0.0,67.74194,0.0784223,-1.5347082,-1.5886442,0.1142844,-1.6446922,-1.5266353,0.1256425,-1.6322076,-1.4997454,0.1158579,-1.6380187,-1.5139553,0.0449717,-1.6348638,-1.6179283,0.056708,-1.6402195,-1.6630469,0.0763246,-1.6074055,-1.5901029,0.1881934,-1.6113461,-1.1259462,-0.2509548,-1.4091777,-1.2956211,0.1547144,-1.5075223,-1.3974863,0.0559582,-1.3888308,-1.542377,0.4349772,-1.1992758,-0.6347676,-0.5633216,-1.2575796,-0.6343529,1.0086738,-0.8164832,-0.7368273,-1.0189477,-0.5274759,-0.7348693,1.5790396,-0.248205,-0.8034247,-0.8965633,0.091645,-0.9427837,1.7075884,-0.1345876,-0.8518402,-0.7619391,0.2392398,-1.1118262,1.6003052,-0.074226,-0.9517469,-0.5322581,0.12393,-1.1844828,1.5751491,-0.125565,-0.8655283,-0.7841181,0.1114145,-1.00361,0.2860012,-0.0545832,0.1241794,-0.2860012,0.0545832,-0.1241794,1.4700816,0.2617538,-0.483974,-0.8218345,0.5588149,-0.4892313,1.9220096,1.4330475,-0.0747327,-1.5136499,1.6644127,-0.1287304,1.9214647,1.5440957,-0.0094819,-1.6053394,1.7485421,-0.2103919,2.2525015,1.4842754,0.0033126,-1.8149474,1.7321905,-0.2582868
Indonesia,02,30.90909,16.66667,85.13514,93.54839,27.53623,20.3125,0.0,74.19355,-0.1081273,-1.3187285,-1.2315377,-0.0596445,-1.4148204,-1.213565,-0.055039,-1.4111545,-1.1816653,-0.0615614,-1.412229,-1.1929744,-0.161021,-1.4324887,-1.2410348,-0.1534877,-1.430364,-1.2871864,-0.1526459,-1.3972023,-1.2210461,0.2216695,-1.4798775,-0.8605342,-0.3825802,-1.331659,-0.8101907,0.0432782,-1.2976158,-1.0716078,-0.1278756,-1.2020054,-1.134876,0.5727334,-1.126612,-0.4602817,-0.4094384,-1.2337907,-0.3058427,0.8453664,-0.8291686,-0.8905153,-0.7540294,-0.7211574,-0.801448,0.2861202,-1.0564142,-1.0748642,-0.2891542,-1.0794261,-1.1816581,0.0889056,-1.157433,-1.0627084,-0.0365097,-1.1984893,-1.325565,0.0269337,-1.2655868,-0.9826867,0.1174902,-1.4135083,-1.2478713,0.2343536,-1.0650332,-1.0394024,-0.2139033,-1.1780244,-1.1722194,0.2743264,0.0468593,0.0552083,-0.2743264,-0.0468593,-0.0552083,-0.1662641,1.0293652,-0.0571133,-0.5942637,0.764746,-0.2216436,-0.3397748,1.528852,0.4900196,-1.062701,1.4642079,0.3056747,-0.4153791,1.5640543,0.559653,-1.1129765,1.5122278,0.2509088,-0.4548046,1.7161468,0.5581416,-1.2631098,1.5393429,0.1693542
Indonesia,03,52.72727,23.07692,32.43243,61.29032,50.72464,42.1875,0.0,77.41935,-0.0015717,-1.5750791,-1.4358943,0.0546123,-1.6520765,-1.40897,0.0637399,-1.6463384,-1.3836243,0.0565233,-1.6485264,-1.3915041,-0.0197854,-1.6852596,-1.4475246,-0.0162738,-1.6786709,-1.48155,0.0001295,-1.644815,-1.4149427,0.3055853,-1.6542158,-1.0408012,-0.1840748,-1.5216005,-1.0105222,0.1359243,-1.5546804,-1.2605475,0.0076394,-1.4608525,-1.3284222,0.5829378,-1.323228,-0.5037115,-0.3909673,-1.3938328,-0.2880178,1.2446796,-1.1675287,-0.3377238,-0.679216,-0.667955,-0.2206432,1.7157556,-0.7546031,-0.1474883,-0.3377186,-0.3586435,-0.4576092,1.7933963,-0.7134159,-0.1354593,-0.1169279,-0.3102871,-0.6052166,1.7064461,-0.6465018,-0.2073752,0.0549875,-0.4836158,-0.6336383,1.7234399,-0.6523392,-0.1725126,-0.2325821,-0.4021658,-0.4966185,0.2989287,0.0166357,0.0756741,-0.2989287,-0.0166357,-0.0756741,1.0040769,0.7971935,-0.4372134,-0.8779486,0.6960287,-0.2094381,1.0310749,1.847232,0.2117944,-1.5473209,1.8173456,0.0749939,0.9776794,1.9478865,0.2893243,-1.6285888,1.9091778,-0.0110381,1.2183955,1.9910299,0.2463608,-1.8602988,1.8641443,-0.1669565
Indonesia,04,43.63636,17.94872,77.02703,78.49462,26.08696,37.5,0.0,75.80645,0.0380793,-1.5131902,-0.9202275,0.0898858,-1.5828541,-0.8943245,0.1077811,-1.579697,-0.8685934,0.0963039,-1.5820781,-0.8746158,0.0266703,-1.6013873,-0.9527038,0.0374551,-1.6015142,-0.996012,0.0458409,-1.573958,-0.9241994,0.2761668,-1.5837282,-0.5061515,-0.2072399,-1.4970769,-0.5646765,0.1439308,-1.4905313,-0.7450951,0.009232,-1.3929339,-0.8581589,0.4884568,-1.1707719,0.0579121,-0.4831499,-1.3623718,-0.080904,0.561251,-0.6257438,-0.0839633,-0.6322147,-0.4763764,-0.4033403,0.5769396,-0.6971277,-0.3617051,-0.0314662,-0.941437,-0.6927814,0.5350802,-0.7582643,-0.4024825,0.266624,-1.0835016,-0.8457763,0.5408885,-0.8259104,-0.4108736,0.348779,-1.355148,-0.8333769,0.5742423,-0.6769586,-0.3836066,0.0385671,-1.0653744,-0.7010124,0.2861638,-0.0392162,0.212713,-0.2861638,0.0392162,-0.212713,1.4584708,0.7204934,-0.3019268,0.0460009,0.8065223,-0.5617137,1.6682677,2.0519557,0.0992441,-0.9336998,2.0203765,-0.24815,1.6245241,2.1760391,0.1589734,-1.0528249,2.1245004,-0.3283511,1.9368911,2.2818817,0.0995008,-1.0955658,2.2413127,-0.4877973
Indonesia,05,63.63636,64.10256,10.81081,12.90323,79.71014,81.25,0.0,82.25806,1.1967903,-3.4812204,-0.6660998,1.1480715,-3.5570764,-0.6450519,1.1614047,-3.5601476,-0.5810275,1.1564451,-3.5631619,-0.6124085,1.1471906,-3.627308,-0.8079151,1.1600627,-3.6029899,-0.880128,1.1641834,-3.5419684,-0.756304,1.112046,-3.3677846,-0.2809344,0.759156,-3.2107,-0.5913443,1.3036165,-3.3771216,-0.4554021,1.1601321,-3.1957704,-0.7152452,1.1367696,-2.4321222,0.5218662,0.9470687,-3.1675882,-0.1285978,0.9940465,-1.7878635,0.7735668,0.1490416,-2.5546082,-0.5832388,1.1915593,-1.3735667,1.1547757,0.3500641,-1.8786631,-0.7192341,1.1527844,-1.3995671,1.2322152,0.5322636,-1.7120899,-1.014763,1.1653996,-1.4628561,1.1316002,0.8838604,-1.794503,-0.9687694,1.2219996,-1.282923,1.1066068,0.4728039,-1.8780981,-0.7405933,0.0904169,0.1092239,0.3794852,-0.0904169,-0.1092239,-0.3794852,-0.8924997,2.0771282,-0.0182977,-0.6458623,1.6988939,-0.9333853,-1.2345186,3.9062359,-0.1174601,-1.2864073,3.6189772,-0.8496866,-1.3968446,4.0587113,-0.0915709,-1.3200394,3.7854654,-1.0661407,-1.3463926,4.269512,-0.1960981,-1.1529287,3.7793694,-1.2562803
Indonesia,06,58.18182,43.58974,18.91892,56.98925,71.01449,40.625,0.0,75.80645,0.0111738,-1.7463748,-0.9996981,0.0353923,-1.8101861,-0.9708342,0.0420963,-1.8095893,-0.9441946,0.0330392,-1.8107437,-0.9504679,-0.0175022,-1.8283235,-1.041499,-0.0127611,-1.8278711,-1.0781194,0.0063652,-1.7908963,-1.0128466,0.1884909,-1.7948012,-0.668521,-0.2248923,-1.6485372,-0.7149918,0.1241462,-1.7106686,-0.8437859,0.0226628,-1.6045826,-0.9471597,0.5247327,-1.3781142,-0.2197347,-0.4407194,-1.6078338,-0.0967257,1.2358199,-1.4972177,-0.3765403,-1.0588476,-1.206841,-0.1540465,1.1225254,-1.9306104,-0.4212373,-1.7277787,-0.8748662,-0.3181822,1.0377871,-2.094451,-0.4383024,-1.8023097,-0.8732126,-0.413703,0.8920393,-2.1672336,-0.4501288,-1.7448554,-0.903322,-0.4902907,1.0744063,-1.9301165,-0.4382758,-1.7445552,-0.8531271,-0.3755363,0.2956472,0.0182857,0.1306883,-0.2956472,-0.0182857,-0.1306883,1.3100084,0.6621142,-0.5128118,-0.9732333,0.499305,-0.5329465,1.0929986,1.9289979,-0.1744427,-0.8864642,1.7627315,0.0826956,1.0014786,2.032498,-0.1213,-0.8876375,1.8643057,0.017826,1.2494862,2.2027512,-0.2255498,-1.0363892,1.9894669,-0.0970318
Indonesia,07,61.81818,37.17949,16.21622,29.03226,72.46377,65.625,0.0,77.41935,0.1526644,-1.8197478,-0.0211057,0.0733951,-1.8352131,-0.1416925,0.0811806,-1.8386498,-0.0826698,0.0771527,-1.8432921,-0.1115025,0.1816829,-1.9197946,-0.2111128,0.186935,-1.8949509,-0.2767059,0.2194638,-1.8709619,-0.1709052,-0.0908563,-1.6201232,-0.2747198,0.2494391,-1.4479627,-0.3538031,0.1193551,-1.7374789,0.0064273,0.2269787,-1.5973295,-0.1665563,-0.4068329,-1.0722152,0.0267006,0.4992499,-1.492255,-0.0240979,-0.586927,-0.4920525,0.0082025,1.7629848,-0.8964419,-0.4580234,-0.4523378,-0.5556946,0.3044357,2.7036749,-1.2201878,-0.7056131,-0.5827994,-0.6516764,0.3505863,3.0673,-1.401152,-1.0053235,-0.5285925,-0.7440507,0.3576098,3.0412178,-1.7207533,-0.9738075,-0.3765868,-0.5571655,0.314158,2.7007308,-1.3755415,-0.7159706,-0.3179353,0.0293916,0.2353661,0.3179353,-0.0293916,-0.2353661,-0.619148,1.8070704,0.0658556,1.7162973,1.1240954,-0.7781609,-1.3879927,3.4938563,-0.051089,1.8125376,3.1150388,-0.2695642,-1.5996613,3.6735462,-0.0231353,1.7853555,3.2804059,-0.3946792,-1.862129,3.5601543,-0.0794609,1.8434168,3.0013112,-0.5243601
Indonesia,08,81.81818,25.64103,50.0,4.30108,56.52174,89.0625,83.01887,85.48387,-0.1875966,-1.8203504,-1.0780935,-0.1564586,-1.882204,-1.0539175,-0.1519879,-1.8843466,-1.0181894,-0.1568451,-1.8816952,-1.0279693,-0.2258937,-1.8932704,-1.075685,-0.2273878,-1.8917431,-1.1090879,-0.2140261,-1.8514998,-1.0494136,0.0496895,-1.8554584,-0.7315696,-0.4060318,-1.661987,-0.6739668,-0.0476993,-1.7889585,-0.9362884,-0.1740618,-1.6742287,-0.9917961,0.4142655,-1.4830075,-0.3803305,-0.518217,-1.4436895,-0.0212615,0.9801828,-1.1284641,-0.2255789,-0.728972,-0.6562479,-0.042069,0.6346935,-0.5575258,-0.1164717,-0.8118331,-0.3299381,-0.3863365,0.4878261,-0.4143196,-0.1157704,-0.7403608,-0.2678342,-0.53588,0.2988185,-0.4159351,-0.1549803,-0.6377539,-0.3706782,-0.5907213,0.5493716,-0.4730121,-0.1262717,-0.7749138,-0.3457456,-0.439606,0.2518234,-0.0114988,0.0020144,-0.2518234,0.0114988,-0.0020144,0.3016746,1.103841,-0.0164233,-0.0993207,0.8788248,0.1572951,0.3758469,1.9637088,0.6459786,-0.0768928,1.8120867,0.803103,0.3266983,2.0542279,0.7200138,-0.0718734,1.8913724,0.7565959,0.3247345,2.2507205,0.6326177,-0.1485922,2.0310952,0.6652754
Indonesia,09,49.09091,23.07692,2.7027,95.69892,86.95652,3.125,0.0,74.19355,-0.0803022,-1.5946454,0.1296837,-0.1038979,-1.6116452,0.0429898,-0.0964235,-1.6095536,0.075505,-0.0950673,-1.6208278,0.0629078,-0.0401023,-1.6667701,0.0125416,-0.0259496,-1.6599852,-0.0364607,-0.0061651,-1.6322914,0.0378567,-0.1424306,-1.5005698,-0.0795014,0.0707319,-1.3797825,-0.0326212,-0.0620345,-1.5510503,0.1321961,0.0055528,-1.4460796,0.0495154,-0.4092583,-0.9957171,0.1326228,0.4900036,-1.4328718,0.1176639,-0.4644461,-0.274899,0.0212676,1.2257426,-1.120977,-0.1312497,-0.3192412,0.2332259,0.1825994,1.8788791,-1.3428888,-0.1965581,-0.3753618,0.3007365,0.2373124,2.1557616,-1.4768932,-0.3723426,-0.3500181,0.3013819,0.2545351,2.1808142,-1.6523424,-0.3213693,-0.2778299,0.2997537,0.212612,1.8937922,-1.4364008,-0.190366,-0.2989688,0.0285653,0.1587738,0.2989688,-0.0285653,-0.1587738,-0.4637871,1.2529816,0.1342508,0.8829221,0.9359656,-0.3530039,-0.8507219,2.2702823,0.00759,0.7411665,2.2203414,-0.2639128,-0.9711567,2.3801758,0.0313225,0.7167538,2.3240094,-0.3768134,-1.0937477,2.1786993,0.0663662,0.8376403,2.0434606,-0.4183919
Indonesia,10,90.90909,38.46154,10.81081,13.97849,92.75362,87.5,88.67925,83.87097,0.7909386,-2.3417102,0.345746,0.6700646,-2.3842885,0.3648565,0.6804082,-2.3891306,0.4018334,0.6803352,-2.3925148,0.3820461,0.7431531,-2.4126007,0.2149591,0.7459753,-2.4054628,0.1665781,0.762464,-2.3536616,0.2501165,0.4446926,-2.2757957,0.5158988,0.4397509,-2.0412962,0.06706,0.7910616,-2.2703263,0.456026,0.762288,-2.1144789,0.2061466,0.3275541,-1.6431701,0.9779685,0.8466228,-2.0586772,0.231027,0.2488151,-1.1766642,1.2054373,1.572829,-2.1904833,0.1336207,0.4983676,-0.8393936,1.7126649,2.0440694,-2.6351612,0.5877182,0.4856193,-0.9805884,1.8615647,2.3017174,-2.8683764,0.374359,0.5280331,-0.9772816,1.7812094,2.4225903,-3.0158589,0.4932721,0.5347086,-0.7656884,1.6815043,2.0752038,-2.7490094,0.6190361,0.0115661,0.1149365,0.2074903,-0.0115661,-0.1149365,-0.2074903,-0.5370181,1.6897907,-0.0029204,-1.4094628,-0.2532755,-0.6978779,-0.4238243,3.211348,0.3355798,-2.4743236,1.0627216,-0.3391473,-0.5439772,3.3324052,0.4093526,-2.6121281,1.1699064,-0.4584896,-0.39244,3.2405653,0.4753289,-3.0005066,0.7946695,-0.4807357
Indonesia,11,70.90909,50.0,36.48649,20.43011,63.76812,71.875,52.83019,83.87097,0.4105292,-1.5992812,-1.1081331,0.4784114,-1.6563397,-1.0787175,0.4867162,-1.652635,-1.0473832,0.4815175,-1.6576301,-1.0512496,0.4020455,-1.7057214,-1.1250562,0.4077515,-1.700664,-1.1653749,0.408499,-1.6684902,-1.0942916,0.7105925,-1.5584638,-0.6871672,0.1483779,-1.549042,-0.6881968,0.5265575,-1.5149287,-0.932265,0.3635897,-1.4526669,-1.0191129,0.8411019,-0.9605727,-0.2523755,-0.0196687,-1.4084631,-0.0105733,0.8937399,-0.3265335,-0.490834,-0.1775871,-0.5966021,-0.2092388,0.9076844,-0.719827,-0.6950924,-0.1087346,-0.7662192,-0.7219681,0.8941272,-0.9152796,-0.6981405,0.0213772,-0.8500313,-0.8965476,0.9370705,-1.0280688,-0.697667,0.1229894,-1.0508813,-0.895111,0.9320709,-0.7462585,-0.6926775,-0.0710933,-0.857513,-0.7557727,0.2857415,0.1534133,0.0460156,-0.2857415,-0.1534133,-0.0460156,0.035712,1.1740058,-0.1865153,-0.758559,-0.3150828,-0.8360156,0.0029233,2.1358181,0.2955021,-0.947683,0.8124286,-0.4016228,-0.0837594,2.2080609,0.355867,-0.973295,0.8925856,-0.4719301,-0.0898517,2.3846305,0.2540463,-1.1759496,0.8834786,-0.5620707
Indonesia,12,92.72727,44.87179,10.81081,7.52688,78.26087,96.875,98.11321,91.93548,1.0350278,-1.4711259,-1.2133987,1.0501717,-1.55558,-1.2586367,1.0453948,-1.5602654,-1.2073153,1.0473602,-1.5618429,-1.2214187,0.9933785,-1.5698269,-1.2840446,0.9853127,-1.5525394,-1.3486197,0.9614048,-1.5029238,-1.2455115,1.2916089,-1.3999806,-1.0932184,0.6366539,-1.2788125,-0.8453815,1.1803677,-1.2890474,-1.0884749,0.9457488,-1.1811184,-1.1602534,1.4490088,-0.5485969,-0.7136069,0.8656969,-1.125881,-0.1422136,2.1619142,-0.6086402,-1.326958,0.9552324,-1.1399143,-0.4877599,1.6977679,-1.641762,-0.8606085,1.017814,-2.1106396,-0.6357535,1.5625116,-1.9105568,-0.8042961,1.1650273,-2.2131892,-0.8249232,1.4723568,-2.0961148,-0.682747,1.3591881,-2.2801657,-0.8404161,1.5918353,-1.6850348,-0.8229629,1.0513384,-2.1930855,-0.6818863,0.1203748,0.2348998,-0.0972764,-0.1203748,-0.2348998,0.0972764,-1.147213,0.2530615,-0.4038311,-1.6272981,-0.3211433,-0.2416625,-2.8499828,0.2351746,-0.3396372,-3.7447605,-0.0914109,-0.2454104,-3.0863881,0.1301167,-0.3194308,-3.9467294,-0.1250948,-0.4208263,-3.343563,-0.0769902,-0.6043853,-4.1224377,-0.6768381,-0.8486705
Indonesia,13,61.81818,43.58974,17.56757,12.90323,71.01449,81.25,0.0,83.87097,0.0569805,-2.1349486,-0.8927515,0.1055281,-2.2068925,-0.8759624,0.1126816,-2.2105461,-0.8447946,0.1032934,-2.2073543,-0.8535162,0.0318743,-2.2454791,-0.9399213,0.0369419,-2.2420427,-0.9846403,0.0459298,-2.2083535,-0.9021777,0.3210421,-2.1804716,-0.5385402,-0.1831913,-2.0675351,-0.5309255,0.2039813,-2.0916375,-0.7292365,0.0562434,-1.9731114,-0.8311532,0.6175363,-1.7947685,-0.1475873,-0.3541606,-1.8685766,0.0768172,1.1512933,-2.1505934,-0.4337971,-0.6705148,-1.0156127,-0.3748287,1.4151687,-2.8902212,-0.6532449,-1.0163762,-1.2917293,-1.1033465,1.4450404,-3.0865551,-0.7183062,-1.0031755,-1.3928095,-1.3305553,1.3633854,-3.1962417,-0.7674979,-0.9196512,-1.6040585,-1.3927284,1.4146791,-2.8898558,-0.6927656,-1.0086227,-1.3782136,-1.1629753,0.3439155,0.0339516,0.0874684,-0.3439155,-0.0339516,-0.0874684,1.072583,0.9498796,-0.5013038,-1.1612589,0.7117147,-0.6712011,1.3224625,2.3340492,-0.0692592,-1.8498408,2.1874005,-0.2672038,1.2654769,2.4543982,-0.0102403,-1.9232362,2.3110593,-0.3838742,1.5097213,2.5554421,-0.0922694,-2.1838741,2.3353598,-0.5449916
Indonesia,14,38.18182,20.51282,56.75676,94.62366,42.02899,3.125,0.0,74.19355,-0.7983985,-1.6236946,-1.1882379,-0.6524406,-1.6922089,-1.2326835,-0.6465193,-1.6922574,-1.1892854,-0.6557745,-1.6949399,-1.1953509,-0.7285362,-1.7962784,-1.2375281,-0.7199851,-1.7921993,-1.2870072,-0.6890188,-1.7715415,-1.2068488,-0.3097038,-1.5984272,-1.108076,-0.5826033,-1.7244629,-0.9491987,-0.6940839,-1.5562404,-1.1074813,-0.7200738,-1.5545393,-1.1603604,-0.2698437,-1.0062855,-0.7735509,-0.8850502,-1.5837042,-0.2367933,-0.6955878,-0.2444563,-0.6490405,-1.2501123,-0.8610431,-0.1914839,-0.7571976,-0.0362246,-0.2671247,-1.0590001,-0.2497974,-0.4316719,-0.8069404,0.0252579,-0.2188305,-0.9298384,-0.1707393,-0.5859107,-0.7779601,-0.0008052,-0.2674489,-0.7864115,-0.2849853,-0.6464112,-0.6977974,-0.0052075,-0.2617295,-0.9828824,-0.2524506,-0.4969531,0.0853734,-0.0217725,0.0325424,-0.0853734,0.0217725,-0.0325424,0.8720863,0.2109982,0.1940093,0.3397793,-0.0128885,0.1580625,1.590327,0.5321333,0.3870463,1.3059728,0.5442027,0.4558939,1.5827809,0.5994679,0.4185998,1.3734731,0.5709877,0.3611898,1.5704401,0.5511691,0.2863463,1.4125701,0.4489489,0.1731331
Indonesia,15,63.63636,70.51282,10.81081,7.52688,79.71014,89.0625,0.0,83.87097,0.2892164,-1.3099715,-0.936403,0.2977066,-1.4138502,-0.9677485,0.2981561,-1.4202873,-0.9324483,0.2989249,-1.4209694,-0.9511139,0.217064,-1.4236196,-1.0077211,0.2301514,-1.4160863,-1.0590136,0.2244712,-1.3773401,-0.9844864,0.5019724,-1.5777949,-0.6853181,-0.0145923,-1.3307735,-0.6521261,0.4415737,-1.3286969,-0.7775774,0.2848027,-1.1829217,-0.8669032,0.8926595,-1.2472193,-0.1974051,-0.0677453,-1.5055057,-0.0929508,0.9262506,-0.9209667,-0.5003519,-0.5941194,-1.3772348,-0.7392375,0.6646321,-0.6270598,-0.6806783,-0.0105783,-1.9086031,-1.3210742,0.5673414,-0.6112249,-0.6686463,0.2587975,-2.0230452,-1.5552178,0.5103798,-0.6409215,-0.704229,0.4622866,-2.2302198,-1.511586,0.629081,-0.561484,-0.698501,0.0741531,-1.9997501,-1.3373342,0.269056,0.1090374,0.0162118,-0.269056,-0.1090374,-0.0162118,-0.5423671,1.0496391,-0.5638765,-0.8033296,0.6873863,-0.4962908,-1.2415258,2.2077448,-0.4928874,-1.3520755,2.0274009,-0.2420822,-1.4066375,2.2861474,-0.4734736,-1.4068575,2.1325131,-0.3609239,-1.5931345,2.394866,-0.7092656,-1.5971563,2.1445747,-0.5587313
Indonesia,16,40.0,30.76923,36.48649,62.36559,34.78261,40.625,0.0,75.80645,-0.0402182,-2.010873,-0.9078353,0.0116586,-2.0945647,-0.8991464,0.0159958,-2.0967698,-0.869533,0.0092843,-2.1008068,-0.8877017,-0.068736,-2.1162407,-0.9506387,-0.057457,-2.1172658,-1.0000599,-0.0453972,-2.0783829,-0.9244385,0.2054203,-2.090959,-0.6352845,-0.2147925,-1.8524457,-0.5937505,0.0984545,-1.9872354,-0.7752984,-0.0159755,-1.8439714,-0.8586367,0.5591554,-1.6547466,-0.178231,-0.4360537,-1.6815027,-0.0841933,1.2283503,-1.6557111,-0.2985519,-0.9591878,-1.3358939,-0.6221213,1.8278673,-1.5469248,-0.4577149,-0.4499458,-1.8231936,-1.1738888,1.9211591,-1.5144773,-0.4834282,-0.1841835,-1.9171586,-1.3797351,1.8040996,-1.4874112,-0.5349033,0.0309892,-2.1289104,-1.3571129,1.8345557,-1.4602898,-0.4880792,-0.3342393,-1.9008891,-1.191145,0.3209164,-0.0218423,0.0957153,-0.3209164,0.0218423,-0.0957153,1.0863516,1.1137641,-0.1724057,-0.9912395,0.7886597,-0.4082316,1.7465419,2.3854253,0.1320969,-1.4163309,2.2878151,-0.0307483,1.7400798,2.5068077,0.174001,-1.4589171,2.4104356,-0.1439289,2.0008195,2.4357084,0.0467334,-1.7126845,2.4457167,-0.2874931
Indonesia,17,83.63636,37.17949,10.81081,67.74194,92.75362,64.0625,86.79245,83.87097,-0.2247141,-2.4489155,-1.2867836,-0.0906519,-2.500439,-1.3279222,-0.0890918,-2.5027314,-1.2816276,-0.0945123,-2.5005703,-1.2971723,-0.148498,-2.5660433,-1.3013083,-0.1446938,-2.5599834,-1.350662,-0.1265479,-2.5047473,-1.2630043,0.3825284,-2.33942,-1.1793903,-0.0489038,-2.2366432,-0.786672,0.000302,-2.3430972,-1.1768452,-0.1159544,-2.2272782,-1.1834385,0.6432216,-1.7598458,-0.6996516,-0.0588036,-2.07978,-0.0634106,0.78735,-1.7995878,-0.8233801,-0.3493661,-1.7893455,-0.1441601,0.9540918,-1.8933856,-0.5911629,-0.531248,-2.2163258,-0.5286105,0.9607884,-1.9556547,-0.5588771,-0.4296373,-2.3695075,-0.7430062,0.9322201,-1.9426972,-0.5764108,-0.253755,-2.5467382,-0.7759061,0.9768511,-1.820917,-0.5985589,-0.4773009,-2.3015085,-0.5850924,0.2976517,0.1369222,-0.0446173,-0.2976517,-0.1369222,0.0446173,-0.0790051,1.6463652,-0.4520924,-1.3879966,0.237719,-0.3157185,-0.0920556,3.2956259,-0.1648232,-2.0687421,1.6908649,0.408031,-0.1978933,3.4370683,-0.1332243,-2.1501486,1.7981731,0.3084543,-0.11272,3.4505628,-0.3945259,-2.4126911,1.6912412,0.1553532
Indonesia,18,54.54545,17.94872,16.21622,67.74194,94.2029,29.6875,0.0,75.80645,0.1771605,1.8502597,0.0264647,0.1261084,1.8842979,-0.0623479,0.1265974,1.8896396,-0.0283196,0.1247471,1.8936799,-0.0353076,0.0777712,1.917713,-0.034152,0.0714496,1.9102081,-0.0663511,0.0595816,1.8681201,-0.002439,-0.111913,1.8137471,-0.2421993,-0.1773372,1.6655491,0.1376686,0.0571265,1.7812062,0.0144898,0.0447579,1.6788192,0.032849,-0.0883742,1.5814444,-0.234734,-0.3435022,1.6842192,0.7266956,0.0678945,2.1040624,-0.4801405,-0.1453669,2.0208035,0.8554192,-0.0537049,2.6483823,-0.2270737,-0.0602782,2.6908027,0.9502512,-0.0847161,2.8699951,-0.2015136,-0.1707494,2.8953797,0.8562241,-0.1215156,2.838666,-0.178949,-0.2427848,3.0203449,0.8415369,-0.109993,2.6213363,-0.2226907,-0.0645095,2.7905214,0.9254254,0.0286013,0.0264339,-0.2272807,-0.0286013,-0.0264339,0.2272807,0.4143504,-0.8328565,-0.3545788,0.4217316,-0.6265246,0.2009215,0.4418531,-1.8590462,-0.3340246,0.3719213,-1.6333906,0.2243536,0.5328205,-1.9460069,-0.313099,0.3790705,-1.7103119,0.1096906,0.8901095,-1.9851628,-0.2843439,0.5682057,-1.7544795,0.1701581
Indonesia,19,52.72727,30.76923,58.10811,3.22581,42.02899,89.0625,0.0,91.93548,0.0066497,-1.5710514,-0.8033106,0.0701481,-1.6350775,-0.7848257,0.0756677,-1.6336253,-0.7613605,0.0689429,-1.6371474,-0.7735311,0.0033302,-1.6592446,-0.8080475,0.0128735,-1.6602381,-0.8430811,0.0216565,-1.6303263,-0.7857262,0.289768,-1.562048,-0.5540114,-0.1064218,-1.4468131,-0.4648397,0.1327574,-1.5308285,-0.7020937,0.0319672,-1.4305934,-0.7547734,0.6253058,-1.1097735,-0.1292753,-0.3625993,-1.2321286,-0.0340246,1.08356,-0.6323618,-0.0524505,-0.7060745,-0.6793906,-0.5134664,0.8756465,0.0220013,0.0483768,-0.4192165,-1.2645888,-1.0336588,0.7533178,0.15498,0.0944246,-0.2260483,-1.4551144,-1.1992661,0.6186654,0.1701188,0.0495753,-0.1531563,-1.6711505,-1.1581724,0.8080298,0.1054551,0.0346772,-0.3757137,-1.3684427,-1.0421614,0.2825701,0.004387,0.0793108,-0.2825701,-0.004387,-0.0793108,1.0136452,0.7731538,-0.3856959,-0.8964685,0.5567527,-0.454263,1.3085678,1.866669,-0.0909968,-1.3164128,1.8081246,-0.0716521,1.282161,1.9668395,-0.0518882,-1.3636474,1.9155359,-0.1562106,1.5045792,1.9567538,-0.1774847,-1.6296525,1.850698,-0.3180352
Indonesia,20,54.54545,57.69231,63.51351,19.35484,42.02899,73.4375,0.0,83.87097,-0.1625257,-1.7545208,-0.8599802,-0.116415,-1.8091992,-0.8345003,-0.1029933,-1.8115731,-0.8045889,-0.1114737,-1.8108525,-0.8133091,-0.1695189,-1.8418172,-0.915621,-0.1605887,-1.8429132,-0.9577324,-0.1323686,-1.8101053,-0.8891171,-0.0175408,-1.8181647,-0.5186663,-0.3833444,-1.6743983,-0.6280169,-0.0944035,-1.7337356,-0.68184,-0.1671505,-1.6308582,-0.8178125,0.257746,-1.4669283,-0.0988305,-0.7223788,-1.638744,0.0003403,0.7020017,-1.3368121,-0.3911255,-0.9364072,-1.1772099,-0.1329447,0.1598385,-1.5435974,-0.5134412,-1.174085,-0.8680276,-0.3101315,-0.0455037,-1.5978696,-0.5507003,-1.125874,-0.8656848,-0.4308384,-0.1867199,-1.6865727,-0.5251725,-1.0529702,-0.9676525,-0.4889529,0.0982761,-1.5363112,-0.514807,-1.1556069,-0.8800666,-0.3515374,0.2499729,-0.0112316,0.141467,-0.2499729,0.0112316,-0.141467,0.8880231,1.0051434,-0.3317905,-0.2387166,0.7976831,-0.381325,1.2184906,2.3300998,-0.0798372,-0.8574188,2.1800502,-0.2173374,1.1767716,2.4638643,-0.0427842,-0.9464952,2.3030434,-0.3423922,1.4256562,2.5709746,-0.1796264,-1.049634,2.3401156,-0.5607124
Indonesia,21,38.18182,43.58974,43.24324,24.73118,49.27536,65.625,0.0,67.74194,0.510193,-2.177606,-2.159523,0.5189628,-2.275051,-2.1555741,0.5202006,-2.2696589,-2.0955145,0.5099193,-2.2728938,-2.1149923,0.4322286,-2.2995885,-2.2405393,0.4462824,-2.2897718,-2.3147529,0.4598185,-2.2400004,-2.1960697,0.6118047,-2.3721931,-1.6531103,0.0686251,-2.0467148,-1.8341675,0.6154401,-2.1808231,-1.8942512,0.4638128,-2.0048058,-2.0866348,0.821526,-2.0083723,-0.6448002,0.0106696,-2.091739,-1.2240773,1.415345,-2.0406828,-0.3609541,0.6375055,-1.3776134,-1.8296067,1.9244036,-2.3603898,-0.3435059,1.6713685,-1.5471075,-2.2962367,1.9337443,-2.5613129,-0.3336217,2.0335276,-1.6441772,-2.6636249,1.8970907,-2.6626425,-0.4017449,2.2220925,-1.9531817,-2.6072333,1.9651265,-2.332374,-0.3809505,1.7804195,-1.6645596,-2.3221723,0.2687716,0.0123593,0.3032124,-0.2687716,-0.0123593,-0.3032124,0.0677503,1.818855,0.5164173,-0.2699311,1.5159276,-0.1082154,-0.1546368,3.2310301,1.2102118,-0.8530616,3.0957318,0.5437383,-0.2931884,3.3562497,1.3034972,-0.9124185,3.2331142,0.4373508,-0.1708676,3.5304704,1.2182802,-0.9714248,3.2979058,0.2233059
Indonesia,22,29.09091,50.0,78.37838,73.11828,27.53623,50.0,0.0,67.74194,-0.1112454,-1.4477759,-1.6361833,-0.0377311,-1.5131679,-1.6280014,-0.0314585,-1.5057038,-1.5949929,-0.0435608,-1.5123012,-1.6091806,-0.112401,-1.5348721,-1.6529609,-0.0954647,-1.5358547,-1.7096937,-0.0951973,-1.5141065,-1.6324051,0.1712364,-1.4507897,-1.3895295,-0.2282521,-1.3504305,-1.3049908,0.0033001,-1.4049705,-1.5183566,-0.0875132,-1.3169116,-1.5988728,0.4872979,-1.0475116,-1.0602824,-0.4165218,-1.2365044,-0.6763661,0.522152,-0.656606,-1.3916915,-0.7433626,-0.6733055,-0.9856985,-0.1231246,-0.5736015,-1.6002952,-0.9326141,-0.599563,-1.4982996,-0.3469072,-0.5512783,-1.640947,-0.8817899,-0.5888235,-1.697587,-0.4677866,-0.6909431,-1.6802572,-0.7577766,-0.759871,-1.7361203,-0.1997459,-0.5628746,-1.6102723,-0.8880996,-0.6523744,-1.5579114,0.2732603,0.0140265,0.0102018,-0.2732603,-0.0140265,-0.0102018,0.42468,0.7581358,0.1590107,-0.8993556,0.3440274,-0.4939827,0.6609144,1.4573133,0.8230765,-1.3854814,1.5062808,-0.3454942,0.6317789,1.5296751,0.89961,-1.4487937,1.6007837,-0.4405469,0.6884014,1.7538857,0.9135621,-1.7884312,1.6216934,-0.5594831
Indonesia,23,63.63636,43.58974,50.0,7.52688,63.76812,89.0625,0.0,91.93548,0.1641229,-2.0382669,-1.2857191,0.2279568,-2.115211,-1.3084639,0.2389874,-2.1076823,-1.2755618,0.2325957,-2.1103782,-1.2829899,0.1996688,-2.1414226,-1.3539695,0.2091151,-2.1377041,-1.3974092,0.2267354,-2.0941437,-1.3176711,0.4030333,-2.0543591,-1.1327727,0.1103557,-1.9337265,-1.0565076,0.2804316,-1.9933292,-1.1612489,0.2128858,-1.8717013,-1.2556464,0.7134011,-1.5680509,-0.6636696,-0.2068577,-1.8020535,-0.3500352,1.2431431,-0.9479424,-0.6682252,-0.5067338,-0.8610449,-0.4018064,0.9938917,-0.2687541,-0.5737874,-0.9868518,-0.5106527,-0.5747827,0.9019776,-0.1117879,-0.580341,-0.9926269,-0.4506869,-0.6892198,0.674212,-0.1367073,-0.6472045,-0.9306829,-0.5596344,-0.7940379,0.8990287,-0.1711547,-0.6064947,-0.979327,-0.5165328,-0.6510681,0.2797967,0.0123967,0.1064289,-0.2797967,-0.0123967,-0.1064289,1.000588,0.8292417,-0.5781141,-0.3825831,0.7391233,-0.4867643,1.4178365,2.20626,-0.4172159,-1.2489629,2.1392422,-0.3471347,1.3943962,2.3310467,-0.3914442,-1.3483657,2.255545,-0.4779238,1.6118144,2.4124962,-0.539775,-1.4748057,2.2910698,-0.6716234
Indonesia,24,72.72727,37.17949,43.24324,3.22581,71.01449,96.875,0.0,91.93548,-0.218434,-1.6978131,-1.2910282,-0.1823108,-1.7889132,-1.3055252,-0.1762739,-1.7867005,-1.2759918,-0.1824788,-1.793557,-1.288681,-0.2564773,-1.7807959,-1.330736,-0.2439636,-1.7809122,-1.3704634,-0.2334692,-1.744374,-1.2998684,0.0772574,-1.7947593,-1.0732843,-0.3675574,-1.5507861,-0.9324631,-0.0477745,-1.6837891,-1.1678001,-0.1531057,-1.5376615,-1.2255623,0.5636558,-1.3553396,-0.5353133,-0.4040723,-1.4963423,-0.3264581,1.0896982,-0.8276745,-0.5676348,-0.77375,-1.3081141,-0.5736888,0.969436,-0.1268381,-0.5697005,-1.019341,-1.9634097,-0.9116249,0.8894023,0.0307739,-0.5765058,-0.9770871,-2.1360641,-1.0920314,0.7148089,0.0701343,-0.6750358,-0.9158787,-2.3265524,-1.1318162,0.8847132,-0.0148509,-0.6141081,-1.0110094,-2.054881,-0.9592974,0.2817128,-0.012163,0.0498296,-0.2817128,0.012163,-0.0498296,1.2093156,0.8420926,-0.3290534,-1.0332749,0.5322862,-0.4541522,1.846261,1.9407142,-0.2421406,-1.4100066,1.8841259,-0.1113213,1.8433791,2.036113,-0.2194318,-1.4552611,1.995653,-0.2043811,2.0867379,1.9706479,-0.337644,-1.7616938,1.9574013,-0.2781706
Indonesia,25,81.81818,57.69231,2.7027,45.16129,100.0,73.4375,0.0,91.93548,0.0635297,-2.0915035,-1.0823204,0.1535086,-2.1381168,-1.0893798,0.1539115,-2.1442334,-1.0543872,0.1489774,-2.1421426,-1.064675,0.0966866,-2.1911901,-1.1230558,0.1003477,-2.1867421,-1.1696004,0.1091034,-2.1392525,-1.0976522,0.3944836,-2.0593623,-0.8826044,-0.0098659,-1.9964329,-0.7684405,0.200552,-2.0275245,-0.9601009,0.0852472,-1.9364025,-1.0232745,0.6977122,-1.585913,-0.5143692,-0.2056879,-1.8966614,-0.2188974,1.0741569,-1.6534888,-0.833289,-0.8576394,-1.7574351,-0.4434854,1.039616,-2.2263973,-0.941575,-1.5898194,-2.1508008,-0.6591861,0.985616,-2.3812051,-0.9552394,-1.6764187,-2.2690684,-0.7782541,0.9305657,-2.4970565,-0.9819388,-1.5964167,-2.3785401,-0.8327371,1.0272417,-2.2381795,-0.9703232,-1.6156867,-2.2010638,-0.7111311,0.2624841,0.038952,0.0004578,-0.2624841,-0.038952,-0.0004578,0.4241047,1.3208196,-0.0939591,-0.5721438,1.0899641,0.1336348,0.7571954,2.4608373,0.2864473,-0.9488845,2.3406536,0.574367,0.7220916,2.5639093,0.3330554,-0.9948407,2.4441959,0.4693983,0.8471842,2.6519861,0.2242171,-1.3049698,2.4266625,0.3477988
Indonesia,26,63.63636,43.58974,2.7027,83.87097,92.75362,20.3125,0.0,83.87097,-1.1809488,-0.4131008,0.4627985,-1.2385811,-0.4343173,0.5737155,-1.2588573,-0.4285681,0.5597806,-1.2749176,-0.4380255,0.5420654,-1.2724497,-0.3773206,0.4431711,-1.2925455,-0.4142564,0.4602209,-1.256455,-0.3721864,0.4790234,-1.3303077,-0.418262,0.9354171,-1.2551606,-0.0691436,0.6938513,-1.1814478,-0.3967632,0.6120385,-1.1400181,-0.3116413,0.438832,-0.9157377,-0.4039298,1.1667976,-1.5873049,0.1802803,0.7110608,-0.8802897,-1.1153273,0.9369766,-1.4271705,-0.1625911,0.0597234,-0.8095744,-1.7849907,0.8494507,-1.3344091,-0.9686268,-0.2844042,-0.8896133,-1.8568345,0.7764635,-1.4011818,-1.1370548,-0.5905348,-0.9291257,-1.8149759,0.7972749,-1.5600233,-1.2510193,-0.4797542,-0.7581261,-1.8637648,0.8477767,-1.3440621,-0.9957341,-0.3090648,0.0243628,-0.2367003,0.2129636,-0.0243628,0.2367003,-0.2129636,0.0679743,-1.4145475,-0.1341701,0.6502465,1.0134418,-0.9310707,0.6389293,-2.1628686,-0.3459398,0.9591882,2.5324691,-0.6433298,0.7626825,-2.1911044,-0.2864294,1.0214393,2.7603963,-0.7537129,0.5913418,-2.4424884,-0.4978098,0.8228761,2.9555005,-1.0183299
Indonesia,27,100.0,51.28205,2.7027,12.90323,100.0,96.875,100.0,100.0,-0.0639392,-2.0643344,-0.3875677,0.0539099,-2.0894182,-0.4789201,0.0600206,-2.0878889,-0.437869,0.0521774,-2.0906085,-0.4425805,0.042819,-2.1625207,-0.4261226,0.042602,-2.1475381,-0.468268,0.0590184,-2.119436,-0.3962394,0.4285525,-1.9192727,-0.5031208,0.2633993,-1.875882,-0.0703532,0.0941011,-1.9779824,-0.3511419,0.0410761,-1.8866764,-0.3185637,0.1953352,-1.4086588,-0.3633719,0.4268532,-1.6556128,0.577592,-0.3890189,-1.3417663,-0.3981747,-0.050472,-1.3362413,0.4776093,-0.4916559,-1.91318,0.1864543,0.1148817,-1.9951188,0.2641744,-0.5617934,-2.125382,0.2658716,0.306756,-2.1979874,0.10477,-0.5099869,-2.1279514,0.2980752,0.4448203,-2.3368418,0.1555085,-0.4381078,-1.8992765,0.2295827,0.1630476,-2.0900979,0.2581393,-0.0747397,-0.0884359,-0.1462476,0.0747397,0.0884359,0.1462476,-1.1196183,-0.1052541,0.056118,0.0495164,1.1394742,0.0911371,-1.439847,1.0497209,0.4502347,0.0196263,2.6955438,0.4064059,-1.5738826,1.1373238,0.5238462,0.0018552,2.7997918,0.3037475,-1.8202644,0.8936268,0.6308071,-0.2147422,2.6284755,0.2524232
Indonesia,28,72.72727,51.28205,43.24324,7.52688,78.26087,89.0625,0.0,91.93548,-0.204362,-1.8147273,0.394767,-0.2276672,-1.8407951,0.2795687,-0.2245199,-1.846607,0.3144616,-0.2191595,-1.8566438,0.3053388,-0.1302444,-1.8833997,0.2337379,-0.1184567,-1.8797452,0.1863927,-0.103595,-1.8469228,0.2606115,-0.3176621,-1.6525299,0.0255342,0.02398,-1.558218,0.0443027,-0.1981728,-1.7320102,0.3521964,-0.1052338,-1.641522,0.2685732,-0.4257287,-1.129787,0.145616,0.4748514,-1.5574176,0.0675927,-0.3553226,-0.5190642,-0.0227502,0.9390983,-1.5980593,-0.2619948,-0.3609459,-0.2286037,0.1547666,0.4178515,-2.0224494,-0.3440954,-0.3567609,-0.2121529,0.2243024,0.3706952,-2.1357187,-0.4606209,-0.3724463,-0.2329508,0.26179,0.357755,-2.1826278,-0.4559469,-0.3357121,-0.1841575,0.1778794,0.3425462,-2.0611814,-0.3485819,-0.2816451,0.0115401,0.1440026,0.2816451,-0.0115401,-0.1440026,-0.8275098,0.7752626,0.4886432,0.9833398,0.5932777,-0.3256397,-0.9387964,1.6454339,0.4543939,1.362653,1.8119794,-0.4674833,-1.0384334,1.7374266,0.4903712,1.3920043,1.9073482,-0.5732419,-1.1549196,1.736242,0.5726187,1.5989442,1.7748214,-0.5657876
Indonesia,29,54.54545,51.28205,50.0,7.52688,49.27536,81.25,0.0,83.87097,0.0987658,-1.5862737,-0.7562138,0.1756454,-1.6408294,-0.7228365,0.1881101,-1.6378219,-0.7006243,0.1814597,-1.6406964,-0.7117167,0.1109798,-1.6799286,-0.7567783,0.1158629,-1.6764134,-0.788321,0.1315297,-1.6469071,-0.732091,0.4045312,-1.5971166,-0.4289474,-0.0199305,-1.5499994,-0.3889386,0.2201593,-1.5556654,-0.6238527,0.1090534,-1.4787585,-0.6886431,0.6520894,-1.1574528,-0.0399421,-0.2918321,-1.4465764,0.119494,0.9481264,-0.6615889,-0.0842312,-0.7024569,-0.7873764,0.0167582,0.7753138,-0.21374,-0.2074365,-0.6584047,-0.4586679,-0.4015381,0.6831484,-0.0982736,-0.2511537,-0.5464009,-0.3732344,-0.5693231,0.5276075,-0.1383189,-0.288341,-0.3900594,-0.5083741,-0.6246644,0.7052828,-0.1527313,-0.2291758,-0.5816368,-0.4785646,-0.4511541,0.2973552,0.0362954,0.0976859,-0.2973552,-0.0362954,-0.0976859,0.8466297,0.6511926,-0.5059639,-0.7800906,0.4512488,-0.5935053,0.7930536,1.6458335,-0.0628082,-1.3034187,1.660645,-0.410163,0.7301437,1.7357122,-0.0098545,-1.3608283,1.7636275,-0.5096351,0.8994091,1.8384542,-0.078073,-1.5462702,1.7831572,-0.7006105
Indonesia,30,63.63636,37.17949,16.21622,12.90323,63.76812,81.25,0.0,83.87097,0.2371647,-1.4732936,-1.5978947,0.2764688,-1.5686678,-1.5483654,0.2838146,-1.5585488,-1.5154486,0.2792022,-1.5613999,-1.5248099,0.2158133,-1.5916142,-1.6494991,0.2226278,-1.5871173,-1.7009796,0.2399682,-1.5484532,-1.6197194,0.3383419,-1.523615,-1.1255329,-0.1063468,-1.3552121,-1.3387636,0.3053047,-1.4335767,-1.3953189,0.2087413,-1.3123077,-1.5590029,0.5192348,-1.1262479,-0.6185496,-0.4704973,-1.2543634,-0.555171,0.6021345,-0.7920654,-0.7605175,-0.9222857,-0.3756298,-0.6584572,0.4555089,-0.5522045,-0.7433907,-1.3933439,0.327009,-0.9063961,0.3698734,-0.5538603,-0.7409697,-1.4310692,0.4236515,-1.076548,0.2672798,-0.5990417,-0.8162033,-1.3175365,0.3645275,-1.1952936,0.4244068,-0.4996827,-0.7786812,-1.3821894,0.3594724,-0.9970234,0.2955688,0.0400945,0.0944789,-0.2955688,-0.0400945,-0.0944789,1.3479077,0.2358736,-0.7693688,-1.1000438,-0.1183311,-0.4891812,1.3962806,1.8157533,-0.2086361,-2.0062219,1.5679024,-0.2339624,1.3406033,1.9637004,-0.1326445,-2.1388826,1.7129158,-0.3662275,1.6742667,2.1069628,-0.2112566,-2.5166652,1.7725402,-0.5707953
Indonesia,31,54.54545,43.58974,64.86486,12.90323,42.02899,81.25,0.0,83.87097,0.1044918,-2.1585216,-0.2297468,0.1164264,-2.2608872,-0.1538872,0.1286267,-2.2585495,-0.119838,0.1220887,-2.2659906,-0.1435286,0.0429732,-2.2575866,-0.2386757,0.0536739,-2.2594764,-0.2971053,0.0727317,-2.2175821,-0.2090459,0.2328022,-2.3143052,0.2570926,-0.2716975,-2.0081833,0.1343004,0.2336305,-2.1468033,-0.0457468,0.0802936,-1.9663845,-0.1940368,0.5823673,-1.7551527,0.6822134,-0.3628541,-1.8416316,0.3674468,1.0135002,-1.3986953,0.2774406,0.185121,-0.8267263,-0.2654794,1.6137127,-1.2751401,-0.1939785,1.170274,-0.8366154,-0.8676072,1.6992576,-1.2849111,-0.3005387,1.4999716,-0.831025,-1.1612266,1.6614773,-1.3251844,-0.3439425,1.7245129,-1.1305077,-1.162887,1.6412079,-1.2105494,-0.2429719,1.2946407,-0.9302619,-0.8894894,0.3567988,0.0040824,0.2074308,-0.3567988,-0.0040824,-0.2074308,1.4423737,1.1890759,-0.3816345,-0.5980991,1.0169613,-0.6123787,2.2517106,2.7366281,-0.0021124,-1.3384263,2.6099776,-0.1004172,2.2496332,2.8880644,0.0638686,-1.4216781,2.7609788,-0.2315842,2.5768119,2.8047701,-0.1152186,-1.6680016,2.7911502,-0.5004774
Indonesia,32,52.72727,37.17949,50.0,2.15054,42.02899,81.25,0.0,83.87097,-0.0375481,-1.5315561,-1.604959,-0.0006203,-1.6141546,-1.5815947,0.0072264,-1.6069561,-1.5464296,-0.001169,-1.6113535,-1.5602329,-0.0718935,-1.6196198,-1.6383943,-0.0615954,-1.6212631,-1.6784792,-0.0495556,-1.5897426,-1.6090357,0.1508201,-1.5626875,-1.2269458,-0.2981338,-1.4056552,-1.2733966,0.0727979,-1.4985128,-1.4385091,-0.0352696,-1.3902805,-1.5433374,0.4689287,-1.1657059,-0.6864933,-0.5246324,-1.25556,-0.6174818,0.7537974,-0.8360984,-0.4760866,-0.9012006,-0.600884,-0.8064402,0.7761468,-0.2584463,-0.3985801,-1.1710429,-0.3023443,-1.188549,0.7438929,-0.1118614,-0.3852128,-1.1548041,-0.2379836,-1.359921,0.6116127,-0.0737537,-0.4836028,-1.0226696,-0.299862,-1.4382742,0.7265306,-0.151057,-0.4401305,-1.1249996,-0.2942072,-1.260042,0.3060538,-0.0147572,0.1396467,-0.3060538,0.0147572,-0.1396467,0.9174427,0.9154,-0.1484845,-0.7551886,0.6918973,-0.5575298,0.9491526,1.8950197,0.4004603,-0.9613071,1.9205028,-0.1207959,0.9002549,1.9780489,0.4671421,-0.9866622,2.0207765,-0.1900944,1.1811185,2.0033493,0.3715033,-1.1218265,2.0418024,-0.3925034
Indonesia,33,72.72727,57.69231,9.45946,12.90323,78.26087,89.0625,0.0,91.93548,-0.5509129,-2.0357184,-0.6362665,-0.5442681,-2.0519945,-0.7118059,-0.5380593,-2.0536674,-0.6698502,-0.5447565,-2.0526347,-0.6798764,-0.5172114,-2.0920967,-0.7406156,-0.5057513,-2.0927002,-0.7974657,-0.4763698,-2.0529376,-0.7140063,-0.4627744,-1.9305912,-0.7868957,-0.3925124,-1.7767831,-0.6459143,-0.4666732,-1.9863678,-0.5934736,-0.4322357,-1.8696089,-0.6680089,-0.636588,-1.4934571,-0.559272,0.2153985,-1.873431,-0.1990792,-1.2291827,-1.2039723,-0.6965888,0.9213794,-1.8706688,-0.1479751,-1.7172589,-0.8521935,-0.5769597,0.3674519,-2.372289,0.0149065,-1.8994645,-0.8749012,-0.5130941,0.3568655,-2.5520266,-0.0131335,-1.8213254,-0.9159236,-0.5500656,0.2058147,-2.7830856,-0.0614838,-1.6885201,-0.8057928,-0.5701593,0.2474471,-2.5035298,0.0115566,-0.1433788,0.0534226,-0.0142038,0.1433788,-0.0534226,0.0142038,0.4838287,1.1775462,-0.1164677,-0.4028505,0.7863273,0.290236,1.5202367,2.2591435,-0.157829,-0.6369383,2.1029959,0.8089528,1.5590847,2.3848984,-0.1271975,-0.6572564,2.2186062,0.720745,1.6856813,2.4499428,0.0897316,-0.7763421,2.272332,0.9253617
Indonesia,34,63.63636,50.0,16.21622,24.73118,63.76812,81.25,0.0,83.87097,-0.1720198,-2.0100102,-1.5053893,-0.1404542,-2.0803144,-1.501217,-0.1341838,-2.0771743,-1.4613657,-0.1430156,-2.0818773,-1.4744554,-0.2085699,-2.0830855,-1.5626189,-0.1987688,-2.0793197,-1.612987,-0.1823354,-2.0384158,-1.5323238,0.0475785,-2.0397199,-1.2305471,-0.3905908,-1.802802,-1.2075242,-0.0347992,-1.9656384,-1.3534437,-0.1333228,-1.8225034,-1.4602834,0.4426684,-1.4967734,-0.8054307,-0.4805366,-1.6965018,-0.4771,0.7393506,-1.1599705,-1.2412981,-0.9580397,-1.1954669,-0.5426169,-0.0116456,-1.2375655,-1.3672675,-1.6355742,-0.8064813,-0.6912866,-0.2790232,-1.2734113,-1.387138,-1.7077293,-0.753541,-0.8213153,-0.4232372,-1.3716563,-1.4043483,-1.6189976,-0.7952078,-0.9072047,-0.1016753,-1.214457,-1.3731055,-1.6393717,-0.78475,-0.7600047,0.2926055,-0.0048478,0.0609425,-0.2926055,0.0048478,-0.0609425,1.1497895,1.1847427,-0.2778822,-0.9572205,0.8962857,-0.3331197,1.9530729,2.532462,-0.2328375,-0.9842586,2.5156194,0.015561,1.9600996,2.6440676,-0.2233129,-0.9989889,2.6429419,-0.0993331,2.1492665,2.6563288,-0.4053897,-1.2823352,2.7062795,-0.2629124
Indonesia,35,61.81818,43.58974,2.7027,12.90323,78.26087,89.0625,0.0,83.87097,0.1290305,-0.9424301,-1.9167689,0.1829775,-1.0276556,-1.8943929,0.1877218,-1.0169241,-1.8639415,0.1786729,-1.0223219,-1.8715439,0.1091557,-1.0446361,-1.9527705,0.1267455,-1.0486081,-2.0037405,0.1443431,-1.0160488,-1.925717,0.3205721,-1.0027271,-1.5430033,-0.0875681,-0.8952575,-1.6011879,0.2046727,-0.9191693,-1.7388978,0.1364536,-0.8358274,-1.8535159,0.5122006,-0.727455,-1.0235077,-0.4514662,-0.987221,-0.9613159,0.5587827,-0.1952467,-1.226343,-0.9951493,-0.483728,-1.2762834,0.6988727,0.3115844,-1.3124284,-1.3701898,-0.2287922,-1.6440973,0.7531982,0.3954792,-1.3489662,-1.4082566,-0.2339712,-1.8632071,0.6179394,0.4418706,-1.4380554,-1.210276,-0.317773,-1.9167911,0.6720457,0.420913,-1.354871,-1.3148321,-0.2162355,-1.7142195,0.2605778,-0.0126042,0.1230322,-0.2605778,0.0126042,-0.1230322,0.4367478,0.1447005,-0.3345445,-0.179791,-0.123,-0.8061219,0.4330068,1.214345,0.0247346,-0.2990575,1.2592936,-0.2595914,0.3673695,1.3177374,0.0740245,-0.3387158,1.372948,-0.3191983,0.4214744,1.4242704,-0.095255,-0.4030505,1.4295592,-0.5825009
Indonesia,36,38.18182,50.0,71.62162,30.10753,27.53623,57.8125,0.0,75.80645,-0.2078589,-1.7003009,-1.2957435,-0.2077461,-1.8076707,-1.2713364,-0.1939411,-1.8007276,-1.2344327,-0.2045662,-1.8069919,-1.2544698,-0.2925663,-1.7861821,-1.3255885,-0.2832562,-1.7895811,-1.3718831,-0.2676119,-1.7564817,-1.2995128,-0.048942,-1.8481497,-0.8943667,-0.5465534,-1.5231069,-0.9464152,-0.0743695,-1.699841,-1.1201756,-0.2004454,-1.5314619,-1.2307394,0.3480573,-1.4103134,-0.4329767,-0.6469244,-1.3422881,-0.3596008,0.7654731,-0.8427311,-0.6179041,-0.8195504,-0.5107412,-0.6593373,0.159269,-0.4305968,-0.7210826,-0.2335436,-0.271569,-0.9771891,-0.0921367,-0.3468718,-0.7253285,0.0586017,-0.219942,-1.1559069,-0.2512526,-0.4616744,-0.7337559,0.2180544,-0.4726248,-1.1736718,0.0643122,-0.4044546,-0.7181516,-0.1294894,-0.3481248,-1.0077868,0.3010935,-0.0512563,0.1240767,-0.3010935,0.0512563,-0.1240767,1.313025,0.7481693,-0.4622858,-0.9566544,0.5546911,-0.5755251,1.7646455,2.005701,-0.1303041,-1.0972876,1.8603994,-0.0334996,1.7502883,2.1218293,-0.0788966,-1.1176532,1.9712981,-0.100264,2.0405982,2.1357574,-0.1652854,-1.3211635,2.0817611,-0.174548
Indonesia,37,63.63636,24.35897,9.45946,18.27957,71.01449,81.25,0.0,83.87097,0.4690102,-3.3736341,-5.458945,0.549404,-3.4409341,-5.6782294,0.5533737,-3.4320548,-5.5604737,0.5313784,-3.4422669,-5.5699003,0.5229267,-3.5727463,-5.7554415,0.5325054,-3.5239924,-5.8965949,0.5185142,-3.4304087,-5.6322453,0.9614835,-3.2588155,-5.0707136,0.2056734,-3.0611402,-4.8938498,0.6816657,-3.2180519,-5.073476,0.4759316,-2.9780974,-5.3349819,1.130156,-2.7424283,-3.4509148,0.9433817,-3.5293064,-2.8627498,1.1979432,-3.0573435,-3.9452163,1.0558123,-3.391051,-3.2908882,1.0555718,-4.0483281,-4.0263208,0.8277116,-4.5269523,-4.2022096,0.872949,-4.4750883,-4.0693268,1.0250523,-4.7121973,-4.7785762,0.853421,-4.6509774,-4.2681069,1.2730276,-4.9804523,-4.8458632,1.0457241,-4.0077609,-4.1192229,0.8174672,-4.69308,-4.336618,0.0248326,0.1529799,0.0775796,-0.0248326,-0.1529799,-0.0775796,-1.677218,-1.3225397,-0.3882529,-1.2156437,-1.5797497,-0.2609726,-4.7726782,-3.1260274,0.4562422,-4.8809036,-2.7349647,0.7368737,-5.2890033,-3.473038,0.6236718,-5.2679347,-3.0022496,0.4841932,-5.8474613,-4.2443069,0.2205751,-5.2155569,-4.2151169,0.0359524
Indonesia,38,61.81818,30.76923,9.45946,18.27957,71.01449,81.25,0.0,83.87097,-0.3074087,-1.7268772,0.3675223,-0.3382747,-1.765525,0.2491269,-0.3341197,-1.7647228,0.276089,-0.3338674,-1.7712955,0.2761776,-0.2227658,-1.8231916,0.2310623,-0.2128549,-1.8142588,0.1903798,-0.1955859,-1.794839,0.2550341,-0.3526862,-1.6328903,-0.0645594,0.0526854,-1.5702365,0.0800797,-0.280064,-1.6557162,0.3239982,-0.1603136,-1.5722153,0.2750398,-0.5712965,-1.2168936,0.0338977,0.3461276,-1.4564533,0.3516147,-1.1368407,-1.1581231,-0.0482031,0.568528,-0.9691966,0.4612309,-1.7018166,-1.4707715,0.375667,0.4187546,-1.1373872,0.7811565,-1.895111,-1.5644617,0.4451992,0.4977441,-1.2572437,0.7465187,-1.889994,-1.666675,0.4891091,0.4296976,-1.4119644,0.7484827,-1.6873824,-1.4891803,0.415687,0.3490993,-1.2222652,0.7854696,-0.2702011,0.0458286,0.0865137,0.2702011,-0.0458286,-0.0865137,-0.6708175,0.799148,0.4357177,0.9869155,0.5998297,-0.1023679,-0.47605,1.6947673,0.5117067,1.0087766,1.849296,-0.0780247,-0.5291847,1.803794,0.5516919,0.9919504,1.9517871,-0.164509,-0.7323698,1.8229965,0.6471063,1.1026682,1.8463826,-0.1440955
Indonesia,39,63.63636,43.58974,58.10811,2.15054,42.02899,89.0625,0.0,91.93548,0.425041,-1.8873505,-1.0226745,0.4607642,-1.9846176,-0.9851815,0.4693701,-1.9868429,-0.9565167,0.4619108,-1.9918577,-0.9698961,0.3799263,-2.0080498,-1.0835141,0.3928265,-2.007828,-1.1327209,0.4041913,-1.9701243,-1.0581575,0.4816322,-2.0123047,-0.6084226,0.0056564,-1.8309071,-0.8190778,0.4863868,-1.8797059,-0.8488722,0.3560824,-1.7464963,-1.01015,0.6318379,-1.5087672,-0.0916792,-0.2908153,-1.7857708,-0.3599702,0.9928723,-0.9115507,-0.1101676,-0.4993866,-1.675448,-0.9617609,1.0033007,-0.2562418,-0.2261226,-0.042786,-2.2857193,-1.2584353,0.930225,-0.1043529,-0.2081884,0.183013,-2.4233039,-1.4650428,0.7885256,-0.1145564,-0.2827584,0.3169504,-2.6300939,-1.4043643,0.9403856,-0.1523169,-0.2547284,0.0332982,-2.3765355,-1.26074,0.3410125,-0.0611947,0.2159593,-0.3410125,0.0611947,-0.2159593,1.1623488,0.7436066,-0.1060443,-0.9568165,1.0801954,-0.6055424,1.5499261,1.9922428,0.3423316,-1.3633025,2.5373224,-0.3423173,1.5251995,2.1104385,0.4042222,-1.3991073,2.6578814,-0.4641367,1.8892041,2.0115844,0.3380267,-1.496124,2.6081871,-0.7290264
Indonesia,40,54.54545,57.69231,71.62162,12.90323,34.78261,73.4375,0.0,91.93548,0.3551858,-2.5552744,-1.2998805,0.4080443,-2.631672,-1.299735,0.4142489,-2.6351748,-1.2434695,0.4070038,-2.6349457,-1.261911,0.3065044,-2.6637032,-1.3548895,0.3164734,-2.6551447,-1.4187196,0.3205657,-2.6065604,-1.3189016,0.6232212,-2.5712545,-0.8844613,-0.0255262,-2.4016949,-0.8973079,0.5089287,-2.4761552,-1.0992304,0.3041768,-2.3404967,-1.2332265,1.0121952,-1.8253395,-0.2736133,0.0762255,-2.1568111,-0.3923029,1.5764638,-1.1700556,-0.5823597,1.0151506,-1.2055661,-0.9416673,1.1641543,-1.3077346,-0.928321,1.7667587,-1.725422,-1.3354443,0.9921419,-1.3952321,-0.9589866,2.0551613,-1.8370507,-1.603211,0.9244698,-1.5914657,-1.0045256,2.1533717,-2.1648281,-1.5943334,1.1120336,-1.316384,-0.9667853,1.8150777,-1.8743575,-1.3651824,0.3041983,0.1083479,0.0851805,-0.3041983,-0.1083479,-0.0851805,-0.6522819,1.6062708,-0.3465683,-0.9362713,1.377881,-0.3524099,-1.0098009,3.1473803,-0.0888523,-1.270842,3.0598234,-0.0776507,-1.1686329,3.2628666,-0.0493098,-1.3081583,3.1983989,-0.2318159,-1.3541244,3.5576333,-0.3136098,-1.5474489,3.2657329,-0.5180615
Indonesia,41,52.72727,24.35897,58.10811,2.15054,34.78261,89.0625,0.0,91.93548,0.2531079,-1.2744948,-1.5669883,0.3414945,-1.3269204,-1.5488802,0.3440553,-1.3224118,-1.5180547,0.3334375,-1.3269694,-1.5300034,0.2621667,-1.3830118,-1.5860162,0.2768647,-1.3838935,-1.6313277,0.2820334,-1.3534089,-1.5613963,0.53192,-1.2432702,-1.2214906,0.0831222,-1.2735289,-1.2236181,0.3396464,-1.225185,-1.4157189,0.2297762,-1.1812126,-1.4985794,0.6498196,-0.8920256,-0.7110313,-0.2740776,-1.2713527,-0.6607824,0.9396389,-0.4207433,-0.6193407,-0.8504652,-0.8947498,-1.1783757,0.810967,0.1244865,-0.5678693,-0.4102785,-1.2371092,-1.6249746,0.7163355,0.2585788,-0.5348163,-0.1735692,-1.3281322,-1.78397,0.5740576,0.2467115,-0.5834053,-0.0330813,-1.5010496,-1.7373102,0.7454865,0.1994418,-0.5830301,-0.3278401,-1.3034872,-1.6327612,0.2428383,0.0087807,0.0902912,-0.2428383,-0.0087807,-0.0902912,0.548538,0.8252253,-0.3998125,-0.3574868,0.6158268,-0.409588,0.5945149,1.7637762,-0.0008992,-0.8336266,1.6097598,0.1461607,0.5392895,1.8497477,0.0598341,-0.887546,1.6886199,0.097614,0.5808215,2.0145339,-0.0129355,-1.0442254,1.6826111,-0.0221951
Indonesia,42,54.54545,30.76923,43.24324,2.15054,49.27536,89.0625,5.66038,91.93548,-0.6849571,-2.3934338,-0.3914506,-0.7261469,-2.4625807,-0.4490308,-0.7125388,-2.4541172,-0.4083611,-0.7205722,-2.4728633,-0.4178007,-0.7018781,-2.4932484,-0.5116688,-0.6788548,-2.4941199,-0.5874468,-0.6548075,-2.4584458,-0.476474,-0.6080103,-2.2894372,-0.42962,-0.6422161,-2.0683989,-0.3973476,-0.5510884,-2.3351211,-0.3218631,-0.542661,-2.1795193,-0.438092,-0.7385613,-1.6058755,-0.0696517,0.1516504,-2.0458023,-0.1879212,-1.2735187,-0.7754588,-0.4825791,0.5425625,-1.6303862,-0.3157173,-2.1911083,0.0477998,-0.4260134,-0.1347431,-2.1650991,-0.1398247,-2.4760903,0.2107036,-0.3805391,-0.1569814,-2.3355364,-0.2959519,-2.6098422,0.2421062,-0.3357208,-0.236739,-2.5051245,-0.2153817,-2.2516904,0.1643252,-0.3870468,-0.2183528,-2.2630168,-0.1234656,-0.2269518,0.0386564,0.3300148,0.2269518,-0.0386564,-0.3300148,0.0713622,1.1500749,1.0600507,1.0943747,1.0970598,-0.5637152,-0.1005997,2.6382547,1.4884029,0.8021395,2.9883261,-0.3453687,-0.221291,2.8497213,1.5729889,0.7599431,3.1607237,-0.4870185,-0.1300051,2.8858526,1.6838011,1.0428089,3.1083613,-0.5733294
Indonesia,43,45.45455,30.76923,50.0,2.15054,27.53623,89.0625,13.20755,91.93548,0.1335951,-1.6694849,-1.2342853,0.1937954,-1.7242279,-1.2450183,0.1993929,-1.7202393,-1.2076393,0.1909041,-1.7176979,-1.2180811,0.1448045,-1.7589097,-1.2708339,0.1485277,-1.7534736,-1.3124964,0.1569109,-1.7107926,-1.2467793,0.4043982,-1.7217495,-0.9927613,0.0158332,-1.6679855,-0.9277668,0.2538019,-1.6319559,-1.0897056,0.1383801,-1.5551042,-1.159909,0.7685003,-1.3834964,-0.5538538,-0.1667023,-1.6336359,-0.3032019,1.3834289,-1.1883407,-0.8162763,-0.5253139,-0.938536,-0.2830801,1.2637403,-1.4574074,-1.056474,-0.663022,-0.4129903,-0.4849262,1.201427,-1.5579699,-1.1246305,-0.5761655,-0.2904104,-0.6199442,1.0865966,-1.6479562,-1.124672,-0.4112814,-0.3479622,-0.6521097,1.217734,-1.4425945,-1.066338,-0.5967572,-0.3881324,-0.5247419,0.2594792,0.0452091,0.0365542,-0.2594792,-0.0452091,-0.0365542,0.1571249,1.2569356,-0.086953,-0.3800513,0.8733929,0.0645553,0.0568868,2.1966685,0.5782105,-0.4953328,1.8781396,0.8014916,-0.0069862,2.2832436,0.6618484,-0.4972797,1.9620781,0.762279,-0.0289725,2.4927795,0.586392,-0.5784255,2.0965647,0.6498638
Indonesia,44,40.0,30.76923,43.24324,2.15054,27.53623,81.25,13.20755,83.87097,0.1705998,-1.9824155,-1.0895755,0.2623881,-2.0250797,-1.0596423,0.2713227,-2.022064,-1.0219761,0.2618701,-2.0236315,-1.0322986,0.1931517,-2.0897962,-1.1118336,0.1996206,-2.0848952,-1.155009,0.2069489,-2.0491289,-1.081792,0.4812599,-1.9363987,-0.6922585,0.0138664,-1.9721884,-0.6848236,0.2719982,-1.9150043,-0.9173823,0.1385237,-1.8596521,-1.0078437,0.6846653,-1.532502,-0.2450596,-0.2759663,-1.7768867,-0.1129117,1.3269824,-1.519532,-0.4697443,-0.5697492,-0.7824854,-0.3111245,1.4468325,-1.8717231,-0.8348659,-0.6150639,-0.2519302,-0.749326,1.4508656,-1.9542268,-0.9408976,-0.5188917,-0.1204012,-0.9220404,1.3290339,-2.053004,-0.9663745,-0.3676491,-0.2297094,-0.9998384,1.4227905,-1.8669251,-0.8669603,-0.5507196,-0.2506817,-0.8089353,0.2606253,0.0182442,0.1116612,-0.2606253,-0.0182442,-0.1116612,0.1469867,1.4179552,0.0733679,0.0856822,1.0961887,-0.1878064,0.0858785,2.4200014,0.4862591,0.1330062,2.3792436,0.1393924,0.0059979,2.5110397,0.538936,0.15291,2.4844856,0.0457844,0.0149893,2.7086064,0.4045997,0.2002448,2.5701157,-0.1902005
Indonesia,45,54.54545,24.35897,36.48649,2.15054,42.02899,81.25,13.20755,83.87097,0.4099658,-1.8627922,-1.2761993,0.4731811,-1.9189961,-1.2441427,0.476257,-1.9166696,-1.2060819,0.4675688,-1.9177832,-1.215646,0.4259119,-1.9974511,-1.3266893,0.431574,-1.9921056,-1.3750298,0.4458846,-1.9489961,-1.2948901,0.5437697,-1.863927,-0.8716501,0.1464705,-1.8754501,-1.0486661,0.4517978,-1.801038,-1.0921848,0.3408358,-1.7461173,-1.2356114,0.6203597,-1.3970962,-0.2510915,-0.2846614,-1.7005758,-0.5491469,1.1841666,-1.245848,-0.1846808,-0.2256958,-0.6934672,-0.7589634,1.6251851,-1.8482446,-0.2196502,0.2967666,-0.2313285,-0.9420621,1.6712725,-2.0647749,-0.2465558,0.5443191,-0.1520609,-1.1160036,1.6301446,-2.152572,-0.2602013,0.7259971,-0.3350623,-1.0998617,1.6604885,-1.8652626,-0.2375299,0.394296,-0.2690343,-0.961151,0.2514713,0.0098641,0.2403149,-0.2514713,-0.0098641,-0.2403149,0.4881527,1.2371392,0.2228875,-0.1063734,0.7751127,-0.049349,0.399186,2.3002204,0.7849494,-0.4980284,1.7852308,0.8867848,0.316173,2.3967086,0.86029,-0.5335493,1.8666748,0.8485119,0.5802802,2.4828117,0.7736319,-0.4757824,1.9132553,0.7477334
Indonesia,46,54.54545,37.17949,50.0,2.15054,42.02899,89.0625,5.66038,91.93548,-0.7085975,-1.7978637,-1.0227301,-0.6513725,-1.8864641,-1.0761277,-0.6441135,-1.87896,-1.040158,-0.6529458,-1.8795661,-1.0468016,-0.673997,-1.8786303,-1.0510552,-0.6667919,-1.881776,-1.0976,-0.6486508,-1.839692,-1.025394,-0.2708689,-1.8980432,-1.0631958,-0.5069115,-1.6850545,-0.6939503,-0.4927646,-1.765618,-0.960843,-0.5486331,-1.6339678,-0.9549144,0.3200235,-1.5278069,-0.7700382,-0.4299816,-1.4789884,-0.1104102,0.8478957,-1.5746817,-1.5072606,-0.6527087,-0.5808005,-0.253638,0.2565737,-2.0109348,-1.6689874,-1.4899298,-0.0085735,-0.5131029,0.0975861,-2.170284,-1.70321,-1.5869123,0.0662867,-0.5834217,-0.0270493,-2.2609387,-1.6587166,-1.5585392,0.0301935,-0.6764903,0.2000921,-2.0113082,-1.6636095,-1.523676,0.03229,-0.5834059,0.2122725,-0.0039981,-0.0455114,-0.2122725,0.0039981,0.0455114,0.7785952,1.0364732,-0.3082801,-0.3187548,0.9507153,0.2436883,1.2947573,2.2244918,-0.071378,-0.3119433,2.1924393,0.7383235,1.3009753,2.3326085,-0.0459144,-0.3188876,2.2898254,0.647139,1.4574354,2.4145558,-0.2331312,-0.4885049,2.3439622,0.5259104
Indonesia,47,63.63636,24.35897,36.48649,2.15054,42.02899,89.0625,69.81132,91.93548,0.8510661,-2.4788164,-0.7218683,0.8656212,-2.5999725,-0.686023,0.8804613,-2.5964663,-0.6392934,0.8748904,-2.596698,-0.6603269,0.848124,-2.6255884,-0.8269788,0.8568344,-2.6180452,-0.8828139,0.8656532,-2.5637227,-0.796724,0.7480554,-2.6492091,-0.3264282,0.4213886,-2.4763295,-0.7086612,0.8682088,-2.4676157,-0.5251884,0.7556905,-2.3135949,-0.75396,0.7482076,-1.9606292,0.4125443,0.2446747,-2.2493905,-0.4017477,0.8350767,-1.0424002,0.5127404,-0.0544799,-0.9764102,-0.6365931,1.1409209,-0.2227675,0.3535299,-0.0444617,-0.1637604,-0.6259824,1.1790532,-0.1031178,0.3711152,0.0628628,0.011402,-0.8136386,1.1670427,-0.10848,0.2703499,0.2734725,-0.086839,-0.7980413,1.1533563,-0.107729,0.2974296,0.0391729,-0.1561258,-0.6485988,0.1902884,0.0272339,0.3971024,-0.1902884,-0.0272339,-0.3971024,0.3115165,1.6954779,0.4924681,0.0719564,1.4601804,-0.2817147,0.1961317,3.0048593,1.0191173,-0.3478039,2.914556,0.4180679,0.1143754,3.1406579,1.0970061,-0.3593285,3.0534814,0.3167568,0.34034,3.2498213,1.0397071,-0.0567675,3.167061,0.1071713
Indonesia,48,63.63636,64.10256,16.21622,78.49462,78.26087,20.3125,0.0,83.87097,0.2525914,-4.6756141,-1.2846432,0.3438702,-4.7443405,-1.2764665,0.3620068,-4.7393982,-1.1783308,0.3505558,-4.7549482,-1.2023547,0.2299938,-4.8680775,-1.357813,0.246571,-4.8540265,-1.4816035,0.2837018,-4.771029,-1.2927423,0.6357657,-4.5590411,-0.6266222,-0.1187491,-4.3043352,-0.6035779,0.4570169,-4.5768208,-0.9627653,0.2526367,-4.3296699,-1.1786704,0.2283962,-3.3615,0.277887,0.6581863,-4.2572584,0.1643213,-0.7123054,-1.9519975,-0.2273754,1.508344,-3.0948198,-0.7675616,-1.633605,-1.0100848,-0.4105635,2.2500197,-3.3713232,-1.6627607,-2.0482435,-0.7539891,-0.3977914,2.6244885,-3.4168673,-2.2306012,-2.0768409,-0.8390282,-0.422575,2.8902961,-3.8410417,-2.2123993,-1.6535841,-0.8659732,-0.3763873,2.3160243,-3.5245564,-1.7150647,-0.1691491,0.0746596,0.3980488,0.1691491,-0.0746596,-0.3980488,-0.7199305,2.644859,0.4253504,1.8742656,2.3490537,-0.4028337,-2.2253555,4.9915621,0.4295815,2.2248703,5.8024824,0.2389015,-2.6192796,5.2309377,0.5016028,2.2514742,6.0841799,0.0008395,-2.9089681,5.1901551,0.4240353,2.5636296,5.8631858,-0.191288
Indonesia,49,54.54545,51.28205,9.45946,73.11828,78.26087,20.3125,0.0,83.87097,-0.1731666,-1.73369,-1.3412246,-0.1440343,-1.8377072,-1.3282245,-0.1364546,-1.8315185,-1.295138,-0.1433658,-1.8386701,-1.3061684,-0.213239,-1.8230574,-1.3710582,-0.2016155,-1.8261738,-1.4110551,-0.1863495,-1.7853394,-1.3377569,0.0818966,-1.8296915,-1.0217799,-0.3855872,-1.5735287,-0.9565083,-0.0029054,-1.7058475,-1.1877035,-0.1225345,-1.5559615,-1.2673418,0.5386474,-1.3244696,-0.4657183,-0.4372558,-1.4809998,-0.3136942,1.2153223,-1.0092151,-0.4576291,-0.8166931,-0.7842957,-0.4876057,1.9648672,-0.6649463,-0.4104921,-1.1826591,-0.4927967,-0.9205001,2.134432,-0.6571566,-0.4109841,-1.1852735,-0.4495163,-1.0900507,2.1099198,-0.6488263,-0.5414674,-1.0840216,-0.5868036,-1.2195212,2.003603,-0.5869909,-0.4849234,-1.1640334,-0.5090587,-1.0139127,0.2975761,-0.0057502,0.064298,-0.2975761,0.0057502,-0.064298,1.3525632,0.7014253,-0.4824589,-1.039429,0.4250751,-0.4458532,1.838828,1.9169545,-0.3346965,-1.1040297,1.7838838,0.2244187,1.828698,2.0162173,-0.3021583,-1.1162418,1.8945579,0.1498511,2.1208233,1.9950828,-0.424567,-1.379799,1.9273927,0.0885648
Indonesia,50,63.63636,37.17949,9.45946,29.03226,78.26087,73.4375,0.0,83.87097,0.8269119,-2.9447615,0.2406646,0.9224899,-3.0094205,0.2073549,0.9360586,-3.0120369,0.2571201,0.9306168,-3.0105948,0.237151,0.9266975,-3.0506032,0.213878,0.9259646,-3.0343466,0.1638146,0.9256436,-2.9854687,0.2532731,1.2187966,-2.7255986,0.3072526,0.9018948,-2.6059837,0.6314239,1.0066737,-2.7870083,0.3157624,0.8570677,-2.6281202,0.277747,1.2158385,-1.8234723,0.4588482,0.7601445,-2.2400373,1.2454972,0.9910018,-1.0557769,0.2035219,0.1458115,-1.1405248,1.0369396,0.8002464,-1.1680056,0.5836735,-0.1159681,-0.6910865,0.6258177,0.7511079,-1.2930951,0.6314797,-0.0276545,-0.5492948,0.4550728,0.7687895,-1.3904481,0.6402548,0.1660562,-0.6302512,0.3876259,0.8174287,-1.1361267,0.5999954,-0.064233,-0.688406,0.5607919,0.2358271,0.0662654,-0.0760997,-0.2358271,-0.0662654,0.0760997,-0.4851739,1.1472317,-1.1702398,-0.7499232,0.8257283,-0.9007795,0.1052435,2.7959773,-1.1098891,-0.293002,2.4859929,-0.6642141,0.0545691,2.9226867,-1.0766087,-0.2325535,2.6153956,-0.8323489,-0.2402795,3.0705915,-1.2722303,-0.4396035,2.6937867,-0.985595
Indonesia,51,54.54545,70.51282,78.37838,83.87097,49.27536,28.125,0.0,91.93548,-0.082251,-2.0775903,-1.0284773,-0.0448706,-2.1403433,-1.0203083,-0.038071,-2.1419554,-0.9826033,-0.0505999,-2.1416419,-0.9984263,-0.1231699,-2.1605085,-1.0628988,-0.1102243,-2.1581909,-1.1152467,-0.1017391,-2.1215562,-1.0389202,0.1651329,-2.1019844,-0.7707921,-0.2891883,-1.9223125,-0.702673,0.0607051,-2.0326059,-0.8886793,-0.0710566,-1.908134,-0.9780561,0.5430493,-1.6372324,-0.4286901,-0.4206134,-1.8415654,-0.2566372,1.0140507,-1.7709571,-0.9378483,-0.8966938,-1.7515005,-0.9379194,0.5618728,-2.184683,-0.8431034,-0.4417658,-2.119737,-1.1920594,0.3628696,-2.294744,-0.8145728,-0.1669791,-2.2088474,-1.3089289,0.2463774,-2.3327135,-0.7157009,0.002668,-2.3387082,-1.205239,0.4962419,-2.1369587,-0.8044054,-0.3477499,-2.1607669,-1.1660122,0.3012277,-0.0196778,0.1156491,-0.3012277,0.0196778,-0.1156491,0.7733763,1.0948259,0.0800072,-0.804006,0.9991717,-0.3426176,1.0932285,2.3957507,0.3540882,-1.1505068,2.2568761,0.0914994,1.0660682,2.5127102,0.3975594,-1.1765568,2.3480525,-0.0001286,1.3297404,2.5958051,0.2868703,-1.2756684,2.4234315,-0.1762388
Indonesia,52,54.54545,64.10256,58.10811,2.15054,42.02899,81.25,0.0,83.87097,0.7206983,-0.9367533,-0.6398791,0.7704441,-0.9973988,-0.6415074,0.7790674,-0.9904579,-0.6048954,0.76946,-0.9844642,-0.6107487,0.7600527,-1.0364765,-0.7419293,0.7674655,-1.0246657,-0.794983,0.7828401,-0.9807019,-0.7077849,0.8175344,-1.1380796,-0.3833392,0.4783853,-1.0511461,-0.5987448,0.7769396,-0.9811539,-0.4826999,0.6712414,-0.8646313,-0.6517823,0.9558828,-1.088625,-0.045694,-0.0102474,-1.3426679,-0.0003665,1.1562765,-0.9975835,-0.3878973,-0.2326041,-0.0638368,-0.2762923,1.1966868,-1.3387787,-0.4562941,-0.3619587,0.6177204,-0.4680762,1.225659,-1.4854163,-0.4557935,-0.2800344,0.7247684,-0.670196,1.117059,-1.6212383,-0.4554567,-0.0998554,0.6099689,-0.7027757,1.1759638,-1.3235237,-0.4537811,-0.3182464,0.6234334,-0.5173873,0.337353,0.0288262,0.1503408,-0.337353,-0.0288262,-0.1503408,0.3008041,0.4211581,-0.6275544,-0.0963252,0.2274523,-1.2615869,0.2108775,1.8383042,-0.1616443,-0.1797259,1.8834201,-0.5920957,0.1162719,1.9590766,-0.1027055,-0.1927779,2.0184546,-0.6809667,0.1773906,2.0676204,-0.2778537,-0.2508964,2.0508743,-0.9329874
Indonesia,53,52.72727,24.35897,50.0,7.52688,34.78261,81.25,0.0,83.87097,0.0650942,-1.628434,-0.0130116,0.0715749,-1.6791143,0.0822154,0.0791153,-1.6853183,0.1012591,0.0747041,-1.6864584,0.0895487,0.0206451,-1.6974097,-0.0049863,0.0255574,-1.6944903,-0.037034,0.0497585,-1.6622336,0.0222127,0.1684533,-1.6117286,0.4500909,-0.2613625,-1.3835788,0.2889691,0.1499548,-1.5812268,0.1464889,0.0368477,-1.454144,0.0213785,0.4284353,-1.084212,0.6934093,-0.5282167,-1.3753848,0.6993613,0.7676918,-0.7972907,0.4881207,-0.8447375,-1.3704623,0.4669069,0.7313646,-0.774633,0.5514998,-0.6066298,-1.5099702,0.3344317,0.6446054,-0.832806,0.5532255,-0.4498082,-1.6014872,0.1853933,0.5573934,-0.8566405,0.5352822,-0.3209668,-1.7175251,0.1892963,0.6999114,-0.7487285,0.5350916,-0.56693,-1.5500627,0.3174008,0.3093366,-0.0046355,0.07327,-0.3093366,0.0046355,-0.07327,0.958757,0.443042,-0.7342017,-0.8747173,0.5590885,-0.7129332,0.9531786,1.7454792,-0.4734058,-1.3637745,2.0082164,-0.6118813,0.8751607,1.8794527,-0.4370843,-1.4491064,2.147537,-0.7449546,1.1315365,1.8800259,-0.5545311,-1.9146194,2.0726958,-0.9907486
Indonesia,54,100.0,64.10256,9.45946,7.52688,92.75362,96.875,98.11321,100.0,-0.2715695,-1.8642917,-0.9912888,-0.246316,-1.9400577,-0.9647804,-0.2442345,-1.9462812,-0.9386803,-0.2518782,-1.9479337,-0.9431257,-0.3191766,-1.9509695,-1.0286217,-0.311565,-1.9547044,-1.0739071,-0.2911047,-1.9142081,-1.0047993,-0.1302868,-1.9413974,-0.640165,-0.5309896,-1.6880521,-0.7158022,-0.1595931,-1.8489938,-0.8422914,-0.2601452,-1.7081886,-0.9523707,0.2214251,-1.4751028,-0.1517675,-0.748183,-1.6981698,-0.2522725,0.9127776,-1.3456642,-0.1234324,-1.3540148,-1.6768791,-0.6083906,1.6964794,-1.4312346,-0.126408,-1.2857456,-2.1605507,-0.9808155,1.8313188,-1.5321819,-0.113736,-1.168393,-2.3355286,-1.1905859,1.7813246,-1.5888366,-0.1929719,-1.0219237,-2.5484171,-1.1855874,1.737259,-1.4013121,-0.1754229,-1.2181182,-2.2499602,-1.0155514,0.2650876,-0.1220416,0.2049346,-0.2650876,0.1220416,-0.2049346,1.2394958,0.1814829,-0.0804491,0.0004486,1.1105623,-0.2111061,1.3764976,1.2654361,0.4379928,-0.0354513,2.3872694,0.2774561,1.330845,1.3743216,0.5160728,-0.0311884,2.4931646,0.1838187,1.5104662,1.3673481,0.4338579,0.0279457,2.4873345,-0.0874617
Indonesia,55,72.72727,70.51282,9.45946,7.52688,78.26087,89.0625,0.0,91.93548,0.3825837,-4.0648838,-1.2125602,0.4696645,-4.2004049,-1.2115796,0.4737633,-4.2096716,-1.1299944,0.4645609,-4.2092538,-1.1542572,0.3638773,-4.2831186,-1.328847,0.3835801,-4.2744872,-1.4394733,0.426966,-4.2018329,-1.2757809,0.6926787,-4.314239,-0.7570157,0.0685613,-3.9622512,-0.7901786,0.5346388,-4.0589097,-0.915229,0.4021334,-3.7985735,-1.1489272,0.7004466,-3.5010335,-0.1107623,-0.053102,-4.1315298,0.075353,-0.5695634,-3.4741859,-0.6852855,-0.4134138,-3.9332138,-0.8869083,-2.0997343,-3.8495255,-0.3449097,-1.1906928,-4.5035939,-1.5978874,-2.6399816,-3.8337138,-0.2590769,-1.1837317,-4.5903438,-2.0214155,-2.6795696,-3.9801923,-0.3205284,-1.0336669,-4.9130308,-1.9948005,-2.1406126,-3.7716682,-0.3349336,-1.2257162,-4.6087541,-1.6360073,0.3441635,0.1253016,0.1708372,-0.3441635,-0.1253016,-0.1708372,0.7244249,2.3234892,-0.361414,-1.2887989,1.6128959,-0.4468815,1.9617634,4.9740671,-0.0671625,-2.7337011,4.6514928,0.0917644,1.8851472,5.2524719,-0.0061656,-2.9213891,4.9129663,-0.1729605,2.279068,5.2191081,-0.178878,-3.4091137,4.8750708,-0.3880512
Indonesia,56,20.0,16.66667,91.89189,94.62366,20.28986,20.3125,0.0,75.80645,-0.1633852,-1.5849091,-1.5618539,-0.1208011,-1.6668333,-1.5416645,-0.1137991,-1.6612956,-1.5100367,-0.1275663,-1.6663507,-1.5214782,-0.2150353,-1.6813117,-1.595114,-0.2021009,-1.6830791,-1.6460755,-0.1942637,-1.6512156,-1.5656655,0.0763952,-1.6550328,-1.1775662,-0.4455336,-1.4897184,-1.2059875,-0.0390816,-1.5601475,-1.3887219,-0.1742704,-1.4397607,-1.5008939,0.3814227,-1.2895144,-0.7150747,-0.6135206,-1.3804526,-0.6724354,0.8039223,-1.027369,-1.2096598,-0.8773797,-0.9144089,-1.4066815,0.2264366,-1.1741563,-1.3100392,-0.2340361,-1.2399437,-1.8276774,-0.0157961,-1.2259786,-1.2702137,0.0757182,-1.3242602,-1.9808052,-0.0844972,-1.2960759,-1.2591988,0.2030778,-1.5463125,-1.9157237,0.1698094,-1.1516643,-1.3022539,-0.152441,-1.3190386,-1.8177465,0.2809333,-0.0846781,0.103416,-0.2809333,0.0846781,-0.103416,1.4220586,0.1816006,-0.4613436,-0.7729122,0.7320474,-0.2810205,2.0288495,1.4558358,-0.4401295,-1.5152456,1.7112733,0.1346036,2.0318368,1.5690573,-0.4150353,-1.6050823,1.7766112,0.0458568,2.3338164,1.5600399,-0.417913,-1.8396371,1.7164833,0.063784
Indonesia,57,29.09091,17.94872,78.37838,35.48387,20.28986,57.8125,0.0,75.80645,-0.1169489,-0.8195333,-1.8608924,-0.0708312,-0.8972896,-1.9079624,-0.0675491,-0.8854808,-1.8731874,-0.0758694,-0.8934356,-1.883364,-0.1371169,-0.9219805,-1.9330044,-0.132215,-0.9182516,-1.9783235,-0.123923,-0.8801168,-1.9076743,0.1944822,-1.0453127,-1.5909216,-0.2911717,-0.9345738,-1.5859946,0.0216929,-0.8494574,-1.6948127,-0.1067913,-0.7632308,-1.7720407,0.5538903,-0.9195988,-0.9854562,-0.4216697,-1.1008722,-0.8612685,0.9567104,-0.3649334,-1.1541409,-0.8228745,-0.3300058,-0.9607783,0.3482987,-0.395774,-1.2155493,-0.3781952,0.0174902,-1.1573076,0.1351744,-0.5005048,-1.1830099,-0.1048158,0.0461985,-1.2847438,0.0733913,-0.6280837,-1.1468468,0.0791291,-0.1490965,-1.2664403,0.2964841,-0.4161164,-1.1849357,-0.2743247,-0.0411238,-1.1662616,0.2784639,-0.0118645,0.1207516,-0.2784639,0.0118645,-0.1207516,0.7826117,0.5216242,-0.3327947,-0.4036174,0.5872111,-0.2126871,0.5149256,1.2084477,0.3526431,-0.6418005,1.2084852,0.7379567,0.432601,1.255799,0.4483645,-0.6721522,1.2523955,0.7375649,0.4100028,1.4814842,0.4726593,-0.7466724,1.3933012,0.7706202
Laos,01,10.90909,12.82051,63.51351,59.13978,2.89855,34.375,0.0,45.16129,-0.3858253,-2.2422714,-1.4645397,-0.3562117,-2.3259347,-1.4171787,-0.3469155,-2.3199567,-1.3760897,-0.3575273,-2.3243228,-1.3946573,-0.4593084,-2.3398432,-1.4747959,-0.4513033,-2.3327653,-1.5231596,-0.4314211,-2.2940716,-1.4449044,-0.1394603,-2.2799901,-0.9387008,-0.6801205,-2.0050701,-0.9939266,-0.2332269,-2.21896,-1.2558805,-0.3652254,-2.0705182,-1.3717784,0.2142945,-1.7230127,-0.2567843,-0.7625057,-1.7167463,-0.4708452,0.5534368,-1.1585406,-0.1225944,-0.9477419,-0.6027868,-0.662924,0.7109188,-0.8155252,-0.2952459,-0.3458612,-0.2991425,-1.0868929,0.6854559,-0.7599631,-0.2841443,-0.0592227,-0.2755501,-1.2950425,0.62068,-0.8095833,-0.3249817,0.1040374,-0.5443797,-1.3081192,0.7224816,-0.7664187,-0.308545,-0.2314587,-0.3819017,-1.1250902,0.2608388,-0.0201046,0.224428,-0.2608388,0.0201046,-0.224428,0.5049643,1.4867811,0.285048,0.2474547,1.1638983,-0.02629,0.5699291,2.5252017,0.8018846,0.355978,2.5055435,0.5365283,0.5242605,2.6493112,0.8782461,0.3843081,2.6222047,0.4524368,0.756857,2.7067984,0.7079461,0.5681283,2.5646621,0.1471082
Laos,02,29.09091,8.97436,6.75676,78.49462,53.62319,15.625,9.43396,51.6129,0.0671903,-1.6292951,-1.662538,0.1865292,-1.6585602,-1.6448032,0.1871354,-1.6476166,-1.6109377,0.1831215,-1.6550106,-1.614419,0.1373839,-1.7099365,-1.6502826,0.1425347,-1.712129,-1.6941548,0.149431,-1.668514,-1.6262506,0.4496839,-1.436246,-1.3657176,0.0505603,-1.5302268,-1.2209365,0.1929782,-1.518081,-1.530716,0.07991,-1.4869243,-1.5754878,0.647598,-0.868534,-0.8729826,-0.1747197,-1.391272,-0.648175,0.9120584,-0.3252236,-0.7682026,-0.5937731,-0.7115613,-0.6459413,1.3549456,0.2679062,-0.6415604,-1.1215805,-0.4105073,-0.8390347,1.4918663,0.3500146,-0.6195562,-1.1708879,-0.3779114,-0.9566493,1.4835754,0.3559119,-0.7374156,-1.0792308,-0.4405616,-1.0700979,1.376514,0.3576177,-0.6981547,-1.1129753,-0.3990945,-0.9240737,0.2626948,0.062988,0.0739006,-0.2626948,-0.062988,-0.0739006,0.1907805,1.1909926,0.2533224,-0.0643918,0.9431419,0.1428324,0.1532442,1.9871045,0.9644683,-0.2833637,1.8945294,0.873764,0.0948729,2.0619119,1.0465805,-0.3139847,1.9634588,0.8363834,0.0431979,2.1397643,0.8740358,-0.3522182,1.9798745,0.6256641
Laos,03,20.0,17.94872,70.27027,53.76344,10.14493,43.75,0.0,48.3871,0.5943626,-1.7459868,-1.0159206,0.7082912,-1.7619053,-0.9882624,0.7155281,-1.7570478,-0.9478593,0.7059932,-1.7627226,-0.9498945,0.645817,-1.8386796,-1.006117,0.6489061,-1.8348184,-1.0553944,0.6473064,-1.7970109,-0.9819927,0.959021,-1.5551,-0.6362046,0.4235661,-1.7508844,-0.5437363,0.7024941,-1.6231522,-0.8617649,0.52918,-1.6135856,-0.9249219,0.8709783,-0.9501163,-0.3648093,0.261082,-1.642669,0.0204143,0.4907822,-0.9183099,-0.7062263,-0.1623174,-1.2279862,-0.3537849,0.449054,-1.7003083,-0.6685081,-0.0349967,-1.5075882,-0.8628032,0.409046,-1.9064307,-0.6600158,0.1040871,-1.5729234,-1.0563014,0.5081514,-1.9711772,-0.6201652,0.315324,-1.6899253,-1.0377366,0.4804482,-1.7119256,-0.6471416,0.0484375,-1.5655515,-0.8867642,0.2539712,0.090173,0.0798769,-0.2539712,-0.090173,-0.0798769,0.1844173,1.1687745,-0.122258,-0.1491149,1.1029021,-0.2012768,-0.0184281,2.162427,0.2669537,-0.4732402,2.1959735,0.1888501,-0.1020603,2.2288314,0.3286653,-0.497654,2.2809301,0.0963104,-0.0907604,2.3905809,0.2534712,-0.478795,2.2961705,-0.0924781
Laos,04,43.63636,76.92308,56.75676,39.78495,55.07246,71.875,0.0,54.83871,-0.7396052,-1.6601855,-1.4335911,-0.8090004,-1.780135,-1.3623646,-0.7911926,-1.782303,-1.3308023,-0.798427,-1.7804004,-1.3262506,-0.8875519,-1.7351695,-1.4729418,-0.8791179,-1.7296198,-1.5179016,-0.8573596,-1.7048536,-1.4286277,-0.7641557,-1.819197,-0.7732509,-1.1385142,-1.2549575,-1.0647992,-0.6527032,-1.6818887,-1.2068862,-0.7073952,-1.4564872,-1.386332,-0.4018754,-1.3863703,-0.0005329,-0.9939252,-0.9870505,-0.7005477,0.4362044,-1.1855478,-0.0066999,-0.0302873,-0.4227628,-0.9949489,0.9263319,-1.426534,-0.128672,0.6870808,-1.1069299,-1.0588326,0.9549599,-1.5081914,-0.1140508,0.9371272,-1.3341303,-1.2594198,0.8946783,-1.624892,-0.1743764,0.85327,-1.711664,-1.2295838,0.9712722,-1.4565332,-0.1535193,0.6933849,-1.2718514,-1.0722479,0.1025895,-0.1874208,0.3792119,-0.1025895,0.1874208,-0.3792119,0.8517635,-1.1010518,0.1508869,0.5865226,-0.87612,-0.4896717,1.7945771,-2.0774786,0.0190042,1.2788096,-1.2028228,0.0128693,1.8269701,-2.1553549,0.0314425,1.3442382,-1.269245,-0.0657077,1.7073933,-2.6873461,0.0605317,1.2224495,-1.8276907,-0.1122098
Laos,05,23.63636,38.46154,81.08108,43.01075,14.49275,59.375,0.0,56.45161,0.2703568,-1.6744403,-0.7121144,0.3925497,-1.6690174,-0.7270308,0.3976994,-1.6669119,-0.6890744,0.3918568,-1.6712163,-0.6918243,0.376903,-1.7343256,-0.6958212,0.3773579,-1.7323621,-0.7323596,0.3817276,-1.7008147,-0.6764598,0.6538448,-1.4282179,-0.5981203,0.4021023,-1.5573295,-0.3495405,0.3725511,-1.5589005,-0.6451598,0.2901173,-1.5401001,-0.6467663,0.6081811,-0.854017,-0.4650084,0.2398355,-1.4153387,0.2760986,0.2065956,-0.4819958,-0.4630715,-0.1531032,-0.84279,0.1788739,-0.2484303,-0.802865,-0.2002384,-0.4421856,-0.8621791,-0.3329617,-0.3929064,-0.9125541,-0.1755754,-0.4187066,-0.8823635,-0.4940079,-0.3356175,-1.0116306,-0.176697,-0.3264919,-0.9802715,-0.5126737,-0.2417871,-0.8233626,-0.1853383,-0.4160954,-0.8991258,-0.3782822,0.1361272,0.0587311,-0.1021687,-0.1361272,-0.0587311,0.1021687,-0.0500442,1.0917215,-0.0841903,-0.1496511,0.8935304,0.2262013,-0.1017631,1.9757646,0.2796034,-0.2347218,1.9234239,0.648122,-0.1655902,2.0527236,0.3262723,-0.2465578,2.0051637,0.584133,-0.314949,2.0531183,0.2076649,-0.3964327,1.9407146,0.4565561
Laos,06,52.72727,43.58974,44.59459,35.48387,66.66667,81.25,5.66038,61.29032,0.1351194,-1.7617895,-0.7689215,0.2581126,-1.7479654,-0.8051853,0.26013,-1.7490752,-0.7669993,0.2545097,-1.751967,-0.7686797,0.2476447,-1.818781,-0.7822118,0.2537061,-1.8170498,-0.8227564,0.2633572,-1.7841801,-0.7600399,0.5194475,-1.5256727,-0.7474296,0.3113218,-1.6096133,-0.460059,0.2226294,-1.649411,-0.7067155,0.1711272,-1.6169649,-0.7077614,0.2988712,-1.0472372,-0.6467828,0.2588949,-1.491273,0.248334,-0.3877117,-1.0873401,-0.8262888,-0.3496808,-1.3222528,0.3677561,-0.6791537,-1.6409546,-0.7010298,-0.8029587,-1.7118716,0.2407146,-0.7503063,-1.812643,-0.7194318,-0.7682083,-1.8434852,0.1496739,-0.6513693,-1.8565507,-0.6962979,-0.6832172,-1.9551052,0.1370777,-0.6389631,-1.6460628,-0.6869721,-0.7939594,-1.7838726,0.2127695,0.0540643,0.0374879,-0.1534017,-0.0540643,-0.0374879,0.1534017,0.0818646,1.1937134,0.0306479,-0.0210712,0.9513632,0.3225909,0.1736339,2.039838,0.4210874,-0.0174963,2.0035962,0.8226619,0.1067355,2.1272371,0.4707758,-0.030982,2.0832505,0.7706619,-0.1156039,2.1965696,0.3967284,-0.1926332,2.0772939,0.6775548
Laos,07,47.27273,20.51282,10.81081,67.74194,62.31884,37.5,0.0,64.51613,-0.4054757,-1.6287476,-0.7186261,-0.3570666,-1.7001683,-0.6932928,-0.3541318,-1.7021777,-0.6621387,-0.3560613,-1.703531,-0.6688554,-0.4243683,-1.6997329,-0.709215,-0.4240547,-1.70058,-0.7469854,-0.4008881,-1.6669151,-0.6941188,-0.1339815,-1.7231195,-0.4496542,-0.498847,-1.484539,-0.3518299,-0.2702387,-1.6195114,-0.6041502,-0.349621,-1.5006845,-0.6497646,0.2637319,-1.2837937,-0.2338904,-0.6281834,-1.2624694,0.2178091,0.3368629,-0.7183344,-0.4266782,-0.8615128,-0.5556948,0.1170544,-0.0820894,-0.4574187,-0.566615,-1.3571805,-0.6031566,-0.3464397,-0.2292716,-0.3861002,-0.6006405,-1.4082124,-0.660559,-0.5077189,-0.3298889,-0.4597767,-0.63679,-1.4096228,-0.827,-0.5675414,-0.1318044,-0.4335272,-0.5818643,-1.3828095,-0.6632023,-0.4037813,0.2433554,-0.0247804,-0.0527395,-0.2433554,0.0247804,0.0527395,0.5037507,1.0357233,-0.1532294,-0.0500749,0.9008179,0.20911,0.8728299,1.8516771,0.319345,-0.0255303,1.9377924,0.6609619,0.8570767,1.9547043,0.3776226,-0.0333997,2.0298644,0.5891426,0.8283317,2.1023185,0.2636865,-0.2035528,2.1145302,0.4716378
Laos,08,38.18182,57.69231,68.91892,75.26882,46.37681,54.6875,0.0,58.06452,0.4409642,-1.6369033,-1.2164837,0.5705075,-1.6685035,-1.1584531,0.5755084,-1.6602363,-1.1220641,0.5707502,-1.666159,-1.1286333,0.49418,-1.7282931,-1.1859312,0.4962506,-1.7310763,-1.2307809,0.4995388,-1.6907574,-1.1672898,0.8090302,-1.4963688,-0.7871784,0.2757992,-1.6294878,-0.7233592,0.5431882,-1.5361227,-1.0571225,0.3912014,-1.5171274,-1.1131158,0.7688371,-0.9552089,-0.5555641,0.0520113,-1.4491771,-0.0634706,0.5576061,-0.4760029,-0.8822636,-0.4805417,-0.7986277,-0.0937109,0.1690172,-0.3426273,-1.0793859,-1.1783697,-0.7534808,-0.2910442,0.0632792,-0.3187782,-1.1175204,-1.2783655,-0.7641142,-0.4042757,-0.0003237,-0.4083765,-1.1695983,-1.2227077,-0.831545,-0.4893156,0.1190865,-0.3217679,-1.1046831,-1.1986952,-0.7659589,-0.3611154,0.2149594,0.0764231,-0.053781,-0.2149594,-0.0764231,0.053781,-0.0159047,1.2288971,-0.0611298,-0.2689979,0.9670318,0.1289518,-0.0938874,2.1637718,0.3816306,-0.4496055,2.0469558,0.5405404,-0.1564954,2.2585962,0.4323336,-0.4751345,2.1307382,0.4640253,-0.2882461,2.3328631,0.3135311,-0.6573276,2.1106233,0.3441376
Laos,09,18.18182,8.97436,24.32432,92.47312,28.98551,7.8125,0.0,40.32258,-0.099054,-1.7430159,-0.8687022,-0.0272683,-1.8072734,-0.8428109,-0.0211108,-1.806535,-0.8098076,-0.0239817,-1.8096038,-0.818961,-0.1039408,-1.828553,-0.8647058,-0.0996697,-1.8287746,-0.90671,-0.0868104,-1.7936887,-0.8464899,0.2201982,-1.7861659,-0.5295254,-0.2326813,-1.6612913,-0.4532521,0.0403359,-1.7116689,-0.7261386,-0.0844082,-1.6189559,-0.7844383,0.5491767,-1.3256504,-0.15309,-0.4169762,-1.4647675,0.0641542,0.7369183,-0.7825953,-0.3212913,-0.5904833,-0.5950199,-0.1837934,0.7177062,-0.541404,-0.6594306,-0.6631708,-0.5550749,-0.8276309,0.6878845,-0.4990246,-0.7485083,-0.5937764,-0.5630844,-1.0486718,0.6081365,-0.5668034,-0.8005447,-0.5078201,-0.7624632,-1.1070971,0.6944871,-0.5052925,-0.6972148,-0.6261641,-0.6185721,-0.889973,0.2793755,0.013264,0.0529387,-0.2793755,-0.013264,-0.0529387,0.2248987,1.2521866,-0.0283888,-0.0829789,0.9755304,-0.0561987,0.2286152,2.1740649,0.5038507,-0.1426808,2.0546968,0.4072292,0.1715248,2.2741227,0.5688914,-0.1472554,2.1448988,0.3308309,0.2163739,2.3976665,0.3847158,-0.191493,2.1999943,0.1140058
Laos,10,41.81818,64.10256,70.27027,73.11828,53.62319,57.8125,0.0,56.45161,-0.5944009,-1.3103235,-1.0966184,-0.5701058,-1.4184329,-1.0669068,-0.5662014,-1.413908,-1.0379619,-0.5683331,-1.4189548,-1.0451525,-0.6555626,-1.3855704,-1.0729051,-0.6517707,-1.3887627,-1.1109645,-0.6321665,-1.3530343,-1.0567037,-0.2639179,-1.5228246,-0.792429,-0.7303249,-1.1693835,-0.6267466,-0.4062573,-1.3319168,-0.9728813,-0.5118763,-1.1821714,-0.9944191,0.2508002,-1.1212161,-0.4649078,-0.6666126,-1.0337029,-0.0767129,0.5273416,-0.5916443,-0.6527953,-1.1117979,-0.3589965,-0.2141669,0.2787042,-0.216427,-0.7209325,-1.8935168,-0.2922356,-0.5680615,0.1857803,-0.1238457,-0.7363552,-2.0360967,-0.3131974,-0.7026161,0.0551366,-0.1791246,-0.7874281,-2.0282515,-0.4351585,-0.7624707,0.2214314,-0.1783178,-0.7497337,-1.9362734,-0.3211242,-0.6288654,0.2385676,-0.010822,-0.0189584,-0.2385676,0.010822,0.0189584,0.1922537,1.0642123,-0.0956815,-0.0715507,0.9111754,-0.0386809,0.2239843,1.9524184,0.3226966,0.0084116,1.9382642,0.2957599,0.1767852,2.0540075,0.3671526,0.0057757,2.0264202,0.2187349,0.1354402,2.1437361,0.2184715,-0.111642,2.0892071,0.0587225
Laos,11,58.18182,50.0,10.81081,21.50538,63.76812,75.0,60.37736,67.74194,-0.5346786,-1.912168,-0.5796826,-0.503524,-1.995703,-0.5258497,-0.4974049,-1.998389,-0.5019181,-0.4990809,-2.003029,-0.5094023,-0.5946936,-1.9867087,-0.5754521,-0.5875206,-1.9913051,-0.6195437,-0.559863,-1.9570139,-0.5592153,-0.2753944,-2.0660043,-0.1622882,-0.7234298,-1.7348423,-0.1189513,-0.3818422,-1.9225832,-0.4097184,-0.4823725,-1.7667446,-0.4904718,0.1913703,-1.6443301,0.3398859,-0.8036278,-1.5553702,0.2944454,0.6468141,-1.0863495,0.0263942,-0.9863497,-0.6875803,-0.1393053,0.6169992,-0.6901009,-0.438865,-1.6040553,-0.9040907,-0.9229499,0.6122501,-0.6052112,-0.5571484,-1.6770812,-1.03121,-1.1654681,0.4628515,-0.6244578,-0.586482,-1.6740493,-1.2744108,-1.2318601,0.5762024,-0.6319424,-0.4812336,-1.6407227,-0.9940537,-0.9805762,0.272413,-0.0221419,0.1918466,-0.272413,0.0221419,-0.1918466,0.2538799,1.3297323,0.0811573,0.5223519,1.0000706,-0.4857918,-0.1936388,2.350333,0.4806185,0.1095658,2.1933216,-0.0880038,-0.2960546,2.490818,0.5423064,0.0772663,2.2914893,-0.1756504,-0.1295201,2.5914096,0.437056,0.3333796,2.2185223,-0.3848687
Laos,12,47.27273,32.05128,64.86486,37.63441,34.78261,65.625,22.64151,61.29032,0.5839873,-1.3927642,-1.702114,0.7116303,-1.4121032,-1.7252961,0.7100963,-1.3991905,-1.6773591,0.705426,-1.4084716,-1.6873283,0.6844684,-1.4685638,-1.7173382,0.6940029,-1.461783,-1.7719865,0.6855503,-1.4196091,-1.6933298,0.9550693,-1.2060023,-1.5355047,0.6187823,-1.3730635,-1.3267921,0.7000262,-1.2756859,-1.5833677,0.5872491,-1.2453707,-1.6232497,0.9647045,-0.6200143,-1.116892,0.5171045,-1.3834612,-0.6512708,0.3567952,-0.3020269,-1.3322862,-0.3349415,-0.9176861,-0.7783335,-0.32143,-0.617677,-1.1984905,-1.1756862,-0.7180151,-0.961948,-0.5164658,-0.7130404,-1.1855702,-1.3019906,-0.6490364,-1.1174414,-0.5340319,-0.8753165,-1.2375188,-1.1532563,-0.600304,-1.1730838,-0.3909656,-0.6408851,-1.202044,-1.1779455,-0.6657873,-1.0333432,0.188059,0.1461249,-0.0229033,-0.188059,-0.1461249,0.0229033,0.0012878,1.3861978,-0.2230082,-0.6821422,0.4688113,0.0272708,0.3296289,2.6080161,-0.0094551,-1.0332466,1.6489915,0.6092697,0.3132862,2.7070656,0.0174011,-1.0623233,1.7468769,0.5369736,0.2553027,2.7402609,-0.1459243,-1.2087653,1.7277248,0.4069456
Laos,13,61.81818,69.23077,16.21622,13.97849,72.46377,85.9375,0.0,70.96774,0.4141651,-1.4202894,-1.5955549,0.531334,-1.4638769,-1.5102935,0.5327847,-1.4520734,-1.4756284,0.5318843,-1.4607078,-1.4830814,0.4323395,-1.5449427,-1.5482505,0.4334121,-1.5428651,-1.5937295,0.4210043,-1.5058923,-1.5189785,0.7652993,-1.2052087,-0.9892071,0.0719298,-1.4394651,-0.9663827,0.525461,-1.2730493,-1.4105623,0.3033899,-1.2678516,-1.4717139,0.7394624,-0.6211873,-0.4414916,-0.0930289,-1.1456472,-0.6200975,0.8878599,-0.1446674,-0.6384682,-0.5588974,-0.6060247,-0.8678814,0.9127988,0.2417023,-0.5821354,-0.969693,-0.3011835,-1.0328781,0.940685,0.2986927,-0.5342201,-1.0015933,-0.2298023,-1.1959792,0.8681352,0.2588686,-0.6044798,-0.7888663,-0.1996723,-1.2568789,0.8784018,0.2858159,-0.607098,-0.9334303,-0.2590123,-1.0975915,0.280983,0.0349766,0.1978832,-0.280983,-0.0349766,-0.1978832,0.7326089,0.4671482,0.4809842,-0.0104071,0.8399413,0.045503,1.1999041,0.6524477,0.8291997,-0.339083,1.8134359,0.5280587,1.2040152,0.6489634,0.8769745,-0.3716561,1.8958973,0.4579786,1.4992526,0.6343541,0.8372822,-0.2215776,2.029349,0.2862894
Laos,14,80.0,51.28205,21.62162,16.12903,78.26087,90.625,86.79245,74.19355,-0.0843424,-2.2353407,-1.8859288,-0.1923195,-2.3054811,-1.8433657,-0.1845944,-2.2922478,-1.8029887,-0.195568,-2.2999701,-1.8047843,-0.2113451,-2.3056054,-2.0082557,-0.1992424,-2.3020491,-2.0634625,-0.179618,-2.2545083,-1.952985,-0.3189457,-2.2503381,-1.3589524,-0.5477902,-1.8235171,-1.8588403,-0.0471889,-2.1721896,-1.6590899,-0.095382,-1.9902121,-1.9235682,0.0543352,-1.9134026,-0.7049162,-0.6121977,-1.479433,-1.3110551,0.9890937,-2.4259733,-0.8507726,0.1918506,-0.6334855,-1.635375,1.606164,-3.3781388,-0.9979075,1.1072528,-0.9936834,-1.7080656,1.639926,-3.8102233,-0.9970818,1.4017163,-1.1976209,-1.9897549,1.5507799,-3.8774014,-1.057643,1.4897915,-1.5755606,-1.9118072,1.6619956,-3.4106095,-1.0630888,1.1683459,-1.1584368,-1.7159117,0.2645631,-0.0642856,0.3155425,-0.2645631,0.0642856,-0.3155425,0.1315738,1.8318953,0.6860812,-0.4728607,1.2737734,-0.2665793,-1.0151014,1.591245,1.4310026,-2.1000348,0.9081332,0.2919017,-1.2566579,1.5566746,1.5416607,-2.3091148,0.8188506,0.2238083,-1.6757358,1.5701347,1.7537335,-2.7621303,0.5727634,0.4465721
Laos,15,45.45455,71.79487,20.27027,64.51613,65.21739,39.0625,0.0,64.51613,0.4208132,-1.5838742,-0.9237022,0.5377715,-1.6060065,-0.8814854,0.5410656,-1.6084616,-0.8524122,0.5392106,-1.6121498,-0.8557982,0.472795,-1.6801718,-0.9191737,0.4756852,-1.685451,-0.9602214,0.4824881,-1.6442022,-0.9013065,0.7087788,-1.495435,-0.5216899,0.2558452,-1.6232955,-0.529696,0.4987222,-1.5172366,-0.7756209,0.369652,-1.4956401,-0.8483979,0.7030342,-1.0343672,-0.2214302,-0.1164198,-1.5414922,0.0456263,0.7794394,-0.4286866,-0.2468961,-0.7213641,-1.0057902,-0.207265,1.0713268,0.0540636,-0.37921,-1.1599202,-1.3202409,-0.7503502,1.1480724,0.1490836,-0.4014434,-1.1838971,-1.4394895,-0.9132776,1.1256172,0.1411719,-0.4734981,-1.101803,-1.5903146,-0.9930453,1.0830566,0.1258881,-0.4205135,-1.1573061,-1.3846837,-0.8186373,0.2460438,0.0391809,0.0365895,-0.2460438,-0.0391809,-0.0365895,0.2276457,1.1530195,0.005102,-0.1041297,0.9074627,0.1080625,0.284282,2.0007087,0.5655746,-0.1932595,1.8939358,0.7152884,0.2254635,2.0870049,0.6364793,-0.2038078,1.9711177,0.6533047,0.2408311,2.2161103,0.5486881,-0.2241818,2.0060336,0.5309253
Laos,16,52.72727,47.4359,51.35135,7.52688,57.97101,87.5,0.0,70.96774,0.1672485,-1.2856819,-1.2508495,0.2704896,-1.3135733,-1.2317523,0.2675938,-1.3146525,-1.2040167,0.2601392,-1.3194074,-1.2082187,0.1988275,-1.3856219,-1.2643719,0.2077647,-1.3882437,-1.3079455,0.2127379,-1.35714,-1.249871,0.4239706,-1.1920493,-0.9365469,0.0375221,-1.2889053,-0.9676136,0.2320965,-1.2183169,-1.1218113,0.1223563,-1.2050097,-1.2002877,0.5131545,-0.7464521,-0.5212488,-0.2653452,-1.3740567,-0.5141195,1.0149021,-0.3927915,-0.3895637,-0.7143363,-1.4697548,-0.9153087,1.7489063,-0.2682226,-0.25034,-0.4776533,-1.7255064,-1.3288068,1.8917107,-0.2936707,-0.1925541,-0.3353599,-1.7982255,-1.4744571,1.9140235,-0.3247352,-0.2740269,-0.1972152,-1.8807399,-1.4594183,1.8066013,-0.2332241,-0.2834698,-0.4080417,-1.7455004,-1.3509405,0.2096819,0.0220224,0.0964106,-0.2096819,-0.0220224,-0.0964106,0.1872567,1.1085968,0.2189868,-0.0739467,0.8659255,0.0630357,0.1968206,1.8550601,0.692206,-0.174801,1.7311754,0.5857907,0.1483087,1.9327025,0.7575974,-0.1847536,1.7899408,0.5331194,0.1764444,1.9919579,0.6218056,-0.2064866,1.7579454,0.3308832
Laos,17,25.45455,12.82051,10.81081,72.04301,28.98551,28.125,0.0,50.0,0.4690985,-1.7088641,-0.5135855,0.5461306,-1.7489636,-0.4934963,0.5512662,-1.7554797,-0.4641784,0.5453721,-1.7557213,-0.4696477,0.4819759,-1.8126766,-0.5577314,0.4892399,-1.8110347,-0.6022185,0.4997976,-1.7724164,-0.5400953,0.6336337,-1.7362245,-0.1688591,0.2241597,-1.7553845,-0.283934,0.5217104,-1.6725539,-0.3584829,0.4031763,-1.6148808,-0.4774678,0.7395651,-1.2393178,0.2440113,-0.0967748,-1.7715429,0.1125884,0.8919676,-0.6755165,-0.051135,-0.1922865,-1.4281076,-0.3808401,0.9118518,-0.9132254,-0.5048552,0.1014561,-1.9331834,-0.8245313,0.8723864,-1.0090328,-0.5550799,0.2650764,-2.0770168,-1.0189077,0.8332435,-1.1140775,-0.5715592,0.3754164,-2.253681,-0.9812966,0.9016058,-0.9198602,-0.5200877,0.148596,-2.0110153,-0.827991,0.2632421,0.0262534,0.1340163,-0.2632421,-0.0262534,-0.1340163,0.2527645,1.2541596,-0.0200625,-0.0307849,1.0438322,-0.187232,0.2705777,2.3418411,0.3227081,-0.0963878,2.213146,0.3117094,0.1992269,2.4460076,0.3755098,-0.098254,2.3088754,0.2282616,0.2364947,2.5299749,0.2395497,-0.0934757,2.3196112,0.0163953
Laos,18,34.54545,17.94872,8.10811,94.62366,63.76812,6.25,9.43396,53.22581,-0.1124174,-1.4215688,-1.2316706,-0.0483662,-1.5119303,-1.1922101,-0.049782,-1.5116026,-1.1616583,-0.0556199,-1.51064,-1.1638727,-0.1625051,-1.529232,-1.2305395,-0.1550126,-1.5323953,-1.2791062,-0.1521469,-1.4975262,-1.2119501,0.2379463,-1.50175,-0.8320879,-0.4188637,-1.4033117,-0.7873304,0.0383997,-1.3664307,-1.0765151,-0.1469747,-1.2830767,-1.1407796,0.5501664,-1.089642,-0.4429571,-0.4274541,-1.2513903,-0.3084371,1.1628697,-1.3081498,-0.7514609,-0.9154493,-1.1919376,-0.6602579,1.3398212,-1.9771389,-0.9931625,-1.2961526,-1.9563918,-1.0237022,1.3651724,-2.1426875,-1.0294467,-1.2933248,-2.1741147,-1.1774089,1.2867875,-2.2780184,-0.9995229,-1.1603048,-2.3251042,-1.1740983,1.326639,-2.0107577,-1.002443,-1.2776331,-2.0403816,-1.0570899,0.292543,0.0372309,0.0983423,-0.292543,-0.0372309,-0.0983423,0.1417835,1.0591139,0.1699106,-0.2823437,0.8453621,-0.0224579,0.1461103,1.8862573,0.6296999,-0.3512304,1.8806413,0.514606,0.0892581,1.9591406,0.6871782,-0.3498482,1.9628166,0.451587,0.1603271,2.062098,0.6049601,-0.4125291,2.0065236,0.3220673
Laos,19,20.0,51.28205,75.67568,78.49462,20.28986,39.0625,0.0,45.16129,0.0664476,-2.1588138,-1.0776054,0.0784374,-2.2584258,-1.0172756,0.0830118,-2.2597301,-0.9772874,0.0794,-2.2632596,-0.9919981,0.0033368,-2.2739234,-1.112917,0.0087251,-2.2736966,-1.1628576,0.0308117,-2.2323384,-1.08642,0.0902426,-2.2525798,-0.5613925,-0.3332474,-1.9830939,-0.8082013,0.1286594,-2.1253529,-0.8713579,0.0223134,-1.9815425,-1.035238,0.3158883,-1.576021,0.1184443,-0.523691,-1.7172814,-0.4061051,0.7045281,-0.8840424,0.3316775,-0.3112275,-0.6504701,-0.7053139,1.4768108,-0.6197319,0.2992149,0.079257,-0.4345604,-1.1687273,1.6211285,-0.6508978,0.3404677,0.2585405,-0.4443507,-1.4038476,1.6599749,-0.692587,0.2469536,0.3936902,-0.7001628,-1.4164604,1.557703,-0.5812823,0.2519231,0.1572744,-0.5153729,-1.2049957,0.2489988,0.0084695,0.2847417,-0.2489988,-0.0084695,-0.2847417,0.4758957,1.3718601,0.4209499,0.2107114,1.0544969,0.0011919,0.4470486,2.3440637,0.9982803,0.1267835,2.3368289,0.713584,0.3749371,2.4597794,1.0780637,0.1376358,2.4513923,0.6413585,0.5344329,2.5420459,0.9864619,0.3419146,2.3681979,0.4159857
Malaysia,01,0.0,12.82051,43.24324,95.69892,26.08696,3.125,0.0,22.58065,-0.0223527,-1.4808621,-1.5325906,0.0344524,-1.5695293,-1.4705757,0.0400453,-1.5592291,-1.4350349,0.0325354,-1.569168,-1.447438,-0.0694174,-1.5805896,-1.5302875,-0.0605348,-1.5837058,-1.5707478,-0.0502633,-1.5510638,-1.5004867,0.2474322,-1.504721,-0.9982147,-0.3251605,-1.3609829,-1.0699005,0.0784984,-1.4237529,-1.3446254,-0.0516035,-1.3311895,-1.4329132,0.475815,-1.0548629,-0.5714514,-0.5214171,-1.0984987,-0.5112514,0.9257048,-0.6427417,-0.569209,-0.9480225,-0.2366463,-0.6769915,1.0971627,-0.0640835,-0.5904102,-1.1619577,0.4514928,-0.9499749,1.1547482,-0.0003979,-0.599849,-1.1535758,0.5589624,-1.0686238,1.0151711,0.0645955,-0.6444998,-0.9983057,0.5178364,-1.1259381,1.070638,0.027008,-0.6086898,-1.1092222,0.4908429,-1.0114184,0.3145291,-0.0050169,0.1233683,-0.3145291,0.0050169,-0.1233683,1.004091,0.8064535,-0.6512867,-0.8120629,0.5453959,-0.798074,-0.0745976,0.6045013,0.036559,0.4741508,0.8644289,-0.399515,-0.2685469,0.54224,0.1555715,0.5943652,0.8378791,-0.4444284,-0.5189512,0.7339194,0.1434655,0.979955,0.9511415,-0.5407699
Malaysia,02,7.27273,17.94872,89.18919,96.77419,14.49275,21.875,0.0,25.80645,0.2189709,-1.8174769,-0.3062794,0.2470507,-1.8670358,-0.2448427,0.254272,-1.8699929,-0.2217914,0.2451111,-1.8736999,-0.2284819,0.1829244,-1.890327,-0.3149698,0.1912533,-1.8885108,-0.3530868,0.2018482,-1.8628406,-0.2887883,0.3811803,-1.7733959,0.1019721,-0.0583388,-1.6435536,-0.0038074,0.2903672,-1.7368783,-0.1679361,0.1716768,-1.6387056,-0.2796663,0.6113325,-1.1803032,0.283679,-0.363575,-1.3988136,0.2411524,0.921433,-1.0215147,-0.1618058,-0.6844529,-1.0261477,-0.240461,0.360765,-1.4105122,-0.2578225,-0.1621562,-1.5135835,-0.3957465,0.17734,-1.56807,-0.2093245,0.1141736,-1.6913914,-0.4410633,0.1064341,-1.6265552,-0.0726608,0.1966318,-1.8641814,-0.3550239,0.3153571,-1.4216969,-0.1994035,-0.1017045,-1.5905257,-0.3569463,0.3167208,-0.0369267,0.1934396,-0.3167208,0.0369267,-0.1934396,1.2180485,-0.0494932,-0.4971554,-0.7862036,0.4486418,-1.2505453,0.2588437,0.3381069,0.008295,0.4198282,0.8141246,-0.8218714,0.082281,0.3279937,0.118304,0.5470713,0.7735283,-0.8611391,-0.068268,0.5376291,0.1316798,0.9704764,0.7801788,-0.9820924
Malaysia,03,12.72727,73.07692,21.62162,92.47312,39.13043,9.375,0.0,24.19355,-0.0451685,-1.7448054,-1.1516345,0.0325022,-1.8167156,-1.121955,0.0364521,-1.8155507,-1.094195,0.0277011,-1.8223208,-1.0932499,-0.0897526,-1.8446403,-1.1716201,-0.0777387,-1.8491444,-1.2239623,-0.0712378,-1.8145609,-1.1455598,0.3031946,-1.7773173,-0.6961338,-0.3483583,-1.6700714,-0.7258905,0.0896748,-1.6748957,-0.975565,-0.0836759,-1.5862723,-1.0670503,0.5388393,-1.2558016,-0.329347,-0.4451014,-1.4205195,-0.2605815,0.8389105,-0.98786,-0.7420561,-0.7206671,-0.9246599,-0.7260293,0.9714116,-1.6007853,-1.2160222,-0.8995598,-1.5447018,-1.3412527,1.0114768,-1.8076034,-1.2540788,-0.8541083,-1.7436721,-1.4960404,0.9695906,-1.9087039,-1.2109233,-0.749252,-1.8971171,-1.50231,0.990987,-1.6427016,-1.2095421,-0.8737221,-1.6163987,-1.3701441,0.3554257,-0.0031047,0.160079,-0.3554257,0.0031047,-0.160079,1.1667366,0.526265,-0.6051636,-0.9559151,0.4504251,-0.9381405,-0.1398543,0.7538025,-0.1566327,0.4508185,0.608561,-0.414326,-0.366129,0.7120718,-0.039167,0.596275,0.5330279,-0.4593915,-0.7554559,0.8579279,0.0472362,1.0844636,0.5521569,-0.4072424
Malaysia,04,36.36364,58.97436,2.7027,13.97849,91.30435,75.0,0.0,38.70968,-0.6374103,-1.2379856,-1.2840573,-0.5554433,-1.3376572,-1.2418429,-0.5519408,-1.3350558,-1.2196459,-0.5700085,-1.3382265,-1.2208161,-0.6385064,-1.3384719,-1.2565571,-0.6347655,-1.35663,-1.3055871,-0.6132071,-1.3355798,-1.2436304,-0.219066,-1.3383704,-0.9694427,-0.6159173,-1.1639016,-0.8501892,-0.4913557,-1.2233154,-1.1688348,-0.5576438,-1.1359585,-1.2198635,0.1743642,-0.9985897,-0.6294351,-0.7835516,-1.1026224,-0.3619011,0.8202179,-0.8333753,-0.7052247,-1.3930962,-1.1345058,-0.6518171,1.4508702,-0.7062898,-0.6236975,-2.1979973,-1.4858842,-0.9001636,1.5820932,-0.7691713,-0.591923,-2.3334497,-1.6508716,-0.9999167,1.5364002,-0.7503387,-0.6736313,-2.3539409,-1.83449,-1.0693714,1.498994,-0.6612345,-0.646291,-2.2453655,-1.5567345,-0.9639541,0.2662693,-0.1079278,0.1035355,-0.2662693,0.1079278,-0.1035355,0.679298,0.49121,-0.0375137,-0.7549393,0.311018,-0.8203304,1.0170295,0.286261,1.1053511,0.2759829,0.5589055,-0.3798717,0.9965716,0.297128,1.2620722,0.3668337,0.5544824,-0.4210522,1.1130244,0.4191989,1.2820695,0.5998454,0.6066409,-0.5101556
Malaysia,05,34.54545,51.28205,5.40541,18.27957,86.95652,71.875,0.0,37.09677,-0.9918061,1.101106,-2.3539907,-1.1043984,1.0341662,-2.4831752,-1.0923082,1.0179083,-2.4189789,-1.0958791,1.0312471,-2.4239078,-1.1899347,1.0884805,-2.4738743,-1.18951,1.0695836,-2.549922,-1.1568167,1.0246383,-2.4297735,-1.2641804,0.6702557,-2.4031217,-1.2003895,0.8554431,-2.1124594,-1.0285226,0.9458113,-2.237466,-0.9735069,0.9187034,-2.3043331,-0.9012708,0.4183449,-1.6226617,-1.5040401,0.9953541,-1.0715451,0.0389867,0.7658917,-1.5246493,-0.4024959,1.0669473,-0.9617411,0.4977627,0.9215885,-1.0722195,0.6992376,1.3351341,-0.9902585,0.560538,1.0583731,-1.0316837,0.838738,1.3548991,-1.1488031,0.5268115,1.1474927,-1.119745,0.7576908,1.2674325,-1.2233361,0.556172,0.892798,-1.0876453,0.7507617,1.3113187,-1.0875491,0.1260153,-0.1762181,0.0110288,-0.1260153,0.1762181,-0.0110288,1.2725353,-0.7206685,-0.086323,-0.3426029,0.2583693,0.1288527,2.4755733,-1.4944025,0.2089705,-0.1995321,-0.1382576,0.2607061,2.6597103,-1.465189,0.2534908,-0.2155103,-0.1188785,0.1185227,2.9852413,-1.2092897,0.0907769,-0.5055181,0.1338795,0.129375
Malaysia,06,41.81818,69.23077,50.0,8.60215,52.17391,84.375,0.0,45.16129,-1.3789068,1.889461,-1.0736374,-1.4593006,1.9433486,-1.1138323,-1.4648895,1.9538176,-1.0597139,-1.4636731,1.9586889,-1.0692388,-1.5029227,2.0158203,-1.2510676,-1.5076549,2.008376,-1.3227827,-1.5057208,1.9291187,-1.2184161,-1.3749013,2.0597457,-0.8586971,-1.1569618,2.0075318,-1.1886596,-1.378785,1.9064403,-0.9014133,-1.2974778,1.7796875,-1.1374808,-1.0412465,1.6830045,-0.0750197,-0.9662837,2.591031,-0.4871706,-0.7720564,1.2509266,0.3304969,0.0929702,3.2770045,-0.7023083,-0.8879068,0.6294557,0.9683452,1.1992229,3.7829501,-0.6805871,-0.8332006,0.5775328,1.1511581,1.3546896,3.9764778,-0.8860097,-0.8237003,0.543032,1.0066877,1.2382958,3.9045603,-0.9052179,-0.8724969,0.4868928,0.9329808,1.2555275,3.7837542,-0.7393911,-0.1118997,-0.0475959,0.3558219,0.1118997,0.0475959,-0.3558219,-0.7486393,-1.7356947,0.4517491,-0.8099655,-1.1665141,-0.2240404,-0.418815,-3.2724076,1.1281035,-0.6796398,-2.7383462,0.9053267,-0.266601,-3.3845828,1.2306318,-0.6771169,-2.8625835,0.8213326,-0.3894244,-3.5956687,1.276909,-1.0454152,-3.0203846,0.8367158
Malaysia,07,45.45455,89.74359,29.72973,5.37634,63.76812,89.0625,0.0,50.0,1.0760131,-1.4771844,-1.5419535,1.2010217,-1.4795086,-1.6136678,1.2028256,-1.4677429,-1.5796946,1.2031042,-1.4716251,-1.5762766,1.1985161,-1.5160858,-1.5911645,1.2028169,-1.5051668,-1.6348992,1.1700551,-1.4724928,-1.5527037,1.436239,-1.0862136,-1.567613,1.1281043,-1.2801254,-1.1805424,1.1747081,-1.2660453,-1.4852704,1.0330407,-1.2465912,-1.4758228,1.2432375,-0.3376767,-1.022493,1.1254819,-1.187129,-0.5081348,0.568467,-0.1380816,-1.2545289,0.1922666,-1.7554369,-0.6711431,0.048934,-0.8266983,-1.0619063,-0.1217451,-2.8534304,-1.0812692,-0.0539093,-1.0608393,-1.0225562,-0.0913423,-3.0926556,-1.1778375,-0.0010433,-1.2349892,-1.0482706,0.0455893,-3.1091213,-1.2305895,0.0152064,-0.9074339,-1.0585255,-0.1075875,-2.9341055,-1.1542831,0.0258095,0.2375129,0.0477568,-0.0258095,-0.2375129,-0.0477568,-1.0726902,1.0829573,-0.7567754,-0.1811095,0.3015696,-0.2990253,0.3073634,1.3416604,-0.6371209,0.8544546,0.7535174,-0.107269,0.4429703,1.3057005,-0.6010005,0.9961357,0.7772769,-0.2074793,0.7120351,1.2975248,-0.4598062,1.42617,0.9303908,-0.0984338
Malaysia,08,10.90909,88.46154,64.86486,13.97849,20.28986,53.125,0.0,30.64516,-0.1554159,-1.6519847,-0.9507412,-0.1617333,-1.7400268,-0.9253762,-0.154252,-1.7431897,-0.8988354,-0.1619456,-1.7476771,-0.906537,-0.2264659,-1.7426957,-1.0028948,-0.2154264,-1.7425393,-1.0391072,-0.1985858,-1.7153838,-0.9700236,-0.1435147,-1.7644972,-0.5443112,-0.4484529,-1.4948042,-0.7448076,-0.1229984,-1.6428298,-0.7971144,-0.1745119,-1.5178191,-0.9247202,0.1874572,-1.3464329,-0.2448389,-0.8042224,-1.2180431,-0.2541994,0.6483763,-0.8513931,-0.2389657,-0.86413,-0.528859,-0.5689467,1.0567192,-0.3275524,-0.3513028,-0.2666729,-0.7979844,-0.9625589,1.1202768,-0.2303784,-0.3431321,-0.0187173,-0.8945025,-1.0936233,1.0574096,-0.1794288,-0.3807759,0.049381,-1.1344983,-1.0781291,1.0757656,-0.2448026,-0.3626118,-0.1976944,-0.898882,-0.9727146,0.3134087,-0.0769494,0.1213292,-0.3134087,0.0769494,-0.1213292,1.1100831,0.2749501,-0.8289658,-0.9369102,0.2192788,-1.0518028,0.2122062,0.3937584,-0.0906464,0.3605687,0.5621417,-0.5790784,0.0196492,0.3783101,0.033801,0.4693036,0.5371444,-0.6186678,-0.2268477,0.5670689,0.0506941,0.7886278,0.5436677,-0.7156075
Malaysia,09,18.18182,60.25641,55.40541,9.67742,28.98551,64.0625,0.0,35.48387,-0.5923268,-1.3349235,-0.9476978,-0.6449764,-1.4137716,-0.8993421,-0.6373007,-1.4196314,-0.8679134,-0.6410792,-1.4180388,-0.876134,-0.7075266,-1.372468,-0.9796812,-0.6976525,-1.373398,-1.017595,-0.6776194,-1.3531557,-0.9573964,-0.5887256,-1.4374175,-0.4638545,-0.8921041,-0.9929928,-0.6523855,-0.5149587,-1.3421692,-0.7642607,-0.5596575,-1.1624964,-0.8960327,-0.1254862,-1.1168299,-0.1111545,-1.0191862,-0.6731834,-0.0442359,0.3109896,-0.5986695,-0.1881484,-0.8461049,0.1446223,-0.2040993,-0.0704607,-0.4457309,-0.2852271,-0.3999659,-0.0892135,-0.4530295,-0.2371857,-0.4457089,-0.244465,-0.1934266,-0.2594855,-0.5686636,-0.2923981,-0.5375436,-0.2154562,-0.2099527,-0.5289648,-0.5370242,-0.0864713,-0.4532519,-0.2560773,-0.3789221,-0.2083541,-0.4619086,0.2611325,-0.1842207,0.0821482,-0.2611325,0.1842207,-0.0821482,0.8681065,0.231391,-0.7076678,-0.5334872,0.7397528,-0.773078,1.7944874,0.2489842,-0.0987911,0.6824141,0.7680589,-0.2976914,1.8270045,0.2765393,-0.0067644,0.7912516,0.7440938,-0.3443807,2.0515772,0.4839239,-0.0707754,1.0730287,0.9080313,-0.4832209
Malaysia,10,20.0,53.84615,18.91892,93.54839,43.47826,9.375,0.0,32.25806,-0.0088064,-1.455654,-1.1496749,0.0466574,-1.5372895,-1.1108512,0.049725,-1.5356431,-1.0829075,0.0458025,-1.5431551,-1.0908207,-0.058012,-1.5479185,-1.1599261,-0.0497679,-1.5500391,-1.2004173,-0.0409589,-1.5164982,-1.1341382,0.2991858,-1.5394029,-0.6762692,-0.3136575,-1.3787986,-0.6759066,0.1260575,-1.4093253,-0.9708133,-0.0372013,-1.3054155,-1.0407396,0.5604185,-1.1270894,-0.2100285,-0.4363674,-1.1925761,-0.163884,1.1106094,-0.8670573,-0.3959882,-1.0000393,-0.7207698,-0.3018889,1.245697,-0.8108817,-0.6859226,-1.0468678,-0.9869912,-0.7351572,1.2902751,-0.8547283,-0.7382781,-0.9322688,-1.0992016,-0.9162675,1.1926611,-0.8998017,-0.7547916,-0.7521133,-1.3141798,-0.9422448,1.2358532,-0.7929529,-0.7089274,-0.974263,-1.0712056,-0.7794726,0.3328939,-0.0118766,0.112678,-0.3328939,0.0118766,-0.112678,1.0374068,0.584716,-0.6078495,-1.0876068,0.7663282,-0.6626054,-0.0131876,0.9406522,-0.2816601,0.1676479,0.9453399,-0.1999431,-0.2126766,0.9316991,-0.1985047,0.2952054,0.8959655,-0.2390333,-0.4766576,1.141257,-0.2122097,0.6156037,1.0024398,-0.1929121
Malaysia,11,25.45455,87.17949,16.21622,91.39785,47.82609,12.5,0.0,35.48387,0.0171613,-1.8100549,-0.8523487,0.075996,-1.900809,-0.7446241,0.081444,-1.8994164,-0.7162785,0.0749569,-1.9070412,-0.7278982,-0.0541489,-1.916574,-0.8203756,-0.0488867,-1.9186251,-0.8688887,-0.0410789,-1.8892681,-0.7995291,0.2998881,-1.8052159,-0.2201795,-0.3909769,-1.6247904,-0.3530219,0.1307348,-1.7273184,-0.6631131,-0.0585454,-1.6159025,-0.77305,0.4696817,-1.1972603,0.0177201,-0.5244458,-1.2963316,0.061255,0.912196,-0.9110044,-0.3559942,-0.9485807,-0.8175617,-0.2822379,0.5101713,-0.8509313,-0.6257715,-0.6556241,-1.0155729,-0.668395,0.3635525,-0.8328038,-0.6278325,-0.4442481,-1.0842609,-0.8132278,0.2559766,-0.9145379,-0.5781544,-0.3065893,-1.3263301,-0.7929069,0.4550135,-0.8480343,-0.5985181,-0.5804439,-1.1076938,-0.6803964,0.3279551,-0.0321492,0.1451171,-0.3279551,0.0321492,-0.1451171,1.3192983,0.6495781,-0.4190426,-0.7644219,0.6137674,-0.7103793,0.6526024,0.7603886,0.2732205,0.5092918,0.9451139,-0.2954993,0.509087,0.7549636,0.399878,0.6502727,0.9249525,-0.3551886,0.5217228,0.9957103,0.5248699,1.0134256,1.0640641,-0.3612742
Malaysia,12,9.09091,71.79487,48.64865,88.17204,53.62319,6.25,0.0,29.03226,-0.7525862,-1.1276853,-1.3178415,-0.6664867,-1.2172995,-1.3154125,-0.6571363,-1.206787,-1.2845162,-0.6699693,-1.2179302,-1.2965821,-0.739857,-1.2328081,-1.2933215,-0.7333846,-1.2423625,-1.32799,-0.7038206,-1.2151196,-1.2673566,-0.2320996,-1.2292824,-1.1309294,-0.5707797,-1.0933082,-0.8574214,-0.5734752,-1.1166041,-1.2446928,-0.6147229,-1.0450284,-1.2292405,0.226884,-0.8764144,-0.8517361,-0.6402883,-0.8683457,-0.3537932,0.6319261,-0.5226623,-0.8993675,-0.9574349,-0.2234756,-0.4393956,1.1924897,-0.0182192,-0.8041698,-1.7224064,0.0567924,-0.701281,1.3710488,-0.0096735,-0.8270691,-1.8894086,0.0419746,-0.7385706,1.2878237,0.1484099,-0.8710014,-1.8843936,-0.0048001,-0.8233331,1.2225319,0.0834214,-0.8245626,-1.7537873,0.0707543,-0.7756085,0.3004633,-0.0615021,0.0509628,-0.3004633,0.0615021,-0.0509628,1.0070988,0.3894808,-0.9103201,-0.9053991,0.4000982,-0.8731666,0.0100118,0.426707,-0.0667376,0.3926035,0.602224,-0.5340137,-0.1773887,0.4093903,0.0699327,0.4900307,0.5730282,-0.5825247,-0.47601,0.5741484,0.0852138,0.7297029,0.4787771,-0.7004225
Malaysia,13,29.09091,76.92308,10.81081,96.77419,65.21739,10.9375,0.0,35.48387,-2.4088986,0.9865195,-0.920277,-2.483484,0.9408088,-1.0359721,-2.4796159,0.922865,-0.9676,-2.4912357,0.9311524,-0.9804535,-2.6053833,0.881071,-1.0801307,-2.5898,0.8563875,-1.1498341,-2.5499872,0.830584,-1.0214784,-2.1961132,0.714041,-1.1676702,-2.1985031,0.4757815,-0.9875092,-2.2960021,0.8923907,-0.9057753,-2.1930243,0.7560685,-1.0098574,-1.3496855,0.7488196,-0.6662846,-2.0341846,0.1009463,-0.3320373,-0.0591661,0.7630774,-0.5159174,-0.6629912,0.1319093,-0.4989063,0.7246882,1.0351885,0.2070954,0.1238921,0.587824,-0.3112481,0.8770769,1.1891854,0.3059595,0.2127826,0.5546755,-0.4438062,0.8340158,1.3439434,0.2921071,0.115028,0.5120458,-0.459926,0.8058901,1.0588145,0.2318915,0.140008,0.6424189,-0.373918,0.1122147,0.230418,0.1915203,-0.1122147,-0.230418,-0.1915203,1.8614094,0.1161274,0.1338725,0.0480289,-1.7605205,-0.4744704,0.8991096,0.7717834,0.4747639,1.1002917,-3.2332125,-0.4728045,0.8195548,1.0034571,0.5625279,1.1624582,-3.3397813,-0.6258836,0.7229283,1.3844971,0.7733202,0.9902071,-3.7851513,-0.580125
Malaysia,15,20.0,62.82051,62.16216,7.52688,34.78261,76.5625,0.0,38.70968,-0.6409198,-1.4471308,-0.8208135,-0.5641891,-1.5295986,-0.8596264,-0.5603082,-1.5337111,-0.8288448,-0.5673701,-1.532716,-0.8305716,-0.6159292,-1.550848,-0.8157569,-0.6049216,-1.5554502,-0.8607217,-0.5874594,-1.5334553,-0.7982221,-0.1837524,-1.5274964,-0.8079391,-0.4273427,-1.3986264,-0.4751486,-0.4612136,-1.4443,-0.7893377,-0.5003264,-1.3414406,-0.7734778,0.2228005,-1.0517537,-0.6336356,-0.540458,-1.2359624,-0.0143589,-0.3125284,-0.3962488,-0.7535381,-1.1737266,-0.7673803,-0.3780478,-1.0839879,-0.3101162,-0.617601,-1.3923094,-1.3022287,-0.9356065,-1.3110216,-0.2844906,-0.5791919,-1.3424318,-1.4893323,-1.0996635,-1.3384897,-0.3774259,-0.5485938,-1.252228,-1.6954064,-1.050715,-1.116047,-0.2976711,-0.5737647,-1.3668532,-1.397028,-0.9531172,0.2703643,-0.0577209,0.0119121,-0.2703643,0.0577209,-0.0119121,0.6676054,0.7290793,-0.5908382,-0.546756,0.696739,-0.673331,1.5230977,0.411905,0.4134808,0.5604041,0.8110617,-0.1146687,1.565319,0.3924254,0.5525886,0.6829085,0.7863872,-0.1559448,1.7374221,0.5265733,0.6730247,0.8888211,0.9372814,-0.1730694
Malaysia,16,36.36364,82.05128,24.32432,9.67742,62.31884,85.9375,0.0,45.16129,0.6086137,-1.3042295,-0.6610644,0.6962536,-1.2804181,-0.6268116,0.7122451,-1.2783522,-0.6058731,0.7046691,-1.2875455,-0.6049107,0.680208,-1.3726607,-0.6888896,0.7020085,-1.3622136,-0.7198922,0.6901577,-1.3444327,-0.6558956,0.8284412,-1.0219745,-0.3904429,0.5629462,-1.2969638,-0.3331732,0.6390521,-1.1984326,-0.5452528,0.5842973,-1.1890585,-0.6093479,0.5948692,-0.4701156,-0.1465639,0.3261791,-1.3916124,0.1338806,0.1864244,-0.1401813,-0.3709961,-0.3597715,-1.6725443,-0.0365754,-0.372933,-0.501172,-0.2053357,-0.7792942,-2.4266091,-0.2533522,-0.4668281,-0.5898974,-0.2394893,-0.7514793,-2.586048,-0.4424637,-0.5340763,-0.7624667,-0.2378801,-0.5941005,-2.6996776,-0.4631194,-0.4209626,-0.5412824,-0.2157752,-0.7724547,-2.4942382,-0.3091286,0.2042763,0.1074872,0.1581195,-0.2042763,-0.1074872,-0.1581195,0.4328048,0.9206617,-0.6817319,-0.0442214,0.4142792,-1.2572192,0.854232,1.0087868,-1.2249319,0.7988433,0.8828562,-1.6727724,0.8312831,0.9487654,-1.2730881,0.8970907,0.8733127,-1.7935547,0.9382557,0.7645046,-1.4664927,1.4624913,0.747436,-2.0362202
Malaysia,17,58.18182,26.92308,6.75676,16.12903,92.75362,87.5,0.0,50.0,-1.5595441,-1.3428207,-0.5038369,-1.525174,-1.4642247,-0.5810009,-1.5107166,-1.4680928,-0.5621129,-1.5223135,-1.4726332,-0.5584455,-1.5606364,-1.4948951,-0.5536331,-1.547769,-1.506677,-0.5941191,-1.5205084,-1.4854359,-0.5176379,-1.0768179,-1.6357755,-0.6324869,-1.1779889,-1.4794091,-0.1836161,-1.3400385,-1.39818,-0.4980766,-1.3133252,-1.3038639,-0.4597212,-0.324421,-1.5578004,-0.2333094,-1.146867,-1.2016713,0.2102609,0.3629025,-1.8239683,-0.5438555,-1.4369398,-0.244155,0.0439035,0.7768316,-2.1880703,-0.8078253,-2.2278201,0.1454828,-0.4270489,0.875996,-2.3926953,-0.8691033,-2.3648675,0.1312162,-0.5080721,0.7260821,-2.4077092,-0.8498449,-2.3925641,0.0010219,-0.6286983,0.7837128,-2.2028973,-0.8259447,-2.2851594,0.1333547,-0.519136,0.2746494,-0.1351955,0.2173099,-0.2746494,0.1351955,-0.2173099,1.2390816,0.7853815,-0.2251313,0.2308676,-0.1262637,-1.249124,0.4657754,0.6244806,0.8680633,1.4241518,0.7892278,-1.3447378,0.2888075,0.6370831,1.0031653,1.5268768,0.8444777,-1.46595,0.1837669,0.6823194,1.1420891,1.692902,0.6743442,-1.67139
Malaysia,18,1.81818,67.94872,97.2973,92.47312,5.7971,20.3125,0.0,22.58065,0.4978321,-1.4462597,-1.4441677,0.6258985,-1.5189338,-1.3545365,0.629169,-1.5066398,-1.31829,0.6255206,-1.5175313,-1.3315714,0.5118867,-1.5838689,-1.4065514,0.5152917,-1.582162,-1.4574755,0.5266674,-1.5483153,-1.3851121,0.8477139,-1.4102789,-0.8168539,0.1857794,-1.4920432,-0.9239637,0.5791733,-1.3695513,-1.2420356,0.4038052,-1.3392758,-1.3366916,0.7848193,-0.8027443,-0.4684915,-0.1029279,-1.2611521,-0.4264529,0.5556346,-0.0871437,-0.5229389,-0.2191432,-0.3745013,-0.5307216,0.2109112,0.4554306,-0.5157207,-0.1534325,0.266093,-0.6377079,0.1122507,0.5963897,-0.5169104,-0.067972,0.4406669,-0.7685542,-0.0113366,0.5750129,-0.54165,0.1008542,0.3339922,-0.804584,0.152185,0.5270056,-0.5085315,-0.076354,0.2823416,-0.6815421,0.3396381,0.0536762,0.1268475,-0.3396381,-0.0536762,-0.1268475,1.0350094,0.8423876,-0.2225313,-1.176609,0.6298156,-0.4648619,0.3798392,0.7273372,0.6260973,-0.029546,0.796268,0.2917343,0.2361859,0.688267,0.7627567,0.090782,0.7557401,0.2681729,0.0803048,0.9672985,0.866302,0.365445,0.9504027,0.3079023
Malaysia,19,12.72727,92.30769,37.83784,53.76344,27.53623,40.625,0.0,29.03226,0.0952895,-1.5854036,-0.8176477,0.1571773,-1.6722645,-0.7598115,0.1618892,-1.6740156,-0.7353547,0.1571347,-1.6802856,-0.7390243,0.0557209,-1.7021808,-0.8185699,0.0596474,-1.6993363,-0.8576968,0.0739541,-1.667716,-0.793411,0.3412016,-1.7044196,-0.2845174,-0.2087761,-1.5517068,-0.3956478,0.1834297,-1.5556029,-0.6305194,0.0437762,-1.460068,-0.7264114,0.51137,-1.238629,0.0310884,-0.4711469,-1.3835609,0.1479439,0.8596001,-0.7764495,-0.1809303,-0.7014357,-0.7231815,-0.0136546,0.8455852,-0.6817953,-0.4528753,-0.6221975,-0.6412788,-0.5445417,0.8055712,-0.7063486,-0.4888416,-0.5133348,-0.6672083,-0.7335201,0.7305099,-0.7697681,-0.5007359,-0.400871,-0.8787392,-0.7552905,0.8346532,-0.6747875,-0.4536069,-0.5696923,-0.7100772,-0.5819128,0.3332918,-0.0194163,0.0869118,-0.3332918,0.0194163,-0.0869118,1.1321831,0.6070056,-0.6031243,-1.0258725,0.5200788,-0.6674697,0.3579552,0.6973071,0.1726727,0.2072649,0.6946291,-0.2414216,0.1848181,0.680867,0.3009493,0.3279954,0.648442,-0.2949995,-0.0488925,0.8754639,0.3672211,0.6808891,0.681653,-0.358973
Malaysia,20,30.90909,89.74359,16.21622,20.43011,57.97101,81.25,0.0,43.54839,0.413849,-1.6388592,-0.7814358,0.5205299,-1.6422188,-0.7552398,0.5212415,-1.6466097,-0.7349227,0.5146532,-1.6496044,-0.7312981,0.4736349,-1.7157386,-0.7853741,0.4803583,-1.7145593,-0.8226245,0.4854357,-1.6817404,-0.7599464,0.7562461,-1.4274662,-0.5079096,0.3508739,-1.5655052,-0.4236002,0.503454,-1.5210383,-0.6763818,0.3858045,-1.5028148,-0.7225342,0.8453502,-0.9333652,-0.2921354,0.0367637,-1.464973,-0.0399827,1.3430763,-1.122119,-0.6849301,-0.6178649,-1.6942011,-0.2264538,1.2932163,-1.8074624,-0.6348585,-1.0653074,-2.3952566,-0.3940052,1.2743275,-2.0100268,-0.6174641,-1.0413014,-2.6063092,-0.4658707,1.1930073,-2.0965345,-0.5365439,-0.9090059,-2.6956209,-0.47567,1.2643182,-1.8283492,-0.605405,-1.0464179,-2.4569692,-0.4155226,0.319583,0.046387,0.1377297,-0.319583,-0.046387,-0.1377297,1.030265,0.7075138,-0.0724107,-1.0107933,0.3915866,-0.7847898,0.8154572,0.8151254,0.6687693,0.0973516,0.7682051,-0.3454477,0.7267238,0.7747377,0.7772083,0.2295027,0.7288059,-0.3854809,0.6858999,0.8600058,0.8505727,0.5521863,0.7730674,-0.4184882
Malaysia,21,34.54545,94.87179,10.81081,50.53763,69.56522,54.6875,0.0,45.16129,-0.4218353,-1.8879214,-1.0713156,-0.4709641,-1.9765499,-1.0756868,-0.4774877,-1.9828511,-1.0426515,-0.4859217,-1.9832453,-1.0457758,-0.5399444,-1.9551625,-1.1667598,-0.5250955,-1.9675569,-1.2156835,-0.5013701,-1.9293778,-1.1345112,-0.5408923,-2.0140534,-0.7508006,-0.7370787,-1.6020491,-0.9843304,-0.3897704,-1.8701981,-0.9288518,-0.4046999,-1.7036961,-1.0817916,-0.0559897,-1.698254,-0.3718865,-0.9863746,-1.412811,-0.6019001,0.540757,-2.198433,-0.4590255,-1.3361855,-1.5493481,-1.2673096,1.0266437,-2.9007995,-0.5252337,-1.3902744,-2.3518517,-1.6398181,1.0817304,-3.1167847,-0.476835,-1.3131167,-2.5787048,-1.7783546,1.0129219,-3.1320391,-0.4985125,-1.2154752,-2.7596023,-1.728286,1.0618831,-2.9093501,-0.5432719,-1.3540024,-2.4277661,-1.6413848,0.3438763,-0.1323507,0.1468063,-0.3438763,0.1323507,-0.1468063,1.1522868,0.397849,-1.1330643,-1.0902083,0.4584019,-1.1923069,0.0498156,0.6070629,-0.1937533,0.3757434,0.7111276,-0.6876089,-0.1933272,0.6189579,-0.0452672,0.5037969,0.6809417,-0.7510718,-0.4686435,0.9138901,-0.017368,0.7398623,0.6453902,-0.8819076
Malaysia,22,47.27273,43.58974,13.51351,87.09677,46.37681,18.75,0.0,40.32258,0.0347765,-1.8377515,-0.9916507,0.1016159,-1.9040624,-0.9712094,0.1090736,-1.9016981,-0.9467733,0.098772,-1.9042225,-0.9488317,0.0221203,-1.9319889,-1.008331,0.0320825,-1.9325368,-1.0525227,0.0362868,-1.9050317,-0.9829102,0.2975028,-1.8034227,-0.6670852,-0.1463408,-1.7050466,-0.650689,0.1483829,-1.771538,-0.8641804,0.0315854,-1.6816781,-0.9424069,0.6256739,-1.3147324,-0.3187849,-0.34842,-1.4695419,-0.1539362,1.0149515,-0.8883046,-0.5684457,-0.8155318,-0.756463,-0.4640775,1.0514767,-0.7828388,-0.9563119,-0.8256248,-0.7797421,-1.2243469,1.0281316,-0.7827348,-1.0245416,-0.7361605,-0.8134137,-1.4655918,0.9173779,-0.9000539,-1.0384523,-0.5359893,-0.9742006,-1.4975451,1.0116098,-0.7734863,-0.9684587,-0.7480027,-0.8373386,-1.2779859,0.3244476,0.0598162,0.1249854,-0.3244476,-0.0598162,-0.1249854,0.7951203,0.9301352,-0.3469609,-0.3670386,-0.2820682,-1.1097843,0.3403448,0.913656,0.7855373,-0.4409619,0.8170918,-0.4590021,0.2277106,0.8945185,0.9349376,-0.4434082,0.9006929,-0.4975855,0.1428082,1.0366294,0.9894041,-0.465783,1.0906221,-0.6715211
Malaysia,23,52.72727,78.20513,5.40541,23.65591,84.05797,76.5625,0.0,45.16129,0.0002078,-1.6812429,-1.0634244,0.079719,-1.7366327,-1.027838,0.0799459,-1.7432203,-1.0066328,0.0729117,-1.745796,-1.0078787,-0.002441,-1.7756275,-1.0720338,0.0018901,-1.7799906,-1.1138362,0.0144302,-1.7378148,-1.0514365,0.2732606,-1.7057813,-0.7109494,-0.1912071,-1.6274628,-0.7032078,0.1112587,-1.6426969,-0.9275474,-0.0142134,-1.5635356,-0.9933477,0.4953429,-1.2726452,-0.4110292,-0.459416,-1.5452034,-0.292086,0.8029914,-0.9812046,-0.736084,-1.1647944,-1.3581069,-0.5704336,0.9725812,-0.9651602,-1.0670257,-1.5724919,-1.7227944,-0.9962006,0.9948395,-0.9894499,-1.1099113,-1.5839815,-1.8609309,-1.1563078,0.9416731,-1.0450985,-1.1616629,-1.4723459,-2.0151335,-1.1996049,0.9680226,-0.9374762,-1.104172,-1.5634546,-1.7956195,-1.0412233,0.3009771,-0.0235561,0.0961615,-0.3009771,0.0235561,-0.0961615,0.8786259,0.9842114,-0.1205827,-0.2697359,0.9959819,-0.2163687,0.7672098,0.833965,0.8650965,-0.3470532,0.8671093,0.9039416,0.7013372,0.8232294,1.0126942,-0.3485929,0.8322655,0.9133957,0.7554114,0.9710922,1.2359745,-0.2604414,0.9769445,1.086949
Malaysia,24,43.63636,21.79487,24.32432,76.34409,39.13043,28.125,9.43396,43.54839,-0.2314013,-1.8505107,-0.723584,-0.2198621,-1.9374177,-0.6741755,-0.2121944,-1.9420153,-0.6438755,-0.2179553,-1.9429835,-0.6567788,-0.305433,-1.9369465,-0.7321666,-0.3036823,-1.9376004,-0.7700533,-0.2889944,-1.90333,-0.704697,-0.0416549,-1.9280565,-0.2476902,-0.5755303,-1.6501927,-0.3241846,-0.0975483,-1.8118256,-0.5512805,-0.2467805,-1.6740595,-0.641419,0.3592745,-1.3721073,0.1627462,-0.6355982,-1.4176087,0.2530673,0.9400134,-0.8877108,0.1127178,-0.7580101,-0.5906152,0.1224108,0.9237464,-0.8681301,-0.0747373,-0.4394788,-0.6218203,-0.3582757,0.8353097,-0.937244,-0.1087752,-0.2531926,-0.6921763,-0.5489405,0.7538213,-1.0152291,-0.1070083,-0.1537633,-0.9200314,-0.5475985,0.8942741,-0.8655827,-0.080548,-0.3867673,-0.7143156,-0.3845929,0.3379996,0.0246365,0.0499167,-0.3379996,-0.0246365,-0.0499167,1.1778027,0.9773635,-0.6021043,-1.2059555,0.5884364,-0.5481242,0.43426,1.4568784,0.2177219,-0.4496242,1.3189109,0.2266469,0.2722498,1.4903214,0.3382751,-0.3864699,1.3684733,0.1883865,0.2641681,1.7832859,0.3302317,-0.5020295,1.6112626,0.1251623
Malaysia,25,67.27273,64.10256,2.7027,13.97849,97.10145,90.625,0.0,50.0,-0.1296315,-1.6076359,-0.7621128,-0.0108793,-1.6393476,-0.777228,-0.0136992,-1.6447565,-0.7562479,-0.0154955,-1.6501606,-0.7585245,-0.0483696,-1.6913103,-0.7569561,-0.0435468,-1.6952524,-0.7908963,-0.0352089,-1.6542072,-0.7414379,0.2789059,-1.4989161,-0.6816449,0.0182579,-1.5216912,-0.4486679,-0.0041987,-1.5237595,-0.7069074,-0.0803162,-1.4819899,-0.7119197,0.5501189,-0.9644559,-0.4525786,-0.1973929,-1.5059644,-0.067878,1.0439297,-0.533412,-0.5743762,-0.6967953,-1.666624,-0.2260981,1.4996117,-0.2204598,-0.5597116,-1.1601559,-2.0788727,-0.4350706,1.6263568,-0.2037106,-0.5462986,-1.2100342,-2.2055667,-0.5322752,1.6143996,-0.234676,-0.6193395,-1.1319391,-2.3210624,-0.5905343,1.5305471,-0.1775103,-0.6071646,-1.1578503,-2.1270482,-0.4994443,0.2137598,0.0364105,-0.0024324,-0.2137598,-0.0364105,0.0024324,0.1576263,0.8920276,-0.1487495,0.0945587,0.8628542,-0.0373373,-0.078954,1.7916334,0.2121021,0.7240667,1.4100069,0.445392,-0.1655458,1.8710513,0.2605503,0.7972356,1.4393347,0.392437,-0.2583141,1.9665904,0.1188644,0.8571151,1.6182613,0.304018
Malaysia,26,76.36364,83.33333,0.0,18.27957,98.55072,90.625,0.0,53.22581,-0.5368288,-1.5747978,-1.6675769,-0.4741985,-1.6970459,-1.5799854,-0.4647056,-1.6888289,-1.5344358,-0.4743766,-1.6899206,-1.5486923,-0.6132676,-1.686596,-1.6364846,-0.6048295,-1.6860314,-1.6855181,-0.5825918,-1.6550183,-1.6080767,-0.1861527,-1.6931451,-1.0184312,-0.8620019,-1.3932043,-1.0861507,-0.385554,-1.5507265,-1.4361059,-0.5420983,-1.4086825,-1.5402047,0.14641,-1.1981822,-0.4784212,-0.8440194,-1.0935073,-0.5683807,0.5477807,-0.6022033,-0.5155645,-0.3778434,-0.1920799,-0.7972108,0.7044775,-0.0698052,-0.454267,-0.0490571,0.3508967,-0.8729091,0.7435999,0.0569336,-0.4112673,0.1236558,0.4747702,-1.0186681,0.6569362,0.0407776,-0.4852063,0.2325815,0.2825229,-1.0521603,0.711166,-0.0051688,-0.489085,0.0209708,0.3280838,-0.9228199,0.2686512,-0.0818628,0.1145003,-0.2686512,0.0818628,-0.1145003,0.563527,0.7139368,-0.344934,0.30421,0.7600106,-0.3728092,0.6062157,1.8538849,-0.3378246,0.3625636,1.9472171,0.0782414,0.5341122,2.0005916,-0.3202481,0.3435613,2.0564783,0.0012301,0.5018897,2.2630627,-0.5305813,0.2996065,2.183033,-0.1526794
Malaysia,27,54.54545,89.74359,2.7027,35.48387,91.30435,71.875,9.43396,45.16129,-0.5024172,-1.5339998,-1.1186682,-0.443088,-1.6098715,-1.1016756,-0.4484426,-1.6145036,-1.0714632,-0.45172,-1.6163808,-1.078991,-0.5348589,-1.618764,-1.1241677,-0.5296834,-1.6235758,-1.1616401,-0.5066288,-1.5835023,-1.1041666,-0.2329436,-1.647106,-0.8159076,-0.6290372,-1.4115892,-0.7549517,-0.3849762,-1.5347447,-0.9899642,-0.4718597,-1.4147759,-1.0510936,0.1858839,-1.2964768,-0.5062073,-0.7798335,-1.3933817,-0.2653769,0.8209745,-1.0367758,-0.5543522,-1.2919739,-1.4614201,-0.5483244,1.4304674,-0.7099118,-0.4842821,-1.805832,-1.9098684,-0.8610826,1.555786,-0.6712134,-0.4337686,-1.8613377,-2.0605324,-1.006808,1.543815,-0.6442586,-0.5229582,-1.8053992,-2.2206673,-1.0268218,1.4789629,-0.637506,-0.5242992,-1.8144993,-1.9794358,-0.9107269,0.2267982,-0.0553102,0.0206233,-0.2267982,0.0553102,-0.0206233,0.1455301,1.0446809,-0.13741,-0.0799197,0.887047,-0.1088282,-0.281986,1.9360204,0.2647366,0.4358383,1.6266339,0.4446681,-0.3933605,2.0412271,0.3271031,0.4837745,1.6726588,0.3839967,-0.3880157,2.1326459,0.2005714,0.5239434,1.7935354,0.2307329
Malaysia,28,63.63636,85.89744,2.7027,16.12903,94.2029,85.9375,0.0,48.3871,1.0201699,-1.5418751,-2.4383879,0.9588438,-1.4815058,-2.5982017,0.9584746,-1.4729047,-2.5278318,0.9551137,-1.4900276,-2.5388544,1.0555561,-1.4999876,-2.6555477,1.073357,-1.4601906,-2.7538633,1.0480241,-1.425825,-2.5967175,0.6789957,-1.112549,-2.5931325,0.7022278,-1.0249517,-2.5211168,0.9624417,-1.3705812,-2.3513215,0.9041553,-1.2543957,-2.5188938,0.5009786,-0.9626036,-1.5714738,1.4594297,-0.7396787,-1.7494511,0.9226916,-0.9537142,-1.7007446,2.2968014,-0.8652627,-1.9939225,1.4099749,-1.2579872,-1.8377528,3.0217783,-1.8918784,-2.2761436,1.4849786,-1.4574328,-1.8678765,3.3078375,-2.0191691,-2.6273785,1.5771436,-1.6076289,-1.9754594,3.4598145,-2.1116651,-2.6740715,1.3894709,-1.2639697,-1.8903904,3.0828518,-1.9932428,-2.3635921,-0.0251233,-0.1167978,0.402932,0.0251233,0.1167978,-0.402932,-0.1190813,1.9247972,0.2291746,0.6010801,1.2664771,-0.8802921,-1.863318,3.0417677,0.4004421,-0.8545502,3.1109539,-0.6293151,-2.0900387,2.9927556,0.4645094,-0.9405286,3.2530266,-0.7878862,-2.0388068,3.3055942,0.3823846,-0.6894888,3.5571857,-1.0168967
Malaysia,29,54.54545,46.15385,2.7027,89.24731,91.30435,20.3125,0.0,41.93548,0.0205506,-1.3536069,-1.4181647,0.0692655,-1.4239292,-1.3967693,0.0710692,-1.4226209,-1.3721278,0.0665346,-1.4270436,-1.3747124,0.000919,-1.4455017,-1.438937,0.0084855,-1.4476919,-1.4744768,0.017516,-1.4121057,-1.413012,0.2765147,-1.4235414,-1.0731142,-0.1655175,-1.302378,-1.0574245,0.1301655,-1.3271569,-1.2637718,0.0183064,-1.2448044,-1.3346333,0.5995649,-1.10896,-0.6456655,-0.3748574,-1.2776842,-0.4972287,1.21951,-0.9671513,-0.6373254,-1.0288727,-1.0449516,-0.6064071,1.8054502,-0.9250169,-0.5892368,-1.7605611,-1.0810644,-0.8179605,1.9465798,-0.9808712,-0.5459834,-1.8708887,-1.1353994,-0.9072068,1.9389326,-1.0261039,-0.6317319,-1.8483514,-1.2336094,-0.9919073,1.8456096,-0.8949441,-0.6329669,-1.8019787,-1.1121458,-0.8918992,0.2524865,0.0176207,0.0998012,-0.2524865,-0.0176207,-0.0998012,0.1109299,1.0870811,0.0326308,-0.0471872,0.5251885,-0.5111354,-0.5798459,1.4696141,0.7542472,0.1449817,1.4732677,-0.0131781,-0.7112231,1.5028729,0.8397268,0.1606729,1.5461261,-0.0576811,-0.6667316,1.6054604,0.7724052,0.1427419,1.637036,-0.2580156
Malaysia,30,65.45455,16.66667,20.27027,65.5914,65.21739,59.375,33.96226,48.3871,-0.243035,-1.6507983,-0.6986799,-0.1659971,-1.7185975,-0.7435561,-0.1564396,-1.7214333,-0.7126066,-0.1621682,-1.7224962,-0.7213983,-0.2033563,-1.7562877,-0.719743,-0.199379,-1.7521647,-0.7579924,-0.1886097,-1.7176806,-0.6973777,0.1631245,-1.7053069,-0.6391359,-0.1492115,-1.606866,-0.3733414,-0.0693454,-1.6219457,-0.625162,-0.1557108,-1.528415,-0.6305631,0.5248348,-1.2444733,-0.3331601,-0.2703895,-1.5377848,0.1974873,0.1766147,-0.7187717,-0.4685072,-0.7541142,-1.0088589,0.0107727,-0.4396196,-0.7028139,-0.4094468,-1.0864374,-1.2092656,-0.5448593,-0.6327955,-0.7194782,-0.4051862,-1.0616962,-1.2868847,-0.739927,-0.6522261,-0.805963,-0.4158503,-0.9719817,-1.4419588,-0.7654164,-0.4696887,-0.6922112,-0.400734,-1.0666476,-1.2824977,-0.5963609,0.2758594,0.0542764,0.0216033,-0.2758594,-0.0542764,-0.0216033,0.5025528,1.148344,-0.308642,-0.6592709,0.7222255,-0.3745259,0.1161924,1.7227718,0.4767225,-1.0289052,1.8489972,-0.0485368,0.0173758,1.7667852,0.5744162,-1.0723776,1.9474979,-0.1437254,0.1718422,1.880681,0.5724638,-1.2706941,1.9902785,-0.3196536
Malaysia,32,54.54545,75.64103,5.40541,56.98925,72.46377,54.6875,15.09434,48.3871,0.2897651,-1.9437287,-0.9731718,0.3466738,-1.9993893,-0.9544839,0.343323,-2.0064215,-0.9205887,0.3383377,-2.0072543,-0.9295825,0.2700226,-2.0390565,-1.0247003,0.2760999,-2.0379366,-1.0666221,0.2877401,-1.9925439,-0.9993453,0.4600464,-2.0038551,-0.6376104,0.0315968,-1.8748229,-0.7220356,0.3744443,-1.9139294,-0.8182296,0.2573248,-1.8168113,-0.929474,0.7295388,-1.6131979,-0.2947727,-0.2359104,-1.8598202,-0.2105975,1.246075,-1.7163109,-0.5033856,-0.7172444,-1.6692338,-0.6977202,1.5508164,-2.2203951,-0.7197814,-1.032724,-1.922421,-1.2349644,1.5740507,-2.3410934,-0.7768787,-1.0401234,-1.9854125,-1.4222325,1.5167886,-2.4216353,-0.8210728,-0.9272296,-2.1092022,-1.4438963,1.5621776,-2.2151591,-0.760654,-1.016924,-1.9685732,-1.279175,0.2747941,0.0025496,0.0851618,-0.2747941,-0.0025496,-0.0851618,0.411147,1.2073212,-0.1687008,-0.2557408,0.9272431,-0.2812904,0.1263252,2.3112041,0.1661138,0.0400544,1.9658453,0.3495572,0.0181495,2.4044906,0.2186554,0.078799,2.043532,0.2767037,0.1295592,2.5329889,0.1631954,-0.028216,2.1444483,0.236993
Malaysia,33,76.36364,32.05128,54.05405,7.52688,76.81159,93.75,0.0,54.83871,-0.2995708,-2.213586,-0.9567992,-0.3697782,-2.2958202,-0.9498197,-0.3705444,-2.306171,-0.9133596,-0.378932,-2.2989072,-0.9276859,-0.4058519,-2.2966615,-1.0676703,-0.3993235,-2.2957402,-1.1038815,-0.3754396,-2.25596,-1.0272734,-0.4679007,-2.2995986,-0.6476997,-0.6945285,-1.894654,-0.9205255,-0.2480029,-2.2075188,-0.8012192,-0.2903339,-2.0198538,-0.9739441,-0.0405609,-2.0087313,-0.1821103,-0.9752446,-1.6981427,-0.3550301,0.3211334,-2.6768206,0.2826513,-1.5354013,-1.3985298,-0.8491483,1.0067387,-3.2725305,0.776806,-1.5486658,-2.079749,-1.1840141,1.0918041,-3.4410709,0.8941463,-1.4427447,-2.3048295,-1.3582836,1.0736489,-3.420785,0.8097778,-1.3316468,-2.498728,-1.3094539,1.0720835,-3.2230948,0.7367097,-1.5152179,-2.1931876,-1.1936121,0.3488317,-0.0923243,0.1719542,-0.3488317,0.0923243,-0.1719542,1.3439443,0.7855636,-0.388223,-0.8301698,0.8406079,-0.8606962,1.1813996,1.847017,0.5177062,-0.8309956,2.3978193,-0.1452779,1.082164,1.948651,0.6281988,-0.8435951,2.546602,-0.2158578,1.3587859,1.9393771,0.6378951,-1.1718316,2.642336,-0.416672
Malaysia,34,81.81818,57.69231,44.59459,5.37634,73.91304,95.3125,73.58491,51.6129,1.1334302,-1.9524803,-1.0792097,1.1453149,-2.0283855,-1.04782,1.1432676,-2.0309518,-1.0187165,1.1405562,-2.0312912,-1.0304318,1.1491331,-2.0590525,-1.1772542,1.1511613,-2.0541663,-1.217249,1.1585994,-1.9981098,-1.1457966,1.0020056,-2.0508695,-0.7863319,0.7548263,-1.8910572,-1.1085059,1.1333904,-1.9086547,-0.9287325,1.0463573,-1.8005984,-1.1193516,1.1121876,-1.4733128,-0.3274366,0.216206,-1.8078933,-0.6194517,1.8057086,-1.085599,-0.2469741,-0.4524488,-1.0403406,-0.5587849,2.6124009,-0.8832784,-0.1419202,-0.3347204,-0.4552386,-0.5347233,2.7769965,-0.913252,-0.0976696,-0.1796729,-0.3085531,-0.6753609,2.7679943,-0.9497548,-0.1901324,0.0703139,-0.4432957,-0.7005007,2.6599838,-0.8147469,-0.1954725,-0.2296362,-0.4705108,-0.5628934,0.2629855,0.0984672,0.2240666,-0.2629855,-0.0984672,-0.2240666,0.2132518,1.461289,0.3463767,-1.1633234,0.6307797,-0.2146051,-0.1426402,2.6131743,0.7034309,-1.883398,0.2389346,0.9446908,-0.2392687,2.7112684,0.7663368,-1.9495245,0.1530627,0.9375082,0.0260202,2.8771444,0.7205796,-2.0436195,0.1152935,1.0627483
Malaysia,35,85.45455,51.28205,45.94595,7.52688,72.46377,93.75,86.79245,48.3871,0.3315131,-1.9198925,-0.9264415,0.3205611,-2.0364032,-0.9077784,0.3270302,-2.0380102,-0.8761443,0.3160644,-2.0372416,-0.889448,0.3133003,-2.0427755,-1.0248937,0.3162081,-2.0416808,-1.0633258,0.3363054,-2.0014372,-0.9946627,0.1619789,-2.0466289,-0.6398874,-0.0305171,-1.8229685,-0.9531401,0.3383139,-1.9030756,-0.8008236,0.2861975,-1.7675585,-0.9703795,0.4222292,-1.553751,-0.1959413,-0.5529775,-1.5792096,-0.4157679,1.3194696,-1.3575855,-0.0125302,-1.0033754,-0.7274646,-0.6161654,2.2037278,-1.2508966,0.0318061,-0.5060265,-0.326439,-0.8557501,2.3609255,-1.3057029,0.033046,-0.2608698,-0.2517183,-1.0303347,2.3123158,-1.3329663,-0.0604436,-0.0488011,-0.4446083,-1.0255555,2.2444025,-1.1897654,-0.0341612,-0.3874304,-0.3619507,-0.8813858,0.2886048,-0.1362445,0.1747702,-0.2886048,0.1362445,-0.1747702,1.2428432,0.160879,-0.7021389,-0.1238707,1.2589244,-0.3367069,1.4774873,1.0688969,-0.0696289,0.1951706,2.5051654,0.565474,1.4580845,1.1349136,0.0181416,0.2203024,2.6152563,0.5140346,1.7690213,1.0364826,-0.0687666,-0.0149261,2.5695818,0.3374857
Malaysia,36,65.45455,78.20513,5.40541,20.43011,81.15942,81.25,30.18868,50.0,-1.7365518,-3.9200298,-1.7013745,-1.765758,-4.0549817,-1.7688939,-1.7545474,-4.056767,-1.6803611,-1.7609056,-4.0664876,-1.714349,-1.8282935,-4.1058726,-1.8577848,-1.7922856,-4.0899847,-1.9660495,-1.7270563,-4.0227493,-1.7993263,-1.531439,-4.1362956,-1.4296913,-1.7090063,-3.525286,-1.4082447,-1.5229929,-3.9570425,-1.43025,-1.5003217,-3.6301012,-1.6630469,-0.5160651,-3.2253254,-0.3257094,-1.4168783,-3.6241889,-0.4973006,0.9325452,-1.9650276,-0.4441658,0.056829,-2.2938077,-0.794258,0.6583981,-1.5737867,-0.195181,0.8379156,-1.6935124,-0.9650615,0.3529663,-1.5307388,-0.1612689,1.1704731,-1.6801687,-1.3016446,0.1330252,-1.7158464,-0.1907004,1.2294656,-2.0031861,-1.3741621,0.6324587,-1.5802406,-0.2030997,0.8569292,-1.776011,-1.0470859,0.2528494,0.0983285,0.3177273,-0.2528494,-0.0983285,-0.3177273,0.9344628,3.2707104,-0.1175108,0.7500239,2.4856296,-0.8000948,1.2895728,5.710659,0.3143627,0.901769,5.3028118,-0.2316889,1.1445826,6.0154696,0.4004201,0.8855249,5.5404505,-0.4969198,1.386765,6.2548174,0.1278348,1.130625,5.6383102,-1.0009304
Malaysia,37,69.09091,88.46154,2.7027,13.97849,92.75362,87.5,33.96226,54.83871,0.1653049,-1.489835,-0.7952112,0.2855252,-1.5073345,-0.7874316,0.2828991,-1.5115196,-0.7669375,0.2803988,-1.5180869,-0.7688688,0.2439384,-1.5664581,-0.7929529,0.2496273,-1.5713594,-0.8249337,0.2597883,-1.5352263,-0.7757627,0.5049292,-1.3728477,-0.6061431,0.2335732,-1.4340207,-0.4834856,0.2491628,-1.4115832,-0.7073291,0.1739965,-1.3806513,-0.7449729,0.664538,-0.9126768,-0.365251,-0.0969554,-1.4708503,-0.0357512,1.148383,-0.5706149,-0.435962,-0.566493,-1.6794703,-0.1763095,1.6352118,-0.3534129,-0.4332846,-0.9689116,-2.1521027,-0.4436322,1.7534636,-0.3636092,-0.4213417,-1.0009654,-2.2958828,-0.5567613,1.7681509,-0.3905364,-0.5054304,-0.9324349,-2.432899,-0.6168162,1.6728818,-0.3105886,-0.479856,-0.9669036,-2.2110171,-0.5021064,0.2187495,0.0370929,-0.0202921,-0.2187495,-0.0370929,0.0202921,-0.0800989,0.9217416,-0.1779057,-0.1923672,0.8348057,-0.1820972,-0.346212,1.7101318,0.2774494,0.5285577,1.3818093,0.1945073,-0.4460719,1.7869841,0.3364586,0.6049766,1.407634,0.139916,-0.6348442,1.9342017,0.2040043,0.6347496,1.6154129,0.0343809
Malaysia,38,83.63636,84.61538,2.7027,7.52688,86.95652,95.3125,92.45283,53.22581,-0.0789804,-1.6331918,-0.6633764,-0.0114433,-1.7082564,-0.6622488,-0.0015409,-1.7058771,-0.6366147,-0.0019974,-1.7137118,-0.6491269,-0.0602959,-1.7369279,-0.6786946,-0.0555365,-1.7339455,-0.7128523,-0.0475869,-1.7012053,-0.6532056,0.2595261,-1.66,-0.462343,-0.1034838,-1.5187046,-0.3110369,0.0593851,-1.5905844,-0.5714867,-0.0358256,-1.4894375,-0.6070287,0.6228948,-1.1589388,-0.1385966,-0.2802544,-1.3799726,0.2294601,0.9428507,-0.6557041,-0.1451215,-0.7108224,-0.9866009,-0.0178585,1.2275525,-0.0906246,-0.0858892,-1.0030617,-1.4312619,-0.4699195,1.2891597,-0.0022406,-0.0769352,-0.9905749,-1.5646839,-0.6047782,1.2027343,0.0427809,-0.1459411,-0.9488755,-1.7471295,-0.6529829,1.217449,0.0051128,-0.121889,-1.0025731,-1.5185692,-0.525051,0.2719801,0.1112163,0.0121264,-0.2719801,-0.1112163,-0.0121264,0.1038313,1.3761127,-0.0721401,-0.6123057,-0.2816118,-0.6336408,-0.0904049,2.2857275,0.3126906,-0.6787816,0.7795914,-0.8268392,-0.1744628,2.3727838,0.3547599,-0.6885465,0.8610374,-0.9695948,0.0390764,2.3926432,0.2213438,-0.9377612,0.7327686,-1.1483067
Malaysia,39,87.27273,35.89744,2.7027,5.37634,79.71014,98.4375,94.33962,56.45161,-0.0339253,-1.6365813,-0.6745349,0.0371762,-1.7106513,-0.6415579,0.0477159,-1.7074247,-0.6171935,0.0453352,-1.7149404,-0.6267064,-0.0349338,-1.7377837,-0.6704104,-0.0295918,-1.7371202,-0.7059397,-0.0240016,-1.7085285,-0.6447844,0.3063985,-1.6601331,-0.3442432,-0.1617357,-1.5396706,-0.2532544,0.0966234,-1.5915122,-0.5514634,-0.0280208,-1.4952428,-0.6065129,0.6197958,-1.1621991,-0.0284872,-0.3172709,-1.3726683,0.2500963,0.9521828,-0.6531335,-0.0780666,-0.6186879,-0.9031191,-0.1150354,1.1940572,-0.1140141,-0.083785,-0.9062545,-1.3574764,-0.6666226,1.2446306,-0.0301901,-0.0770572,-0.9046509,-1.4955719,-0.823786,1.1634951,-0.0059766,-0.1532125,-0.8645189,-1.6830224,-0.8687825,1.1794603,-0.0270875,-0.1202154,-0.9081209,-1.4467643,-0.7199632,0.2808577,0.1083903,0.0331317,-0.2808577,-0.1083903,-0.0331317,0.0680828,1.3233703,-0.0074641,-0.5345569,-0.2955024,-0.7273776,-0.043931,2.2077082,0.4170431,-0.6869554,0.7465047,-0.9195927,-0.1195118,2.3002028,0.4638817,-0.7067046,0.8281403,-1.0588003,0.0822039,2.3495287,0.3133193,-0.9024284,0.7203128,-1.2651251
Malaysia,40,67.27273,83.33333,5.40541,21.50538,85.50725,84.375,16.98113,53.22581,-0.7846422,-1.8100709,-0.811844,-0.7018959,-1.9016274,-0.8242963,-0.7041533,-1.9094401,-0.7954214,-0.7092539,-1.9108292,-0.8057327,-0.786223,-1.922886,-0.8196452,-0.7797479,-1.9258297,-0.8577407,-0.7577316,-1.8813947,-0.7962152,-0.3554199,-1.9599242,-0.6393932,-0.7290512,-1.7357673,-0.3897953,-0.6046702,-1.8071759,-0.7132528,-0.6913108,-1.6847833,-0.727687,0.1491732,-1.6339412,-0.269932,-0.7966956,-1.6160076,0.0541214,0.7946308,-1.5635217,-0.5475283,-1.3225342,-1.5078599,-0.259728,1.2218862,-1.5025146,-0.7675037,-1.7022047,-2.1306779,-0.5978566,1.3171022,-1.5136967,-0.7889224,-1.6794609,-2.3197329,-0.7540239,1.2654314,-1.4974778,-0.8485579,-1.6257875,-2.5186687,-0.7606307,1.252782,-1.4482317,-0.8122761,-1.701122,-2.2272097,-0.6356711,0.2539357,-0.0530866,0.0187005,-0.2539357,0.0530866,-0.0187005,0.3737449,1.1916294,-0.2370694,-0.0138838,0.8779866,-0.1958037,-0.1373641,2.2273126,0.1627664,0.1674372,1.9284651,0.3526373,-0.272355,2.3420547,0.2247252,0.1848903,2.0090018,0.2805585,-0.2959748,2.4652085,0.1189164,0.1849466,2.1404446,0.1667779
Malaysia,41,69.09091,55.12821,4.05405,35.48387,89.85507,78.125,18.86792,54.83871,0.2108854,1.7557821,-0.3401143,0.2282648,1.838323,-0.3931198,0.2233421,1.8437751,-0.3405431,0.2229993,1.8407979,-0.3542541,0.2680476,1.8626191,-0.3962159,0.2652229,1.8527758,-0.4592224,0.252008,1.7862538,-0.3632603,-0.088544,2.1475192,-0.1793543,0.3479098,1.7819286,0.0347925,0.0089913,1.840038,-0.2011025,0.1304234,1.6417193,-0.2623886,-0.5069675,1.9494055,0.1040792,0.3014751,2.0277176,0.6874212,-0.0244937,1.9004547,-0.1997331,0.6021203,1.4017495,0.3249933,0.440114,2.0443199,-0.0137163,0.6720772,1.6147904,-0.1061464,0.5874666,2.1515552,0.0374646,0.5430763,1.6847749,-0.3078412,0.6032157,2.2167974,0.0088272,0.4049212,1.9668233,-0.2917698,0.4154008,2.0084981,-0.0137063,0.6514705,1.7254687,-0.1422602,-0.2487642,-0.1361699,-0.0921666,0.2487642,0.1361699,0.0921666,0.5926018,-1.372574,-0.3960649,0.8441305,0.5604977,0.3877026,0.7513868,-2.6312722,-0.1371843,1.0048322,1.1264531,0.546053,0.8807297,-2.7518012,-0.0817497,1.0073479,1.224776,0.3660773,1.0529116,-2.9956299,-0.1461614,0.8827937,1.5080898,0.4425197
Malaysia,42,80.0,82.05128,0.0,13.97849,100.0,92.1875,0.0,58.06452,-1.0747649,-1.5277465,-0.6966997,-1.0085496,-1.613077,-0.7367986,-1.0076749,-1.620892,-0.7072996,-1.0106029,-1.6239658,-0.7137788,-1.0543609,-1.6414491,-0.716384,-1.0499283,-1.6399532,-0.7487484,-1.024454,-1.6027079,-0.6918877,-0.6779074,-1.6774667,-0.6540902,-0.9308384,-1.5049459,-0.3514031,-0.8986904,-1.535663,-0.6337116,-0.9418655,-1.4306693,-0.6317711,-0.2684719,-1.2803657,-0.3997915,-0.9134626,-1.5402639,0.318846,0.0394579,-0.7336113,-0.6401511,-1.3559662,-1.5229,0.4899311,-0.2463248,-0.3395574,-0.6760743,-1.9941276,-1.8323585,0.4868776,-0.3733871,-0.2839143,-0.6927062,-2.0676124,-1.9789772,0.3825281,-0.4623725,-0.291262,-0.7108525,-2.0472327,-2.1190143,0.3476839,-0.2805623,-0.2855361,-0.6792727,-2.0316849,-1.9002148,0.4416857,0.2095205,-0.0261355,-0.128814,-0.2095205,0.0261355,0.128814,0.919755,0.9552107,-0.3416491,-0.8296489,0.7201856,0.0099761,1.8046825,1.7242796,-0.0884131,-0.7332636,1.8886142,0.3517038,1.8295338,1.8204645,-0.0601429,-0.7538138,1.9883996,0.2663478,1.7922786,1.8789849,-0.2065775,-1.0778783,2.0477955,0.2194272
Malaysia,43,54.54545,87.17949,52.7027,7.52688,65.21739,84.375,15.09434,48.3871,-0.4116258,10.0637037,-0.5391745,-0.3472488,10.3544515,-0.6776216,-0.3750156,10.4001854,-0.4912012,-0.3628335,10.3979713,-0.5405417,-0.4432124,10.5369347,-1.1139314,-0.4955496,10.5114814,-1.3079082,-0.5904267,10.3461926,-0.9440085,0.3486946,10.3265377,-0.2299788,0.2667191,9.473784,-1.0028141,-0.2959498,9.9841035,-0.1146581,-0.4255266,9.3229733,-0.8097663,0.8511167,8.3793802,0.9221811,0.5168028,9.3131089,0.7941775,0.8227536,8.7235847,1.2336867,0.4074854,7.9030371,-0.192731,0.3781007,10.1716356,2.9828685,1.5001203,9.2619519,0.2271836,0.647145,10.6841408,3.3653021,1.4405493,9.8965963,-0.3097981,0.6660114,10.8293387,3.1244446,1.3101899,10.5120687,-0.2830791,0.1859642,10.0312827,2.8861835,1.6462593,9.588707,0.1565949,0.07741,0.043698,0.3329703,-0.07741,-0.043698,-0.3329703,-3.223597,-5.1143822,-0.8478549,-1.960959,-4.1995969,-0.3508909,-8.2085386,-6.1341099,-0.9899772,-2.9762116,-8.0519022,-0.5042828,-8.3227607,-6.2947992,-0.8856108,-3.0235701,-8.3554577,-1.1823426,-8.3083849,-6.6870212,-0.7040729,-2.7219208,-9.2030495,-1.2333114
Myanmar,01,18.18182,17.94872,56.75676,91.39785,20.28986,7.8125,0.0,38.70968,-0.043245,-1.6480113,-1.2890951,-0.0001813,-1.7196756,-1.2782559,0.0077969,-1.7188095,-1.2398644,0.0026988,-1.7192664,-1.2560447,-0.0768277,-1.7405356,-1.3164298,-0.0712273,-1.7360972,-1.3569029,-0.0570109,-1.6997471,-1.2935211,0.1907769,-1.7534356,-0.9325761,-0.2593323,-1.5859938,-0.9351978,0.0814008,-1.6478245,-1.1230033,-0.033037,-1.5373091,-1.2057495,0.5198548,-1.3676745,-0.4152696,-0.4687785,-1.4770373,-0.3120994,0.7690458,-0.7620528,-0.2839924,-0.7121027,-0.6661518,-0.3526754,0.5595084,-0.2085033,-0.2933548,-0.5029823,-0.2143092,-0.596841,0.4486031,-0.0797273,-0.3088971,-0.3319081,-0.1039379,-0.7545946,0.3302398,-0.1164567,-0.3546647,-0.2003259,-0.263263,-0.7919784,0.5146882,-0.1404576,-0.3102191,-0.4252723,-0.2416439,-0.6473206,0.2838985,0.003089,0.1039091,-0.2838985,-0.003089,-0.1039091,0.4752239,1.1783051,-0.226234,-0.428563,0.9371619,-0.1534133,0.4160877,2.1393002,0.1600479,-0.3620783,1.9574228,0.4053006,0.3507084,2.2302018,0.2077782,-0.3519075,2.0416958,0.3402077,0.5197982,2.3588393,0.0284958,-0.3718669,2.1584925,0.1627905
Myanmar,02,61.81818,73.07692,10.81081,3.22581,78.26087,95.3125,0.0,53.22581,-0.7285031,-1.4279305,-0.8658126,-0.6769457,-1.4800046,-0.9424252,-0.666703,-1.4742053,-0.9046584,-0.6728766,-1.4769615,-0.9141425,-0.6667145,-1.5167476,-0.9035156,-0.6594784,-1.510255,-0.9419606,-0.6353556,-1.4827975,-0.8797382,-0.3875572,-1.4299143,-0.9963836,-0.4360276,-1.3229602,-0.6524668,-0.5835869,-1.3962339,-0.8325975,-0.5750058,-1.309998,-0.8192774,-0.2779397,-0.9600296,-0.8465888,-0.136289,-1.3074646,0.0803546,-0.5744204,-0.4463003,-0.9711602,-0.0751316,-0.6125809,0.406869,-1.2395069,-0.3836053,-0.6045068,-0.4716318,-0.5557813,0.5858246,-1.4393195,-0.4023626,-0.5956116,-0.4348186,-0.6072531,0.5423957,-1.5070655,-0.481516,-0.5674362,-0.497284,-0.7400106,0.5132381,-1.2682822,-0.376486,-0.5788015,-0.5221001,-0.6124684,0.5478597,-0.0019216,0.0700697,-0.1467849,0.0019216,-0.0700697,0.1467849,-0.4092793,0.8731091,-0.2457285,-0.4520438,0.7633822,0.0792872,-0.4611669,1.7880828,0.1172447,-0.649633,1.7892091,0.4095231,-0.5402769,1.8892207,0.1594442,-0.7086432,1.8719819,0.3397523,-0.7717842,1.9444847,0.085996,-1.0056577,1.787611,0.2493207
Myanmar,03,20.0,25.64103,67.56757,89.24731,14.49275,15.625,0.0,40.32258,0.0625449,-1.4366145,-1.4009039,0.08922,-1.5096289,-1.4260576,0.0955836,-1.5101303,-1.39121,0.0843498,-1.509376,-1.4031781,0.0398093,-1.5342941,-1.4685317,0.0494451,-1.5307457,-1.5076542,0.0632882,-1.4940108,-1.4345492,0.260318,-1.5357521,-1.159243,-0.118145,-1.3706188,-1.1417059,0.1807021,-1.4241471,-1.2467398,0.0864438,-1.3215499,-1.3282623,0.605227,-1.2200658,-0.5981928,-0.3426304,-1.4736184,-0.4051189,0.9284438,-1.0251069,-0.5772251,-0.7722162,-1.2229687,-0.4415199,0.8300344,-1.1153858,-0.4276607,-0.5662239,-1.32769,-0.5541671,0.7339509,-1.211774,-0.3993759,-0.3782443,-1.4045243,-0.7101961,0.6719743,-1.2589189,-0.4319748,-0.262656,-1.550675,-0.7029459,0.810214,-1.0889972,-0.435296,-0.5165354,-1.3874208,-0.5871595,0.2972743,0.0169007,0.0505507,-0.2972743,-0.0169007,-0.0505507,0.9537944,0.9725828,-0.5741697,-0.9427153,0.6853869,-0.5873763,0.650663,2.0396332,0.0052208,-0.5848019,1.9054378,-0.0443171,0.5445664,2.1279383,0.0789263,-0.5675516,2.0070199,-0.1081859,0.7678703,2.3150876,-0.0059255,-0.9063416,2.1156616,-0.2416967
Myanmar,04,12.72727,23.07692,91.89189,93.54839,5.7971,18.75,0.0,38.70968,-0.0251727,-2.0249105,-0.9467897,0.026906,-2.0817765,-0.9196447,0.0323127,-2.0819958,-0.8833506,0.0243325,-2.0808234,-0.8975822,-0.0543297,-2.1027427,-0.9552587,-0.0456553,-2.099451,-0.9998702,-0.0297816,-2.0604645,-0.9301409,0.261708,-2.0466353,-0.6381526,-0.1889423,-1.8555106,-0.5569165,0.1157993,-1.9857263,-0.7983894,-0.002954,-1.8656728,-0.8716038,0.5942065,-1.6120373,-0.3132761,-0.3625264,-1.7455844,-0.0547664,0.8360836,-1.60337,-0.6527483,-0.7411855,-1.3403854,-0.3791961,0.4919981,-1.602358,-0.6463117,-0.3617328,-1.4122977,-0.6273348,0.3421474,-1.6101303,-0.6595254,-0.1229308,-1.4493971,-0.7818893,0.2430793,-1.6417171,-0.6282795,0.0205879,-1.635671,-0.7558213,0.44913,-1.5457086,-0.637951,-0.2785466,-1.4728943,-0.6421604,0.3034736,0.0217592,0.0609629,-0.3034736,-0.0217592,-0.0609629,0.4813649,1.3900043,-0.33056,-0.5197107,1.0562646,-0.2894949,0.419817,2.552715,0.0175693,-0.7059796,2.2492869,0.0943262,0.3473944,2.6635481,0.067001,-0.7217751,2.3442673,-0.0005008,0.4887018,2.878301,-0.1014934,-0.8110859,2.4683656,-0.238952
Myanmar,05,65.45455,34.61538,9.45946,5.37634,79.71014,93.75,0.0,54.83871,-0.5481824,-2.2365592,-0.5205987,-0.5271003,-2.3122511,-0.4872104,-0.51492,-2.317972,-0.4489165,-0.5216693,-2.313629,-0.4690649,-0.5961046,-2.3167465,-0.5404223,-0.5905862,-2.3144977,-0.5836991,-0.5575297,-2.2782347,-0.5091413,-0.3153642,-2.3267047,-0.1849621,-0.7199693,-2.002629,-0.1703548,-0.3930818,-2.2474682,-0.3681237,-0.4806639,-2.0693461,-0.4654777,0.2134752,-1.8164931,0.30158,-0.7860599,-1.8154885,0.27111,0.5013044,-1.2248444,0.3693904,-0.7273828,-1.0085866,0.0257051,0.5277997,-0.8697805,0.4391842,-0.6963403,-0.8076393,-0.3365067,0.4531975,-0.7886766,0.4452396,-0.5945911,-0.786023,-0.5462654,0.374427,-0.8321124,0.3786939,-0.4982475,-0.9830748,-0.5861839,0.5194352,-0.8098441,0.4015728,-0.6645884,-0.861311,-0.3842263,0.3068559,-0.0251313,0.1111373,-0.3068559,0.0251313,-0.1111373,0.7438624,1.0552062,-0.5052402,-0.5206483,1.0717323,-0.4321475,0.9932431,2.5673176,-0.2009842,-0.6779085,2.6587417,-0.1187309,0.9343194,2.7315724,-0.1585558,-0.7185902,2.8127157,-0.2533153,1.2497568,2.7808649,-0.3316954,-1.0979472,2.889902,-0.4787423
Myanmar,06,14.54545,20.51282,89.18919,94.62366,4.34783,15.625,0.0,40.32258,-0.0619097,-1.8011405,-1.1423064,0.0245229,-1.8818492,-1.0971986,0.0322175,-1.8799639,-1.0627124,0.0249801,-1.8831572,-1.0728868,-0.0952539,-1.9090917,-1.1203254,-0.0840963,-1.9097857,-1.1690315,-0.0767562,-1.8736694,-1.100472,0.3381257,-1.8588222,-0.7193957,-0.2864812,-1.7480909,-0.622303,0.1002105,-1.7669402,-0.9687661,-0.0723693,-1.6664143,-1.0305705,0.5831046,-1.4099081,-0.352197,-0.3740135,-1.5947774,-0.1291535,0.7537857,-1.0654362,-0.6886045,-0.6527349,-1.1163933,-0.5478431,0.3954606,-0.7746507,-0.915078,-0.5849177,-1.0658915,-1.0561848,0.2705548,-0.6902381,-0.9533187,-0.453002,-1.0410001,-1.2644483,0.1584733,-0.7587772,-0.9825014,-0.3018844,-1.2300928,-1.2737934,0.3400961,-0.7223514,-0.9241635,-0.51308,-1.1218933,-1.101318,0.3067924,-0.005259,0.0954777,-0.3067924,0.005259,-0.0954777,0.4719942,1.1995274,0.0402133,-0.3512767,0.9950954,-0.1329337,0.6658162,2.1194458,0.5394437,-0.7010746,2.1926815,0.2075004,0.6274876,2.2152245,0.6034087,-0.7182267,2.2913167,0.1121161,0.7306017,2.3731851,0.4863214,-0.655185,2.4321579,-0.130804
Myanmar,07,58.18182,33.33333,10.81081,7.52688,72.46377,90.625,0.0,53.22581,1.3038984,1.6503847,-1.7395031,1.2750079,1.779894,-1.7884703,1.2680649,1.7754687,-1.733387,1.2718798,1.7776581,-1.7461447,1.3482196,1.7696594,-1.7584579,1.344536,1.7619097,-1.8171883,1.3084378,1.7203258,-1.7260402,0.8785386,1.9957089,-1.5189732,1.2373823,1.5640284,-1.2116022,1.0750087,1.7285961,-1.593604,1.1385818,1.5402937,-1.6113999,0.2405793,1.6759724,-0.9284667,1.0594371,1.5156239,-0.3773222,-0.0822925,0.9306229,-0.8925012,0.6024337,0.5452591,-0.4215311,-0.0207063,0.2838689,-0.655501,0.6431161,0.1045725,-0.8123964,0.0840066,0.1948088,-0.6281574,0.6054933,0.0956788,-1.0403053,0.1850373,0.199621,-0.6809671,0.6006536,0.2790227,-1.1009784,-0.0237133,0.2089536,-0.6646966,0.649277,0.1474897,-0.8956208,-0.2435329,0.0558499,-0.0299539,0.2435329,-0.0558499,0.0299539,-0.4500742,-1.1336156,-0.0021022,0.1907179,-1.0444102,0.302981,-0.701905,-2.3515471,0.6103094,-0.2734263,-2.2009844,0.9630422,-0.6417363,-2.4989095,0.683984,-0.3011948,-2.2929815,0.8640595,-0.6119742,-2.6505281,0.4567157,-0.1438445,-2.4209244,0.6505292
Myanmar,08,14.54545,20.51282,89.18919,94.62366,4.34783,15.625,0.0,40.32258,-0.0041961,-1.9088937,-1.0724308,0.0743253,-1.9854564,-1.0078704,0.0826861,-1.985579,-0.9730175,0.0756256,-1.986536,-0.9854717,-0.0419519,-2.0249696,-1.0569672,-0.0367888,-2.0193794,-1.1026619,-0.022732,-1.9796951,-1.0294293,0.3830999,-1.976816,-0.5477924,-0.2957309,-1.8463801,-0.5253668,0.1524467,-1.8744067,-0.8635833,-0.0356865,-1.7689721,-0.9463896,0.5826415,-1.5334465,-0.0704362,-0.3951781,-1.7268934,0.009858,0.7692549,-1.2654247,-0.2767664,-0.5858851,-1.2051971,-0.1145613,0.4071318,-0.9766154,-0.3556123,-0.1727186,-1.1017376,-0.1399514,0.2628264,-0.8901341,-0.3706703,0.073891,-1.0678703,-0.2808017,0.1435953,-0.9193372,-0.3827999,0.2036969,-1.2772013,-0.2876787,0.3554739,-0.9142834,-0.3553397,-0.1009782,-1.1695365,-0.164887,0.3336759,0.0270615,0.1293716,-0.3336759,-0.0270615,-0.1293716,0.4933134,1.3199709,-0.1664001,-0.488435,1.0151746,-0.2425397,0.3786592,2.4263338,0.0676369,-0.7209476,2.1755663,0.2071346,0.2878892,2.543259,0.102614,-0.7449384,2.2707463,0.1137726,0.4650392,2.7954134,-0.0578168,-0.7518791,2.4973256,-0.0564199
Myanmar,09,41.81818,30.76923,59.45946,4.30108,31.88406,81.25,0.0,48.3871,-0.4886098,-1.4701654,-1.3862641,-0.4941926,-1.5791941,-1.3867851,-0.4842516,-1.5729788,-1.3472648,-0.4910372,-1.5742039,-1.367877,-0.5698992,-1.5403455,-1.4238632,-0.5589704,-1.5385158,-1.4675966,-0.5457245,-1.5096421,-1.3957071,-0.3087643,-1.6626559,-1.0833696,-0.725308,-1.272109,-1.0535093,-0.3403551,-1.4910325,-1.2361795,-0.4387437,-1.3178329,-1.3189667,0.2360116,-1.3970324,-0.5963715,-0.7009544,-1.0763796,-0.4575318,0.7046682,-0.983328,-0.6765643,-0.5800472,-0.2484826,-0.7046044,0.2998782,-0.4445816,-0.7860139,-0.3719171,-0.2144308,-1.0848764,0.1381858,-0.3103337,-0.8094114,-0.2101599,-0.2195303,-1.2802799,-0.0046991,-0.3617964,-0.8419268,-0.132955,-0.446294,-1.3080276,0.2321799,-0.3782822,-0.8075932,-0.3303706,-0.2938448,-1.1379675,0.2744557,-0.0439271,0.0526507,-0.2744557,0.0439271,-0.0526507,0.6123047,0.9875754,-0.4956248,-0.6393208,0.8632838,-0.4732104,0.4740659,2.0865977,-0.081573,-0.7575524,2.2185918,-0.3426141,0.3920962,2.1918674,-0.031959,-0.7868777,2.3383368,-0.4516265,0.5313075,2.3479676,-0.1754995,-1.1083454,2.4711811,-0.6513063
Myanmar,10,18.18182,47.4359,74.32432,90.32258,14.49275,18.75,0.0,41.93548,-0.303563,-1.8210513,-1.3125125,-0.2425934,-1.9015878,-1.3349604,-0.2380261,-1.8992251,-1.2920411,-0.2482505,-1.9015636,-1.306273,-0.3134786,-1.9246698,-1.3337522,-0.3093265,-1.9198074,-1.3803775,-0.2943017,-1.8812772,-1.3040031,0.0818512,-1.9082317,-1.0895134,-0.35492,-1.7084104,-0.9059719,-0.11894,-1.79837,-1.187019,-0.2310994,-1.6738989,-1.2229751,0.525693,-1.4365185,-0.6307759,-0.3778308,-1.6203629,-0.2436767,0.6832558,-1.0337791,-0.6792415,-0.6241572,-0.8749552,-0.4213939,0.3627037,-1.0783595,-0.5425185,-0.745092,-0.6200182,-0.9712024,0.201189,-1.1378597,-0.5164563,-0.6942596,-0.5998884,-1.1775914,0.1655444,-1.2205983,-0.5429906,-0.5674041,-0.7387635,-1.2107575,0.3452942,-1.0615775,-0.5397676,-0.709684,-0.6567105,-1.02487,0.2924226,0.0306753,0.0027732,-0.2924226,-0.0306753,-0.0027732,0.5713937,1.0027881,-0.3464929,-0.9615981,0.6703314,-0.3380639,0.5491846,1.8240614,0.3956033,-0.5967618,1.7794231,0.3933774,0.4621377,1.891585,0.4944529,-0.5696288,1.868542,0.3337124,0.484736,2.1198702,0.4395985,-0.8814809,2.0629031,0.2596053
Myanmar,11,45.45455,25.64103,47.2973,5.37634,43.47826,84.375,0.0,50.0,1.4095299,1.4631353,-1.216804,1.3930324,1.5760722,-1.307841,1.3876767,1.5771527,-1.2593433,1.393313,1.5786773,-1.2705973,1.4409445,1.5818271,-1.262064,1.4325347,1.574645,-1.3154931,1.4021908,1.537068,-1.2305882,1.010199,1.830669,-1.1969004,1.2426475,1.4649348,-0.8148384,1.1847938,1.5522008,-1.1265856,1.2185059,1.3850067,-1.1136045,0.3817117,1.5300323,-0.8125953,1.0022508,1.5750003,-0.0297102,0.4521299,0.7786084,-1.0688693,0.8181128,0.7427091,-0.059028,0.7620773,0.7286542,-0.9039132,0.8979338,0.4887818,-0.4194382,0.9112799,0.7869029,-0.8842716,0.8547752,0.4984503,-0.5914399,0.9089046,0.8802148,-0.8896815,0.8360787,0.6977796,-0.6194945,0.7318998,0.7319481,-0.8953318,0.9075037,0.554138,-0.4721436,-0.2259816,0.0042938,-0.1080794,0.2259816,-0.0042938,0.1080794,-0.4354296,-1.2512888,-0.317261,0.6219595,-0.8818199,-0.0764973,-0.4527084,-2.3386966,0.2335737,0.1816984,-1.9952486,0.5051052,-0.3599212,-2.4625141,0.3096547,0.1519134,-2.077813,0.411341,-0.1325748,-2.6327687,0.168774,0.3415085,-2.2302349,0.2860639
Myanmar,12,16.36364,43.58974,77.02703,92.47312,13.04348,17.1875,0.0,41.93548,0.2270569,-1.7858603,-0.9421724,0.2581422,-1.8621939,-0.9134123,0.2682618,-1.8632109,-0.8759486,0.2602312,-1.8612513,-0.8870841,0.1834707,-1.8832241,-0.9830054,0.1857345,-1.8780339,-1.0256807,0.202485,-1.837246,-0.952185,0.4007936,-1.8740249,-0.5167039,-0.1335469,-1.6903459,-0.6126843,0.3424775,-1.7630989,-0.7531628,0.1966972,-1.6326604,-0.8720672,0.6648307,-1.4297816,-0.030664,-0.3151104,-1.6289582,-0.0373094,0.9807463,-1.1711269,-0.0301137,-0.3481989,-1.0504352,-0.1775803,0.844175,-1.2292556,0.050832,-0.2909666,-1.0826886,-0.3809456,0.7566314,-1.2765306,0.0591703,-0.1677799,-1.1268767,-0.5682148,0.660577,-1.3885746,0.0305393,-0.0525924,-1.3336568,-0.5970179,0.8125414,-1.2188112,0.0341476,-0.2508144,-1.1597882,-0.4267163,0.3147106,-0.0130534,0.1508273,-0.3147106,0.0130534,-0.1508273,0.7119621,0.5508065,-0.2818632,-0.2953984,0.7070407,-0.3860281,0.5739769,1.7156957,-0.1171715,-0.1386651,1.9794875,-0.0228625,0.4780852,1.8136188,-0.0914358,-0.1314613,2.0903406,-0.131321,0.6578817,1.8901361,-0.2857935,-0.2277658,2.1265667,-0.3554475
Myanmar,13,54.54545,29.48718,18.91892,10.75269,63.76812,87.5,0.0,50.0,-0.596511,-1.7259141,-1.2291886,-0.5593312,-1.8196956,-1.248502,-0.5493232,-1.8209109,-1.2073818,-0.5558899,-1.8209199,-1.2215346,-0.6425726,-1.8174087,-1.2495038,-0.6348464,-1.8143483,-1.2946146,-0.614465,-1.7743391,-1.221983,-0.208301,-1.9458941,-0.9678515,-0.6945301,-1.6337943,-0.7713737,-0.3913581,-1.7541587,-1.0746677,-0.5127123,-1.5955497,-1.1156008,0.3429322,-1.5711528,-0.3946501,-0.6256848,-1.6465408,-0.1578006,0.5026746,-1.163971,-0.4662999,-0.8477917,-1.1168247,-0.3292032,0.1682657,-1.0712035,-0.4646758,-0.9447405,-1.0375642,-0.8449942,0.0165405,-1.0687492,-0.4770797,-0.8709929,-1.0561014,-1.0790184,-0.0473418,-1.1418887,-0.5147434,-0.7451104,-1.2282102,-1.1097552,0.1433691,-1.0445149,-0.4768504,-0.9042322,-1.0952083,-0.9017932,0.2967524,0.0148692,0.0806481,-0.2967524,-0.0148692,-0.0806481,0.4017626,1.4054159,-0.1683695,-0.5496626,1.0702507,-0.2005641,0.2188814,2.4859403,0.1307357,-0.6475492,2.1699232,0.2527875,0.1270173,2.5884295,0.1715673,-0.6619763,2.2637642,0.1553714,0.3441517,2.6878932,-0.0346581,-0.727601,2.4015717,-0.0777336
Myanmar,14,21.81818,34.61538,56.75676,67.74194,21.73913,34.375,0.0,41.93548,-0.0400954,-1.7514515,-1.2180055,0.0428531,-1.8126383,-1.1715835,0.0513374,-1.8107767,-1.1354083,0.0424416,-1.8110193,-1.1515628,-0.0516997,-1.8538846,-1.2125741,-0.0500224,-1.8490033,-1.2509314,-0.0372279,-1.8159473,-1.1874995,0.2802205,-1.7530064,-0.7592942,-0.26704,-1.6644494,-0.7681641,0.084741,-1.7075977,-1.0432103,-0.0623827,-1.6221251,-1.1198257,0.5065257,-1.317891,-0.3156525,-0.4730045,-1.4379596,-0.1540843,0.8391748,-0.8275377,-0.3664,-0.6947079,-0.6088509,-0.1679156,0.4919893,-0.5992037,-0.4580253,-0.4135007,-0.212439,-0.3978978,0.3323254,-0.5469982,-0.4747955,-0.2160247,-0.1217038,-0.5484291,0.2407224,-0.6271548,-0.4908867,-0.0628007,-0.3059031,-0.576098,0.4471707,-0.5702376,-0.4595265,-0.3302957,-0.2574383,-0.4357847,0.2836942,-0.0104906,0.0589327,-0.2836942,0.0104906,-0.0589327,0.4235098,1.1059944,-0.0682164,-0.504803,0.8872639,-0.1870856,0.4310898,1.894519,0.4765425,-0.3938563,1.8249884,0.4286861,0.3657211,1.9771728,0.5398548,-0.3910949,1.8973297,0.373447,0.4473807,2.1349499,0.4531751,-0.5926201,1.9987936,0.2803455
Myanmar,15,49.09091,51.28205,27.02703,7.52688,53.62319,84.375,0.0,51.6129,0.2898243,-1.4894563,-0.9751806,0.4179799,-1.5123655,-0.9320256,0.4252581,-1.5146723,-0.9066857,0.4168218,-1.5201608,-0.9146726,0.3456013,-1.590595,-0.9635197,0.3517335,-1.5912856,-0.9970606,0.3599296,-1.557147,-0.9388694,0.6531432,-1.3571915,-0.593422,0.1808295,-1.5019926,-0.553705,0.385359,-1.4180422,-0.833014,0.2536246,-1.4015345,-0.8901542,0.6720461,-0.8993399,-0.2129066,-0.0860512,-1.5299571,-0.0467426,0.9587957,-0.4030272,-0.2403119,-0.4047198,-1.6046505,-0.250256,1.066395,0.1773451,-0.1723009,-0.4402002,-1.8923993,-0.4568352,1.0628995,0.3097124,-0.155984,-0.3570278,-1.9545196,-0.6019603,0.9655636,0.3596179,-0.2460729,-0.2400935,-2.0511461,-0.6112445,1.0284082,0.2796234,-0.2042846,-0.3965838,-1.9289811,-0.4899484,0.2517383,0.0189761,0.0856882,-0.2517383,-0.0189761,-0.0856882,0.7819251,0.9831085,-0.2467418,-0.423806,0.7200565,-0.4542397,0.9043149,1.9891427,-0.0455285,-0.2609592,1.8229248,-0.0311559,0.8532996,2.083002,-0.0163162,-0.2509763,1.908171,-0.1028724,1.0716076,2.1136761,-0.1383524,-0.3660925,1.9170411,-0.1914096
Myanmar,16,30.90909,47.4359,64.86486,32.25806,24.63768,57.8125,0.0,45.16129,-2.7948591,2.0358013,-3.3452086,-2.8514411,2.0656857,-3.5201114,-2.8641721,2.0482104,-3.4178024,-2.8501532,2.0629896,-3.4313503,-3.0610138,2.0907459,-3.7067851,-3.0551611,2.0501443,-3.8013096,-3.0268776,1.942493,-3.5892305,-2.5927705,2.0815152,-3.2995123,-2.4984059,1.8744398,-3.656773,-2.6965183,1.9927744,-3.061627,-2.6055355,1.7825718,-3.4403078,-2.0314472,1.8859257,-1.9919259,-2.7429053,2.5845284,-1.9158893,-1.73163,1.869259,-1.0385709,-2.2113997,2.5250856,-1.4965254,-2.111815,1.5968605,0.745723,-2.1683446,2.3170561,-0.8262534,-2.2098386,1.8261749,1.0705613,-2.4913524,2.204461,-1.1588066,-2.2260199,1.7852211,0.9051286,-2.88481,2.0318165,-1.076025,-2.0725474,1.4231683,0.745765,-2.2837949,2.3111298,-0.8668089,0.0336466,-0.2214006,0.2260843,-0.0336466,0.2214006,-0.2260843,0.5960193,0.5738898,0.2824242,0.5838451,3.54058,-1.1024127,2.0179723,1.5384941,1.7400122,2.20943,5.6732071,0.1345791,2.3080739,1.8252182,1.9392059,2.3618772,6.0442292,-0.0302543,2.8027681,2.1086944,1.6973424,2.1893366,6.8762332,-0.2925416
Myanmar,17,45.45455,34.61538,60.81081,5.37634,37.68116,84.375,0.0,51.6129,-0.6734431,-1.603456,-1.1662759,-0.6642071,-1.7023764,-1.1933029,-0.6549326,-1.7038607,-1.1535391,-0.6617045,-1.703279,-1.1654521,-0.735483,-1.6870822,-1.197286,-0.7277658,-1.6833612,-1.2412666,-0.7104112,-1.6486505,-1.1705453,-0.3860415,-1.8389385,-0.9279436,-0.7956645,-1.4801668,-0.7780002,-0.4892102,-1.6446428,-1.0287095,-0.5888916,-1.4737739,-1.0762479,0.2064155,-1.5095379,-0.4089377,-0.7614276,-1.4035828,-0.1807862,0.5443065,-0.9790874,-0.4013455,-0.7136734,-0.5890847,-0.4094073,0.1966412,-0.6862514,-0.3787017,-0.5503195,-0.6764729,-0.973005,0.0315044,-0.6482053,-0.3844311,-0.4148509,-0.7612668,-1.2048988,-0.0603745,-0.7464708,-0.4060348,-0.3503428,-1.0094468,-1.2233211,0.1581882,-0.6613071,-0.3857499,-0.519306,-0.7819731,-1.0225042,0.2746702,-0.0400303,0.0806317,-0.2746702,0.0400303,-0.0806317,0.4048328,1.2235236,-0.116657,-0.0958813,1.1781788,-0.2539457,0.4502125,2.1629982,0.3998819,0.0011862,2.3759396,0.197779,0.3866,2.2548707,0.464039,0.0105983,2.4786042,0.1115758,0.5077254,2.3872174,0.3013491,-0.0170762,2.6518775,-0.1461283
Myanmar,18,16.36364,46.15385,83.78378,88.17204,14.49275,25.0,0.0,41.93548,-0.0818328,-1.7152711,-1.2224739,-0.0033407,-1.7799145,-1.183659,0.0057621,-1.7786744,-1.146318,-0.0020188,-1.7786017,-1.1603924,-0.0961591,-1.8127731,-1.212359,-0.0927964,-1.8099669,-1.2533815,-0.0802198,-1.7756067,-1.1885337,0.2413103,-1.7232174,-0.8086291,-0.2849712,-1.6243634,-0.7751588,0.0543472,-1.6744864,-1.0618142,-0.088762,-1.5870876,-1.1276536,0.504685,-1.2483876,-0.3940599,-0.4678067,-1.4042992,-0.2209949,0.6931996,-0.6701088,-0.4626079,-0.5426589,-0.596203,-0.3209458,0.4486879,-0.3320665,-0.583986,-0.3242218,-0.3839023,-0.6054327,0.3380788,-0.2466028,-0.6172919,-0.1568044,-0.3228163,-0.7703348,0.2355213,-0.3159845,-0.6575972,-0.0381029,-0.527804,-0.8009066,0.404959,-0.2898912,-0.6028592,-0.2565715,-0.4437427,-0.6537067,0.2839317,-0.0007504,0.0606442,-0.2839317,0.0007504,-0.0606442,0.3887342,1.0369535,-0.0995467,-0.3566455,0.8366169,-0.0712047,0.3025477,1.8336138,0.35725,-0.3847281,1.8500572,0.4799789,0.2371229,1.9187865,0.4144044,-0.3937364,1.9364827,0.4158715,0.3679523,2.0908634,0.316478,-0.5666399,2.0392869,0.3096449
Myanmar,19,40.0,44.87179,70.27027,7.52688,30.43478,81.25,0.0,50.0,1.4010979,1.4406947,-0.7709539,1.3792586,1.539511,-0.8204998,1.3725934,1.5409231,-0.7768826,1.3796944,1.5351715,-0.78307,1.42991,1.545866,-0.7761055,1.4257475,1.5363987,-0.8185187,1.3940225,1.5101949,-0.7451563,1.0110315,1.7373433,-0.7022641,1.2099888,1.4208342,-0.3294122,1.2032783,1.5179493,-0.692693,1.2212568,1.3650649,-0.6735322,0.5362481,1.4960404,-0.5352231,0.9902658,1.3442261,0.3427406,0.7313256,1.1472535,-0.7067028,0.6717973,0.5280743,0.22364,1.2197982,1.1212653,-0.3585449,0.8518905,0.2160343,-0.2231999,1.3937512,1.1415365,-0.2977961,0.8301639,0.1935434,-0.3623038,1.4082705,1.1880379,-0.3032176,0.8523345,0.3492659,-0.3907076,1.1996775,1.1125362,-0.3382031,0.8830041,0.2539675,-0.2686502,-0.1632018,0.0276726,-0.1731142,0.1632018,-0.0276726,0.1731142,0.3261094,-0.8548256,-0.5665461,0.7772297,-0.5173012,0.0048119,0.1544219,-1.475606,0.196969,0.1968221,-1.4296943,0.5390748,0.2149603,-1.5567301,0.3131306,0.1512331,-1.4955075,0.4625622,0.4691058,-1.7518874,0.3624487,0.3246993,-1.715205,0.4796704
Myanmar,20,14.54545,44.87179,81.08108,90.32258,11.5942,21.875,0.0,41.93548,-0.0678841,-1.7024678,-1.2470079,0.0101242,-1.7696703,-1.2082906,0.0187034,-1.7684624,-1.1702281,0.0112573,-1.768763,-1.1851124,-0.0849591,-1.8046342,-1.2367246,-0.0809165,-1.8003381,-1.2774098,-0.0681537,-1.7647319,-1.21317,0.2641439,-1.7163449,-0.833119,-0.2654265,-1.6087668,-0.7985045,0.0707969,-1.6641884,-1.0836231,-0.0716064,-1.5726122,-1.1495625,0.5276531,-1.2241203,-0.3961375,-0.4374247,-1.4312255,-0.2357247,0.652427,-0.6375169,-0.4065092,-0.633582,-0.7245118,-0.3227318,0.4074784,-0.2565915,-0.4352023,-0.3187436,-0.3955974,-0.5634739,0.286059,-0.1555725,-0.4528886,-0.119652,-0.2916719,-0.7239315,0.1988603,-0.2218981,-0.4985507,0.036277,-0.4783897,-0.7439171,0.3701382,-0.2121124,-0.4503559,-0.2293872,-0.4396534,-0.6076191,0.2793451,0.0043492,0.0605639,-0.2793451,-0.0043492,-0.0605639,0.3656569,1.0546327,-0.0971114,-0.3327963,0.8412808,-0.0337132,0.3044731,1.9256634,0.2981017,-0.3818199,1.8857395,0.4868523,0.239514,2.0157959,0.346389,-0.3941276,1.9732423,0.418121,0.3527829,2.1539741,0.2219394,-0.5727972,2.0338423,0.2886818
Myanmar,21,41.81818,46.15385,67.56757,7.52688,31.88406,82.8125,0.0,51.6129,-0.5923189,-1.7838166,-0.8178434,-0.5544487,-1.8707238,-0.8202387,-0.5411919,-1.8699762,-0.7857699,-0.5499558,-1.8712437,-0.801964,-0.6282762,-1.8717519,-0.8305211,-0.622641,-1.8696,-0.8705898,-0.6065669,-1.8394914,-0.8044355,-0.2517296,-1.9232776,-0.5877598,-0.6721636,-1.6484365,-0.4108817,-0.4100215,-1.7882272,-0.7012309,-0.5171341,-1.6448523,-0.7379954,0.2744315,-1.5385901,-0.2158215,-0.6493797,-1.4744389,0.161614,0.5821784,-1.163373,-0.4614692,-0.8578721,-0.7955391,-0.0632344,0.1774331,-1.2033528,-0.6200082,-0.8035224,-1.012624,-0.5665772,0.0092195,-1.2370382,-0.6566207,-0.6663039,-1.0970967,-0.7652331,-0.0737831,-1.3405798,-0.6494801,-0.5934095,-1.3337186,-0.7704946,0.1369756,-1.1961146,-0.6206853,-0.7719844,-1.1115889,-0.6058331,0.2763765,0.0020082,0.0034606,-0.2763765,-0.0020082,-0.0034606,0.3583996,1.1477758,-0.093041,-0.7693916,0.6709372,-0.3509288,0.1798437,2.0813511,0.5069037,-0.9306527,1.9236402,-0.2410602,0.0988064,2.1777744,0.5779672,-0.9605867,2.0315011,-0.3599442,0.2622878,2.3006541,0.5067207,-1.3041264,2.0698896,-0.547306
Myanmar,22,14.54545,43.58974,78.37838,91.39785,11.5942,20.3125,0.0,41.93548,-0.435803,-2.149434,-0.7289641,-0.3771502,-2.2173664,-0.693481,-0.3732026,-2.2272041,-0.6532696,-0.3814999,-2.2233335,-0.6680703,-0.4622831,-2.2446084,-0.7263065,-0.4561458,-2.2459008,-0.7728945,-0.4370747,-2.2024025,-0.6911145,-0.0743639,-2.1839183,-0.4110144,-0.5873802,-1.9572753,-0.2691715,-0.265039,-2.0931421,-0.5929171,-0.4027167,-1.962128,-0.6493176,0.2594678,-1.7282184,-0.2199724,-0.6267593,-1.8508209,0.2267603,0.2631401,-2.2029581,-0.6058964,-0.8283012,-1.875281,-0.0907145,0.0566714,-2.8565441,-0.5502683,-0.8833157,-2.6701763,-0.3063204,-0.0326595,-3.0036082,-0.5705651,-0.7722135,-2.8775082,-0.4964926,-0.1048529,-3.0787249,-0.5711846,-0.6540132,-3.1258042,-0.4913181,0.0436137,-2.8507752,-0.5667204,-0.8572024,-2.8051785,-0.3355675,0.3099869,0.0146833,-0.0494565,-0.3099869,-0.0146833,0.0494565,0.2861125,1.3050728,-0.2517547,-0.8115852,0.8502536,-0.1917097,0.5443226,2.2782836,0.1730863,-1.1259648,2.3739229,0.0667575,0.4769113,2.3770831,0.2239339,-1.1798575,2.5230178,-0.0556885,0.4984409,2.6370656,0.1953766,-1.6177937,2.6358351,-0.1654715
Myanmar,23,41.81818,44.87179,67.56757,6.45161,31.88406,82.8125,0.0,51.6129,-0.5115917,-1.7409897,-0.9277042,-0.4673309,-1.8332557,-0.9287497,-0.4537648,-1.8315155,-0.893789,-0.4633581,-1.8325662,-0.9114756,-0.5438586,-1.8408675,-0.9442712,-0.5371357,-1.8376234,-0.9845927,-0.523711,-1.8064748,-0.917663,-0.1744888,-1.8913741,-0.6842187,-0.612671,-1.6485865,-0.5316873,-0.3359854,-1.7471327,-0.8053386,-0.4525521,-1.6103632,-0.8482707,0.331448,-1.5357876,-0.296198,-0.6125166,-1.4968387,0.0315423,0.7556314,-1.1838957,-0.5481749,-0.875205,-0.7961687,-0.2272463,0.3470052,-1.1543477,-0.6894694,-0.7205953,-0.8532688,-0.6966501,0.1752371,-1.1560067,-0.7313651,-0.5521023,-0.878551,-0.8896525,0.0713991,-1.2597991,-0.7303283,-0.4417588,-1.105492,-0.8909736,0.2969596,-1.1376522,-0.6928964,-0.666981,-0.9382167,-0.734699,0.2710043,-0.0052445,0.0243446,-0.2710043,0.0052445,-0.0243446,0.4097163,1.1939071,-0.0811927,-0.6527391,0.7939622,-0.3677865,0.2473124,2.1510141,0.4429418,-0.8453859,2.0093891,-0.2130759,0.1715542,2.2480378,0.5047087,-0.8749463,2.1121933,-0.326236,0.3791096,2.3654911,0.4502714,-1.186272,2.1657831,-0.4798811
Myanmar,24,14.54545,43.58974,78.37838,91.39785,11.5942,20.3125,0.0,41.93548,-0.0239327,-1.5931796,-1.2195442,0.0695652,-1.6532285,-1.1648785,0.0758131,-1.6560949,-1.1333637,0.0663783,-1.6556305,-1.1391327,-0.0317041,-1.7120273,-1.2003522,-0.027588,-1.7082757,-1.2368691,-0.0183589,-1.6753552,-1.1714669,0.3367422,-1.5503672,-0.7424737,-0.2408229,-1.5211847,-0.7388428,0.1002696,-1.5246055,-1.0502275,-0.0552901,-1.4630424,-1.1148648,0.498099,-1.0027242,-0.3564525,-0.425782,-1.3367373,-0.1696927,0.5830575,-0.4410555,-0.4549214,-0.5301856,-0.7229166,-0.3775664,0.3273043,-0.4948674,-0.3810824,-0.1750528,-0.9405886,-0.6240569,0.194028,-0.5362948,-0.3368319,0.0221405,-1.0159163,-0.7576151,0.1729951,-0.6464506,-0.3576424,0.1155182,-1.2477675,-0.7276025,0.3158737,-0.5079458,-0.3780001,-0.130078,-1.0399316,-0.638622,0.2684087,0.0309451,0.0172189,-0.2684087,-0.0309451,-0.0172189,0.3919999,0.9520542,-0.1879475,-0.349135,0.5445885,-0.2741655,0.603052,1.5869947,0.0738044,-0.4123873,1.5712322,0.1783281,0.5602244,1.6539784,0.1040859,-0.4386262,1.6589461,0.1116692,0.5890238,1.7858133,0.0207843,-0.7026787,1.7091816,0.0312659
Myanmar,25,41.81818,46.15385,68.91892,6.45161,31.88406,82.8125,0.0,51.6129,-0.7154884,-1.6316127,-1.1843455,-0.6957664,-1.7201795,-1.1949502,-0.6870971,-1.7193747,-1.1527683,-0.6932338,-1.7178684,-1.1654934,-0.7590897,-1.7115134,-1.2064318,-0.7546674,-1.7095606,-1.2519776,-0.7292148,-1.6740341,-1.1819784,-0.4777845,-1.8076911,-0.9291942,-0.8250812,-1.4931461,-0.8343079,-0.5642397,-1.6597902,-1.0491991,-0.6415745,-1.5116815,-1.1102806,0.0714424,-1.4784913,-0.5443901,-0.8590912,-1.4092973,-0.1847799,0.4864599,-0.9522152,-0.6241251,-0.7161811,-0.6607813,-0.3267509,0.2327903,-0.4975096,-0.6346723,-0.6312066,-0.4434902,-0.7934625,0.1031362,-0.4103055,-0.6584704,-0.5341954,-0.4434061,-0.9993093,-0.033664,-0.4777977,-0.6925608,-0.4633884,-0.63434,-1.0368287,0.1891891,-0.4504958,-0.6506851,-0.6013251,-0.4998211,-0.8521905,0.2458046,-0.0385355,-0.0110805,-0.2458046,0.0385355,0.0110805,0.3899643,1.0804627,-0.1739871,-0.1528929,0.9995662,0.0151698,0.3895774,2.0104387,0.4039654,-0.0005554,2.0245414,0.4749852,0.3247743,2.1162708,0.4727078,-0.0039272,2.112811,0.3915378,0.3011064,2.2512759,0.3046107,-0.2299934,2.1591119,0.1839684
Myanmar,26,14.54545,43.58974,78.37838,91.39785,11.5942,20.3125,0.0,41.93548,0.0140752,-1.8097835,-1.1188629,0.0928611,-1.8779262,-1.0571567,0.1001501,-1.8810587,-1.0193118,0.0916657,-1.879689,-1.029573,-0.0137785,-1.9234609,-1.1063605,-0.0116477,-1.9209327,-1.1504294,-0.0008845,-1.883921,-1.0804709,0.3291857,-1.8145142,-0.5874115,-0.2941421,-1.7284068,-0.6351581,0.1402041,-1.7529643,-0.9252204,-0.0342981,-1.6676075,-1.0133071,0.4953659,-1.2345542,-0.1500366,-0.4689779,-1.4933176,-0.0945169,0.5490773,-0.6671942,-0.2640528,-0.4532052,-0.6604014,-0.3788366,0.4241891,-0.8940741,-0.3270156,-0.1512558,-0.7946556,-0.6881559,0.3269128,-0.9901443,-0.324631,0.0272913,-0.8536492,-0.8483469,0.3191069,-1.0993179,-0.3398282,0.1049914,-1.0937651,-0.8346174,0.4281837,-0.9096683,-0.3343408,-0.1112309,-0.8928875,-0.710006,0.2891532,0.0120865,0.0691933,-0.2891532,-0.0120865,-0.0691933,0.3922539,1.1309665,-0.1294953,-0.28463,0.9892647,-0.0359692,0.3986178,1.9931948,0.249415,-0.3163094,1.9748886,0.5393165,0.3252867,2.0834165,0.301557,-0.3350602,2.0607443,0.4669576,0.4407529,2.293316,0.2196596,-0.5320949,2.1676826,0.3904265
Myanmar,27,43.63636,46.15385,70.27027,5.37634,33.33333,84.375,0.0,51.6129,0.1618504,-1.9372272,-1.0394526,0.2752708,-1.9778613,-1.0583053,0.2876267,-1.9726418,-1.0219344,0.2766892,-1.977357,-1.0293805,0.2302806,-2.0276365,-1.0445733,0.2367567,-2.0227259,-1.0897732,0.2453616,-1.9880785,-1.0191876,0.6021359,-1.8239992,-0.8844337,0.2247764,-1.838716,-0.6438294,0.3276473,-1.8575883,-0.9379214,0.2127171,-1.782483,-0.9664049,0.7693676,-1.2331251,-0.4935312,0.0327804,-1.7445681,-0.0509646,0.4413339,-0.7329743,-0.6354725,-0.5035762,-1.2074915,-0.2799575,0.0505844,-0.9919739,-0.5441774,-0.426377,-1.2180244,-0.8145511,-0.0921234,-1.1034653,-0.537587,-0.2754658,-1.2414171,-1.0370263,-0.0535286,-1.2124711,-0.5462403,-0.1020235,-1.4165405,-1.0325003,0.0495306,-0.9963963,-0.5377057,-0.3465385,-1.2778084,-0.85871,0.2719575,0.0271443,0.0785552,-0.2719575,-0.0271443,-0.0785552,0.690718,1.0389192,-0.2801213,-0.3287827,0.8061729,-0.3683587,0.8055962,2.2182132,-0.0887945,-0.4212172,2.0969252,0.0108674,0.7658112,2.3177967,-0.055625,-0.4276469,2.2033176,-0.0851071,1.08667,2.3267648,-0.2224462,-0.4982162,2.1880988,-0.3007383
Myanmar,28,14.54545,43.58974,78.37838,91.39785,11.5942,20.3125,0.0,41.93548,0.003941,-1.7522251,-1.3409134,0.1019017,-1.8175814,-1.2944827,0.1089838,-1.8163104,-1.2557944,0.0995568,-1.8173975,-1.2665145,-0.0049193,-1.8654942,-1.3280657,-0.0008578,-1.8621221,-1.3744743,0.0098727,-1.8277581,-1.3032595,0.3699975,-1.74652,-0.8677747,-0.2157277,-1.6859548,-0.851179,0.1360698,-1.6960304,-1.1618413,-0.0228352,-1.620469,-1.2362465,0.5498189,-1.2067123,-0.4327156,-0.3971567,-1.4788694,-0.2619297,0.6026505,-0.5913961,-0.60901,-0.4541959,-0.6635721,-0.476382,0.3400667,-0.667275,-0.7624219,-0.1918172,-0.647242,-0.8579643,0.2116973,-0.7161307,-0.7780147,-0.016941,-0.6601997,-1.0398202,0.1920747,-0.8407412,-0.8011019,0.0897288,-0.8999844,-1.0422521,0.3313757,-0.6755818,-0.7687865,-0.134681,-0.7337056,-0.8935453,0.2766081,0.0012757,0.0508998,-0.2766081,-0.0012757,-0.0508998,0.3984513,1.0303451,0.0036652,-0.3397406,0.9206433,-0.0051189,0.5023539,1.8017459,0.5168033,-0.3849141,1.9847499,0.5268842,0.4459097,1.884062,0.5846309,-0.3993768,2.0730691,0.4561544,0.5219011,2.1026438,0.5407341,-0.6068034,2.182948,0.3625344
Myanmar,29,47.27273,42.30769,72.97297,3.22581,39.13043,87.5,0.0,53.22581,-0.708925,-1.442651,-1.3146354,-0.7613694,-1.5698711,-1.3234392,-0.7502943,-1.5682395,-1.2859195,-0.752587,-1.5664049,-1.2965625,-0.8330076,-1.4968675,-1.3392401,-0.8215682,-1.4965551,-1.380676,-0.8028549,-1.4612872,-1.3083134,-0.5098926,-1.7643112,-0.9986683,-0.9333327,-1.1989656,-0.8955797,-0.5079111,-1.509326,-1.1475719,-0.6037526,-1.2828037,-1.213557,0.1784811,-1.4484996,-0.3900953,-0.7520694,-1.1018162,-0.272255,0.480545,-0.7348951,-0.2632256,-0.5156421,-0.2515534,-0.5215339,0.4135692,-0.0599068,-0.1883228,-0.3733635,-0.4562522,-0.9168659,0.3487029,0.0719438,-0.1949699,-0.2374884,-0.5235018,-1.0910979,0.2338533,0.058868,-0.2407198,-0.2240797,-0.7683637,-1.1119214,0.3734158,0.0225541,-0.2158344,-0.3591751,-0.5511814,-0.964987,0.2847611,-0.0181515,0.0791532,-0.2847611,0.0181515,-0.0791532,0.4525259,0.7698587,-0.738947,-0.4011258,0.7274016,-0.4330253,0.2588672,1.998525,-0.2868438,-0.8234994,1.9406313,-0.312619,0.1691654,2.1234436,-0.2253786,-0.8852097,2.0497717,-0.419358,0.2700183,2.2871627,-0.4371633,-0.9595778,2.1861644,-0.6569243
Myanmar,30,20.0,38.46154,63.51351,54.83871,20.28986,40.625,0.0,43.54839,-0.3389471,-1.3892539,-1.8093702,-0.253573,-1.4871361,-1.8279953,-0.2467604,-1.4803629,-1.7855662,-0.2580357,-1.4811033,-1.794532,-0.3411232,-1.5117127,-1.8268155,-0.3331624,-1.5079772,-1.8740402,-0.3182327,-1.470943,-1.7954121,0.1248008,-1.4816788,-1.5068383,-0.4381731,-1.3535491,-1.3415469,-0.1447225,-1.3620692,-1.6501916,-0.285088,-1.2574115,-1.692824,0.4922959,-1.0123618,-0.9211293,-0.3830294,-1.3883367,-0.617076,0.4677539,-0.5844867,-1.0484389,-0.5356721,-1.0197525,-0.7180302,0.2501132,-0.8760992,-0.9469126,-0.7260146,-1.1805455,-0.9404287,0.1386604,-1.0176252,-0.9025319,-0.6840497,-1.2677895,-1.110532,0.1730202,-1.1167304,-0.9420263,-0.5644657,-1.4292331,-1.1038687,0.2578728,-0.8806601,-0.9537621,-0.7005027,-1.2429215,-0.9804738,0.2800991,0.04217,0.0239008,-0.2800991,-0.04217,-0.0239008,0.2994203,0.713727,-0.618184,-0.9524881,0.4804119,-0.4983483,0.4377058,1.626732,-0.0195205,-0.7282203,1.761202,0.0590571,0.3813406,1.7012676,0.0588758,-0.7252621,1.8631965,-0.0167003,0.4252927,1.8934045,0.0254431,-1.0796743,1.9193279,-0.0681221
Myanmar,31,45.45455,39.74359,83.78378,13.97849,28.98551,85.9375,0.0,51.6129,0.2195353,-2.0062702,-1.2504088,0.2675499,-2.0655539,-1.2254795,0.2682986,-2.0656475,-1.1808751,0.2578132,-2.0627545,-1.1956612,0.1901758,-2.0955048,-1.2805217,0.2000328,-2.092785,-1.3322675,0.2084123,-2.0514854,-1.2524543,0.3977389,-1.9948151,-0.9097251,-0.0653037,-1.8794701,-0.9353387,0.3160666,-1.9456659,-1.0856306,0.1837012,-1.8424492,-1.2006571,0.6976057,-1.5824963,-0.6570806,-0.2498327,-1.7530403,-0.3863867,1.2849886,-1.8955447,-1.1083693,-0.5210086,-1.2408109,-1.0656892,0.7790652,-2.4058991,-1.0653183,-0.4237682,-1.0980141,-1.7244511,0.5681742,-2.5031136,-1.0757387,-0.2907684,-1.0521876,-1.9510384,0.4421597,-2.5953145,-1.0280959,-0.0540436,-1.1669419,-1.9240223,0.7078052,-2.3769904,-1.0510112,-0.3387583,-1.1133427,-1.7510985,0.2587173,0.0224708,0.0400374,-0.2587173,-0.0224708,-0.0400374,0.3132398,1.2693894,-0.1664742,-0.4079418,0.990123,-0.1065703,0.6199243,2.4970107,0.1181634,-0.7502475,2.1270007,0.4292586,0.5876241,2.5963471,0.1594636,-0.7727128,2.2130173,0.340729,0.7067683,2.7410306,0.0594572,-0.8978396,2.2996592,0.198765
Myanmar,32,41.81818,41.02564,60.81081,3.22581,44.92754,85.9375,0.0,51.6129,-0.0575962,-1.7278168,-1.3525796,0.0020938,-1.8152474,-1.3256162,0.0058277,-1.8122692,-1.2812615,-0.0050759,-1.8111952,-1.2944582,-0.1016196,-1.8441128,-1.3515163,-0.0918798,-1.8402721,-1.4037104,-0.0884973,-1.8073792,-1.3221121,0.2973483,-1.8124071,-0.9579268,-0.3036287,-1.7032421,-0.8580401,0.0962563,-1.68772,-1.1721803,-0.0777862,-1.5935972,-1.2402749,0.5468651,-1.541799,-0.6457702,-0.3824634,-1.6123699,-0.2833224,0.8173812,-2.2005545,-0.9983561,-0.8933511,-1.1338518,-0.8650365,0.7414596,-2.8008094,-0.9284909,-0.5588432,-0.9842432,-1.4923753,0.6802471,-2.93791,-0.9572232,-0.3548086,-0.9373836,-1.7434753,0.605194,-2.9850583,-0.931377,-0.082329,-1.0885177,-1.7015519,0.7241834,-2.7614053,-0.9242981,-0.4286449,-1.0160385,-1.5211835,0.2908156,0.0105096,0.0371977,-0.2908156,-0.0105096,-0.0371977,0.3563611,1.2703064,0.0703973,-0.1913425,1.0507604,-0.0806231,0.5024983,2.323293,0.4906617,-0.4272332,2.2664962,0.3728456,0.4534461,2.4190953,0.5449267,-0.4312256,2.3708677,0.289367,0.5207926,2.5577683,0.4426589,-0.4710351,2.4707878,0.0819688
Myanmar,33,49.09091,43.58974,70.27027,3.22581,39.13043,89.0625,0.0,54.83871,0.3883701,-1.4557738,-1.3527786,0.4359716,-1.5360818,-1.3463889,0.4421335,-1.530881,-1.3042687,0.4366053,-1.5291722,-1.3212456,0.3812067,-1.5727673,-1.4088406,0.3889326,-1.5669915,-1.4546989,0.4065683,-1.5280751,-1.3847543,0.4745492,-1.590819,-1.0247378,0.1141276,-1.505121,-1.1619067,0.4418887,-1.4665172,-1.1809134,0.3545618,-1.3704643,-1.3116021,0.6754448,-1.2419815,-0.5742038,-0.2881042,-1.5063745,-0.5333404,0.8699489,-0.564697,-0.4919529,-0.3788052,-0.7063169,-0.7110664,0.4849261,0.0993152,-0.3882281,-0.1806993,-0.1816112,-0.8715167,0.3368184,0.2765578,-0.3800403,-0.0191872,-0.0374432,-1.0242766,0.1706879,0.2295538,-0.4269443,0.1341536,-0.1807923,-1.0346463,0.4128294,0.1840824,-0.4019191,-0.1016763,-0.1865637,-0.9118323,0.2788471,0.0081771,0.0752813,-0.2788471,-0.0081771,-0.0752813,0.449456,0.9174095,-0.5399099,-0.41637,0.8230753,-0.2232427,0.6253086,2.0789427,-0.2503027,-0.5966023,1.9725546,0.3606371,0.5838035,2.196848,-0.2097,-0.6283506,2.0763694,0.2881744,0.7054351,2.3442797,-0.3909093,-0.835545,2.1614116,0.1519984
Myanmar,34,16.36364,39.74359,81.08108,88.17204,10.14493,23.4375,0.0,41.93548,-0.1280153,-1.5994203,-1.2632949,-0.0427089,-1.6895853,-1.222714,-0.033712,-1.6839715,-1.1867071,-0.0430516,-1.68622,-1.196271,-0.1566568,-1.7157595,-1.2401686,-0.1504803,-1.7138434,-1.2833463,-0.1412518,-1.6790553,-1.2183429,0.2717705,-1.6781625,-0.830601,-0.3557788,-1.5680663,-0.7473324,0.0383408,-1.5647977,-1.0920079,-0.1359957,-1.4708798,-1.1479371,0.5599157,-1.2099375,-0.4238101,-0.392188,-1.4086035,-0.1913655,0.8009863,-0.6462288,-0.6498989,-0.5203298,-0.7397762,-0.5063995,0.3044724,-0.5823137,-0.7327504,-0.3358967,-0.7259463,-0.9548593,0.1290583,-0.584797,-0.7216203,-0.1785165,-0.7305477,-1.1442181,0.0684989,-0.717585,-0.7344514,-0.0421801,-0.9502971,-1.1276056,0.2629824,-0.5843866,-0.7280358,-0.2699433,-0.7998971,-0.9869612,0.2713224,0.0137872,0.0491412,-0.2713224,-0.0137872,-0.0491412,0.3559181,1.007883,-0.1532402,-0.3388394,0.7785142,-0.1328711,0.4161763,1.9141373,0.2357125,-0.4730465,1.8566388,0.2796323,0.3675936,2.0056635,0.2903892,-0.4880007,1.9481275,0.200555,0.4174199,2.1892043,0.2219959,-0.5925793,2.078493,0.0911389
Myanmar,35,45.45455,39.74359,81.08108,12.90323,28.98551,84.375,0.0,51.6129,0.5515667,-1.9255414,-1.3936053,0.5919553,-1.982469,-1.3651481,0.5933386,-1.9822869,-1.3205604,0.5829826,-1.9802684,-1.3362154,0.5218019,-2.0220171,-1.4546624,0.5327973,-2.0192159,-1.5098062,0.5391096,-1.9762497,-1.4257868,0.6200399,-1.9332001,-1.0080135,0.1701835,-1.8486183,-1.1725269,0.6018454,-1.8742267,-1.205232,0.4742234,-1.7772541,-1.3653509,0.8124801,-1.5501042,-0.7217343,-0.1524495,-1.7695042,-0.5776006,1.3656204,-1.7831546,-1.1712401,-0.4311185,-1.2073578,-1.2322339,0.8500455,-2.2203998,-1.1580365,-0.3989503,-0.9736152,-1.7535408,0.6379408,-2.3095296,-1.1681187,-0.2643818,-0.9133907,-1.957153,0.5128308,-2.4149165,-1.1096332,-0.0425435,-1.0165605,-1.9406282,0.7754115,-2.1885804,-1.1379675,-0.3189375,-0.9831976,-1.7818083,0.2811422,0.0195288,0.1207408,-0.2811422,-0.0195288,-0.1207408,0.3663736,1.3656246,0.0038569,-0.3633535,1.0656996,-0.1935958,0.5948471,2.5282358,0.4831771,-0.7655755,2.2901253,0.3342699,0.556843,2.61353,0.5422648,-0.7921191,2.3826967,0.242663,0.7606012,2.734487,0.4740053,-0.8387609,2.4930049,0.053098
Myanmar,36,40.0,42.30769,59.45946,2.15054,43.47826,84.375,0.0,51.6129,-0.0238466,-1.6248019,-1.0390665,0.0588918,-1.695591,-0.9968807,0.0619285,-1.6966928,-0.9658656,0.056959,-1.7004587,-0.9754413,-0.046553,-1.7183899,-1.0236362,-0.0364939,-1.7199013,-1.0680775,-0.0225543,-1.6784072,-1.0055459,0.3195386,-1.6957615,-0.6744434,-0.2193263,-1.5347131,-0.5859813,0.1155322,-1.5958239,-0.8871384,-0.0257713,-1.4870492,-0.9487862,0.6033291,-1.2946254,-0.3380169,-0.3303981,-1.5530462,-0.0902827,1.0308765,-0.9910561,-0.668074,-0.6394435,-1.7490295,-0.3749222,0.6660432,-0.5711965,-0.8079854,-0.6761935,-2.367826,-0.5162172,0.5417699,-0.4637185,-0.817478,-0.55818,-2.5280612,-0.672306,0.3880786,-0.5038942,-0.8374059,-0.4512293,-2.7226037,-0.6411631,0.5913162,-0.5070267,-0.8145378,-0.6329806,-2.4546374,-0.5361641,0.2741769,-0.0059869,0.0204779,-0.2741769,0.0059869,-0.0204779,0.3584845,1.0881454,-0.0904692,-0.4152535,0.9799273,-0.0950226,0.4312833,2.0612515,0.2003592,-0.5162138,2.1596696,0.1670961,0.3737731,2.1696165,0.243431,-0.529899,2.2601759,0.0724654,0.3178397,2.3429246,0.1309145,-0.6026314,2.3766965,-0.0742885
Myanmar,37,65.45455,51.28205,18.91892,0.0,78.26087,100.0,0.0,54.83871,-1.6662578,-3.1623494,-2.7574731,-1.7334191,-3.1657586,-2.9400026,-1.7221746,-3.1713995,-2.8370272,-1.7386839,-3.1644166,-2.8614343,-1.7556203,-3.2385432,-3.0373695,-1.7030846,-3.2272418,-3.1641653,-1.6595136,-3.1379054,-2.9487509,-1.3272277,-3.0199483,-2.8204931,-1.6230349,-2.5407631,-2.7359642,-1.3428407,-3.1119089,-2.5402765,-1.3827286,-2.7885416,-2.8206216,-0.3993755,-2.9291385,-1.5435387,-0.8750491,-3.4963541,-1.6800384,-0.1881333,-4.6526861,-2.0592689,-0.1068543,-4.9394634,-2.2213815,-0.6253403,-6.9404784,-2.2017036,-0.6120839,-7.3271892,-2.2834553,-0.9436228,-7.6535197,-2.2738338,-0.5706067,-8.0915898,-2.8272393,-1.0677493,-7.874435,-2.3735066,-0.5077383,-8.4841946,-2.7372894,-0.6504798,-6.9806219,-2.2813783,-0.674572,-7.6010541,-2.3373089,0.2863895,-0.007704,0.4097825,-0.2863895,0.007704,-0.4097825,1.070386,2.2817194,-0.491655,0.2691638,1.4608091,-1.6500169,0.6356478,5.4573764,0.0890852,-0.0054343,5.3633495,-1.076153,0.3445599,5.755731,0.1964138,-0.0787527,5.7232091,-1.3510085,0.1308048,6.187346,0.1506988,-0.0028183,6.0965285,-1.7321884
Myanmar,38,34.54545,33.33333,27.02703,95.69892,63.76812,15.625,0.0,46.77419,-0.039109,-1.7474372,-1.3143597,0.0340387,-1.8265356,-1.3072667,0.0331022,-1.831233,-1.2689667,0.0274552,-1.8286268,-1.2790183,-0.0670286,-1.8645457,-1.3563611,-0.0588562,-1.8613199,-1.4071645,-0.0484086,-1.8164967,-1.333636,0.2506638,-1.8719092,-0.9726493,-0.2971375,-1.7240692,-0.9599439,0.0884663,-1.7231998,-1.1452513,-0.0616198,-1.61848,-1.2350049,0.5366146,-1.6069901,-0.5348376,-0.4286894,-1.8281628,-0.3960184,0.9062839,-2.131762,-0.8438651,-0.8882484,-2.1685448,-0.7487665,0.997867,-2.7858074,-0.9688701,-0.9866787,-2.9242069,-0.9493171,0.9650641,-2.9358093,-1.0053328,-0.9015296,-3.1197566,-1.1445258,0.8571704,-3.0055574,-0.9933377,-0.7253637,-3.2691007,-1.1043515,0.9762638,-2.7706957,-0.9792579,-0.9271408,-3.006601,-0.9677321,0.3100039,0.0007251,0.0830243,-0.3100039,-0.0007251,-0.0830243,0.4279328,1.27728,-0.0468562,-0.3744926,0.9883136,-0.2631098,0.4318422,2.3770756,0.324632,-0.4518667,2.2729082,0.2525313,0.3634917,2.4773424,0.37553,-0.4568946,2.3811341,0.1620789,0.4991734,2.6103217,0.294499,-0.5945168,2.4775558,-0.022061
Myanmar,39,67.27273,53.84615,16.21622,1.07527,81.15942,100.0,0.0,56.45161,0.7920663,-2.645821,-0.8384421,0.7891616,-2.7749755,-0.811868,0.7991546,-2.7735061,-0.7595827,0.7971814,-2.7752092,-0.7803372,0.7658647,-2.8048749,-0.9704793,0.777756,-2.7966409,-1.033643,0.7967944,-2.7428739,-0.9326932,0.5768132,-2.8592672,-0.4221387,0.2890754,-2.5864322,-0.8796262,0.7648439,-2.6631676,-0.6276966,0.6879822,-2.4644274,-0.8868517,0.3449795,-2.2373536,0.3585652,0.2957706,-2.3494532,-0.6339126,0.3199729,-1.3843445,0.6088913,0.5531142,-1.3161417,-1.228735,0.6010889,-0.454649,0.7392747,0.8072245,-0.9500227,-1.263912,0.576681,-0.2842122,0.8395155,0.966815,-0.9024746,-1.4905842,0.6087867,-0.2036768,0.7153943,1.1185963,-1.059262,-1.4187033,0.6420151,-0.2908175,0.7000224,0.8557506,-0.9934597,-1.2648245,0.0708422,-0.0298981,0.4063557,-0.0708422,0.0298981,-0.4063557,0.6515842,1.5213931,0.0727137,0.095852,1.4653822,-0.2454398,1.3257289,3.0973279,0.1015928,-0.4225451,3.0868573,0.2340598,1.3052589,3.264275,0.1294908,-0.4818283,3.2325245,0.0845973,1.6849358,3.0871477,0.0456906,-0.414116,3.1761129,0.0320902
Myanmar,40,36.36364,32.05128,24.32432,96.77419,66.66667,14.0625,0.0,46.77419,1.2146245,1.6590157,-0.6105565,1.2074245,1.7581828,-0.6332069,1.2028257,1.7623069,-0.5929275,1.2057697,1.7619971,-0.6024683,1.2542172,1.7516009,-0.6115948,1.250993,1.7436851,-0.6575509,1.2149235,1.7099226,-0.5814448,0.8688708,1.9221231,-0.4650499,1.0896051,1.5282284,-0.1693726,1.004124,1.7217403,-0.5166865,1.02797,1.5379513,-0.5289647,0.1876226,1.5578044,-0.1528813,0.9935485,1.3887848,0.414495,0.0029825,0.8592258,-0.2583087,0.6956565,0.3836298,0.244915,0.2531961,0.37668,-0.0440649,0.7340886,0.0156225,-0.2560937,0.3756689,0.3020242,-0.0321155,0.6883029,-0.0090516,-0.4576032,0.4956383,0.3427948,-0.0588965,0.6757066,0.1915658,-0.5178321,0.2729375,0.338846,-0.0522574,0.740381,0.0594572,-0.3241267,-0.2662624,0.0718892,-0.0567683,0.2662624,-0.0718892,0.0567683,-0.1022158,-0.2136217,-0.6080365,0.6437397,-0.5819125,-0.0754969,0.1518567,-1.3743065,-0.322912,0.4178406,-1.5158304,0.3206992,0.2780061,-1.5096833,-0.2651967,0.4144616,-1.5899508,0.2087538,0.5032111,-1.7219442,-0.4197552,0.5692678,-1.7094153,0.0899497
Myanmar,41,29.09091,56.41026,6.75676,96.77419,76.81159,7.8125,0.0,43.54839,0.0152739,-1.726218,-1.4068846,0.1036611,-1.8083505,-1.3394733,0.1065099,-1.8071334,-1.3079342,0.1019412,-1.8139633,-1.3159171,-0.014564,-1.8356006,-1.3940175,-0.0096467,-1.8403099,-1.4404936,0.0054774,-1.8004727,-1.3683662,0.3816892,-1.8016297,-0.8815086,-0.2513289,-1.6549925,-0.8868325,0.1529235,-1.6889325,-1.2078346,-0.0084396,-1.5955543,-1.2902014,0.5596589,-1.2677392,-0.4140678,-0.4054303,-1.5075399,-0.3087179,0.8523197,-0.8628102,-0.5445375,-0.7864431,-0.8561057,-0.5884295,1.3854505,-0.9584999,-0.6886422,-1.4068333,-0.9048803,-0.9586624,1.4871443,-1.0161245,-0.7006415,-1.5034419,-0.9521021,-1.0871208,1.5178063,-1.0953555,-0.7841027,-1.5259381,-1.1315925,-1.1789541,1.4422229,-0.9516994,-0.7435502,-1.4624603,-0.9640178,-1.0331125,0.2889594,0.0236599,0.0590247,-0.2889594,-0.0236599,-0.0590247,0.4763343,1.2293584,-0.0596276,-0.2806852,0.9579041,-0.0829162,0.33345,2.1068808,0.2551987,-0.3930288,2.0515283,0.3576129,0.2390365,2.2005398,0.2989409,-0.4180977,2.1462586,0.2702632,0.3713366,2.3902246,0.2063083,-0.5975902,2.2665951,0.1844706
Myanmar,42,52.72727,53.84615,5.40541,52.68817,78.26087,73.4375,0.0,51.6129,-0.681891,-1.6927198,-0.8681912,-0.6430844,-1.7778471,-0.8921114,-0.6373911,-1.7809971,-0.8638377,-0.641202,-1.7794034,-0.8732469,-0.7026284,-1.7738682,-0.8773864,-0.6976323,-1.7752976,-0.9114933,-0.6827913,-1.7343006,-0.8508524,-0.2728443,-1.8566762,-0.7196286,-0.6673103,-1.5793563,-0.4214496,-0.471792,-1.6967047,-0.7632752,-0.5775546,-1.5529749,-0.7621845,0.2760964,-1.5902632,-0.264234,-0.6238797,-1.4034639,0.1296556,0.9012656,-1.4887055,-0.401494,-1.0209349,-0.8886242,-0.0240202,1.0619828,-1.2223686,-0.4927108,-1.2015663,-1.3715636,-0.4441174,1.094229,-1.2025323,-0.5201122,-1.1087221,-1.5505002,-0.5982628,1.0101013,-1.1634383,-0.5511185,-1.035378,-1.7686421,-0.6152716,1.0551141,-1.1401881,-0.5208832,-1.1834865,-1.4778283,-0.4828543,0.2740273,0.0032791,-0.0088025,-0.2740273,-0.0032791,0.0088025,0.1686144,1.3149088,-0.1623932,-0.511971,0.9605173,0.0416541,0.0704292,2.2672106,0.340739,-0.8855778,2.0301223,0.5203469,-0.0028929,2.3679665,0.3976592,-0.926751,2.1232797,0.4489896,0.0588626,2.5122391,0.2103271,-1.0168453,2.228161,0.2639149
Myanmar,43,29.09091,55.12821,6.75676,96.77419,78.26087,7.8125,0.0,43.54839,0.0169758,-1.7224163,-1.2902236,0.1088454,-1.7984797,-1.2215144,0.1110384,-1.7982158,-1.1914966,0.1068063,-1.8039942,-1.1992004,-0.0041886,-1.8293417,-1.2744515,-1.91e-05,-1.8343284,-1.3185618,0.0140419,-1.7947274,-1.2501302,0.3712754,-1.7725074,-0.7831139,-0.2354249,-1.6550998,-0.7908997,0.1475158,-1.6828401,-1.1036749,-0.0086627,-1.5950011,-1.1839524,0.5472657,-1.2616629,-0.3700981,-0.4231158,-1.4731593,-0.2533549,0.8847166,-0.8721428,-0.5178704,-0.8135894,-0.8275961,-0.5885261,1.4027728,-0.901021,-0.6903612,-1.4234805,-0.9443675,-1.010165,1.5073274,-0.9345052,-0.7038045,-1.5198572,-1.0048146,-1.1437339,1.5248334,-1.0017986,-0.7874026,-1.5321063,-1.1858338,-1.2323044,1.4537047,-0.8848929,-0.7465439,-1.476992,-1.0053674,-1.0826694,0.2804887,0.0138192,0.0487493,-0.2804887,-0.0138192,-0.0487493,0.2997724,1.1945399,-0.1134476,-0.2216927,0.9653253,-0.0855044,0.2853612,2.0660855,0.1692201,-0.2888337,2.0530881,0.3158645,0.2104712,2.1578415,0.2071069,-0.307269,2.144393,0.2264271,0.3254214,2.2944006,0.1087529,-0.4775058,2.2395887,0.1486678
Myanmar,44,47.27273,51.28205,10.81081,46.23656,69.56522,68.75,0.0,50.0,-0.2906358,-1.778212,-0.8937112,-0.2506339,-1.8585257,-0.897148,-0.2454642,-1.861283,-0.8589015,-0.2510212,-1.8573326,-0.8674925,-0.3152673,-1.883459,-0.9349917,-0.3108669,-1.8751758,-0.9761736,-0.2895754,-1.8386566,-0.9060171,-0.0729207,-1.903808,-0.6011727,-0.4575041,-1.7002076,-0.5889238,-0.168099,-1.7812093,-0.742779,-0.2557815,-1.6473725,-0.8307069,0.3211575,-1.5806685,-0.2214264,-0.6421698,-1.610908,0.0451931,0.836819,-1.3447064,-0.3511464,-0.5239825,-0.9043966,-0.1245369,0.5284643,-1.3558651,-0.2972766,-0.5653009,-0.7269826,-0.4351292,0.3889448,-1.3989167,-0.2838333,-0.4910965,-0.7508538,-0.6130917,0.2693724,-1.4865294,-0.3066666,-0.4254702,-0.9261519,-0.6387952,0.4962674,-1.3418974,-0.3014466,-0.5412101,-0.7748234,-0.4765954,0.2634903,-0.0359664,0.0306848,-0.2634903,0.0359664,-0.0306848,0.5574682,0.8963162,-0.4769786,0.060342,0.8341179,-0.3559241,0.7931799,2.1968634,-0.2145377,0.4941914,2.1105221,0.1060817,0.7285224,2.3343657,-0.1826825,0.5195301,2.2166349,0.0104591,0.5926876,2.4269441,-0.3895749,0.3170435,2.2359801,-0.1391975
Myanmar,45,29.09091,55.12821,6.75676,96.77419,78.26087,7.8125,0.0,43.54839,-0.0087444,-1.7755193,-1.3014252,0.0785063,-1.8446699,-1.237282,0.080207,-1.8458503,-1.2070726,0.0765538,-1.8509292,-1.2159302,-0.026081,-1.8791365,-1.2980012,-0.022336,-1.8831552,-1.3414696,-0.0076901,-1.8427583,-1.2724219,0.31924,-1.8065346,-0.8145798,-0.2623096,-1.694274,-0.8417061,0.1113911,-1.7302626,-1.1202045,-0.0350954,-1.6441635,-1.2084446,0.4940964,-1.2914605,-0.3987732,-0.4784738,-1.49541,-0.2869161,0.8249288,-0.9018376,-0.5209094,-0.9433982,-0.845559,-0.517742,1.3163658,-0.9499783,-0.683025,-1.5953157,-1.0078844,-0.8067309,1.411381,-0.989618,-0.6965692,-1.6946096,-1.0906842,-0.9178189,1.4304689,-1.0605657,-0.7768723,-1.7255206,-1.2821107,-1.0157421,1.3655626,-0.9358041,-0.7414502,-1.6595568,-1.0815778,-0.8791634,0.2834295,0.0105741,0.0508186,-0.2834295,-0.0105741,-0.0508186,0.3548645,1.2001994,-0.0940352,-0.2755594,0.9813959,-0.1125162,0.3110186,2.1241442,0.1926909,-0.3498578,2.0930423,0.3247859,0.2279216,2.2214362,0.2302073,-0.3707928,2.1874826,0.2384995,0.3563643,2.4141046,0.1259513,-0.5546359,2.3108598,0.1509046
Myanmar,46,47.27273,43.58974,78.37838,16.12903,30.43478,84.375,0.0,51.6129,-0.7591504,-3.892252,-1.8963345,-0.6473626,-3.9516716,-2.0201156,-0.6478298,-3.953341,-1.9462287,-0.6652995,-3.9524473,-1.9691633,-0.6724988,-4.0422754,-2.0417656,-0.6445692,-4.0426946,-2.1452087,-0.6063614,-3.9793892,-1.9932583,-0.2504151,-3.6691561,-2.0803968,-0.3792185,-3.4461791,-1.6873494,-0.5363801,-3.740189,-1.792605,-0.5432231,-3.5548585,-1.903973,0.0198094,-2.8226392,-1.4935622,-0.3548566,-3.3548432,-0.7343625,-0.0118136,-3.4409437,-2.0643706,-1.0040559,-3.5204115,-1.3504987,-0.511006,-4.2379991,-1.8413691,-1.1644758,-4.338424,-1.7420308,-0.7336542,-4.4364545,-1.8133617,-0.8998005,-4.6147625,-2.029295,-0.8394781,-4.5062196,-1.7298247,-0.6930816,-4.8715365,-1.971426,-0.5078407,-4.1772109,-1.802913,-1.0907673,-4.4588402,-1.7685645,0.2221318,0.0386018,0.1526452,-0.2221318,-0.0386018,-0.1526452,0.1878055,2.656086,0.2163837,-0.780492,2.1163656,-0.4053279,0.3214067,4.5797421,1.2488451,-1.8129112,4.8706031,0.2848998,0.1668065,4.7648863,1.3893544,-1.944331,5.0865196,0.1045695,0.364063,4.8841134,1.2207361,-2.1232253,5.0053503,-0.403143
Myanmar,47,40.0,41.02564,56.75676,2.15054,43.47826,84.375,0.0,50.0,0.0126115,-1.7336969,-1.0338066,0.0872412,-1.8016996,-0.9912341,0.0909553,-1.8035188,-0.9614281,0.0853964,-1.8048213,-0.9682611,-0.0201133,-1.8254895,-1.0203911,-0.0140304,-1.8258439,-1.0589412,-0.0004343,-1.7838477,-0.9992584,0.3605178,-1.8135516,-0.6288918,-0.2250794,-1.6689198,-0.5498654,0.160417,-1.7085683,-0.8588548,0.0035452,-1.6039901,-0.9219167,0.6440014,-1.4699656,-0.2128,-0.3210957,-1.6648841,-0.0378875,1.073803,-1.2507212,-0.4447073,-0.6051446,-1.7495197,-0.2777166,0.6524134,-0.8465116,-0.467631,-0.7345927,-2.2089308,-0.4449226,0.5081141,-0.7454352,-0.4603531,-0.6415312,-2.3422205,-0.6111962,0.3624424,-0.758323,-0.4778464,-0.5404446,-2.5042975,-0.59037,0.5745525,-0.7671885,-0.4679341,-0.7007435,-2.2806696,-0.4697946,0.3093469,0.0055737,0.0807923,-0.3093469,-0.0055737,-0.0807923,0.4501296,1.1784009,-0.0230411,-0.3894934,0.8758058,-0.1588635,0.3713863,2.1483124,0.3255462,-0.5600945,1.9518944,0.2500854,0.299669,2.2513989,0.371967,-0.5723191,2.042027,0.1705969,0.3946263,2.4444501,0.2346577,-0.5260233,2.2064075,-0.0183628
Myanmar,48,47.27273,43.58974,82.43243,13.97849,28.98551,85.9375,0.0,53.22581,0.3984875,-2.0127303,-1.1744173,0.44296,-2.0805719,-1.1340826,0.4477325,-2.0795379,-1.0927563,0.435837,-2.0766835,-1.1104595,0.3671875,-2.1184563,-1.2332068,0.3749459,-2.117326,-1.2803419,0.3872955,-2.0819628,-1.2031507,0.4637396,-2.0283111,-0.7529399,0.0174502,-1.9274478,-0.9442949,0.4400488,-1.9693508,-0.982871,0.3231887,-1.8685226,-1.140896,0.6146508,-1.673511,-0.4209039,-0.3815758,-1.7117199,-0.3429762,1.2064278,-2.1202557,-0.6657094,-0.6529547,-1.0490304,-0.9266506,0.8746742,-2.4614776,-0.6147585,-0.4910342,-1.0657076,-1.4090472,0.7081335,-2.5150641,-0.609494,-0.3100104,-1.092142,-1.5982606,0.5756103,-2.5673944,-0.575436,-0.1629784,-1.2717261,-1.5664369,0.8216212,-2.4114293,-0.6070004,-0.4233899,-1.1222177,-1.4269926,0.2980318,-0.0073086,0.1095869,-0.2980318,0.0073086,-0.1095869,0.6919564,1.3307756,-0.1167348,-0.5633511,1.0577951,-0.3061789,0.9816171,2.502702,0.2441676,-0.5616557,2.3576485,0.1943449,0.9432819,2.5999148,0.2882034,-0.5556322,2.4595338,0.101477,1.2362309,2.6426694,0.1824292,-0.7207504,2.500338,-0.0650827
Myanmar,49,41.81818,42.30769,58.10811,2.15054,46.37681,85.9375,0.0,50.0,-0.0120253,-1.7269486,-1.5559867,0.059535,-1.8062714,-1.5351121,0.0609515,-1.8043867,-1.4893874,0.0506188,-1.8020696,-1.5036031,-0.0459136,-1.8416084,-1.5588775,-0.0352193,-1.8377126,-1.6137378,-0.0328068,-1.8018084,-1.5297774,0.3577491,-1.797474,-1.1710847,-0.2368151,-1.7112017,-1.0656626,0.1414134,-1.6828686,-1.3716457,-0.0289981,-1.5938549,-1.4441916,0.6113446,-1.5438663,-0.8149209,-0.3220891,-1.6434647,-0.4702736,0.8745236,-2.1739748,-1.2632947,-0.8333511,-1.1840351,-1.06996,0.6622771,-2.7746327,-1.2829145,-0.601733,-1.0968137,-1.7393772,0.5569788,-2.9064125,-1.3331539,-0.4221169,-1.0636199,-2.008434,0.4679188,-2.9690523,-1.3033381,-0.1385323,-1.21763,-1.9713335,0.6252952,-2.7349934,-1.2810002,-0.4743651,-1.1318599,-1.7757589,0.2988452,0.0325024,0.0394601,-0.2988452,-0.0325024,-0.0394601,0.3589755,1.3545557,-0.0083421,-0.3368485,1.0128953,-0.0147702,0.4282831,2.4173019,0.3130726,-0.5597738,2.1253713,0.5519281,0.3721072,2.5113217,0.3592914,-0.5595473,2.21941,0.4756596,0.4628619,2.7130806,0.2708728,-0.6044035,2.389718,0.3234123
Myanmar,50,49.09091,43.58974,78.37838,11.82796,31.88406,87.5,0.0,53.22581,-0.7410671,-1.4101229,-2.0576854,-0.7976837,-1.534582,-2.111787,-0.7884898,-1.5305277,-2.0582537,-0.792336,-1.5302254,-2.0738429,-0.8637451,-1.4683421,-2.1235066,-0.853489,-1.462425,-2.1763222,-0.8336534,-1.4199662,-2.0908837,-0.5582794,-1.7429995,-1.7974428,-0.9649253,-1.1449171,-1.6902804,-0.5340601,-1.4784295,-1.8844849,-0.6249448,-1.2452327,-1.956762,0.1680241,-1.5037755,-1.0838357,-0.7583223,-1.1880763,-0.8783696,0.5467801,-0.9616497,-0.9077458,-0.5116579,-0.5610577,-0.9059837,0.3706051,-0.4563937,-0.7991398,-0.4447015,-0.4153579,-1.2468107,0.2316569,-0.3849629,-0.8111063,-0.3456798,-0.4055877,-1.4932344,0.1117463,-0.4529823,-0.8720571,-0.2757182,-0.6256948,-1.5463169,0.3332069,-0.396844,-0.8250475,-0.4137043,-0.4896429,-1.3263768,0.2693929,-0.0634132,0.0832772,-0.2693929,0.0634132,-0.0832772,0.4960314,1.4216731,-0.0011495,0.0320634,1.1520348,-0.0969391,0.5684495,2.3662782,0.644157,0.2613256,2.3825985,0.4712917,0.5008134,2.4537323,0.7167167,0.270804,2.4908637,0.3968122,0.5365416,2.5812991,0.5450713,0.1266026,2.6099198,0.1861515
Myanmar,51,16.36364,48.71795,81.08108,90.32258,13.04348,21.875,0.0,41.93548,-0.1774552,-1.6971055,-0.9773311,-0.1119923,-1.7788441,-0.9931354,-0.104947,-1.7800396,-0.9581412,-0.111831,-1.7801772,-0.9707159,-0.1704396,-1.8077516,-0.9953881,-0.1692364,-1.8058433,-1.0322162,-0.1557146,-1.765988,-0.9650238,0.1872453,-1.7719124,-0.7598757,-0.2407523,-1.6369808,-0.5954084,-0.0042452,-1.673809,-0.8610196,-0.1234003,-1.5692273,-0.889212,0.5702375,-1.3118134,-0.3057317,-0.3501096,-1.5559285,-0.0001682,0.7671046,-0.7487595,-0.1891856,-0.6809953,-0.8616357,-0.1726402,0.8769185,-0.2707427,0.0556385,-0.8356112,-0.7668098,-0.6285219,0.856933,-0.1931647,0.0949306,-0.7942959,-0.7722639,-0.8100288,0.7981308,-0.1796277,0.0316922,-0.6742331,-0.9065755,-0.8435547,0.8641841,-0.1870955,0.034261,-0.803871,-0.810819,-0.6819142,0.2932478,0.0332518,0.0189246,-0.2932478,-0.0332518,-0.0189246,0.4945517,0.9472336,-0.2552186,-0.6255116,0.6473861,-0.3032711,0.4532515,1.8389102,0.2906278,-0.6002095,1.7790386,0.2927411,0.3812843,1.9194571,0.3534673,-0.610121,1.8776661,0.2210513,0.5594965,2.0477051,0.2524778,-0.9294449,1.9304599,0.1186176
Myanmar,52,45.45455,46.15385,77.02703,10.75269,28.98551,84.375,0.0,51.6129,-0.4341393,-1.2131054,-1.5750851,-0.3742519,-1.2989774,-1.6271307,-0.3660326,-1.2959722,-1.5892921,-0.3757498,-1.2933184,-1.6050087,-0.4514624,-1.3095157,-1.6342407,-0.4431691,-1.3026675,-1.68215,-0.4265099,-1.268519,-1.5998715,0.0057112,-1.4880583,-1.3851528,-0.4871536,-1.2516874,-1.1850344,-0.2234747,-1.2767554,-1.4250882,-0.3456627,-1.141582,-1.4590612,0.4756569,-1.4453276,-0.8165385,-0.4542373,-1.420366,-0.4495594,0.9133537,-1.621693,-1.1756292,-0.5144623,-0.8807112,-0.4771556,0.4382039,-1.901465,-1.1721415,-0.7302891,-0.9359897,-0.6356933,0.2570927,-1.9947231,-1.1863866,-0.655241,-1.0017737,-0.7805987,0.1603783,-2.0804887,-1.1747726,-0.6044365,-1.2033247,-0.8121475,0.395741,-1.8818144,-1.1685906,-0.7248334,-1.0104536,-0.6765153,0.301473,0.0097048,0.022046,-0.301473,-0.0097048,-0.022046,0.915187,0.9941106,-0.5788793,-0.8147824,0.9334446,-0.4835089,1.3264984,2.2322109,-0.2752834,-0.4757895,2.2659212,0.0448083,1.2912107,2.3475975,-0.2446278,-0.4618687,2.3772733,-0.0422001,1.5643623,2.422625,-0.3540207,-0.8144461,2.5392253,-0.0584059
Myanmar,53,18.18182,47.4359,83.78378,80.64516,14.49275,28.125,0.0,41.93548,-0.0251636,-1.6465381,-1.2960672,0.0444813,-1.7152341,-1.270503,0.0522146,-1.7141802,-1.2319789,0.0437546,-1.7140275,-1.2444787,-0.0410773,-1.7522912,-1.3052935,-0.0365088,-1.7462873,-1.3474603,-0.0252798,-1.7102838,-1.281128,0.2699337,-1.6861287,-0.9022366,-0.2374435,-1.5805053,-0.8924253,0.1044463,-1.6105725,-1.1274942,-0.0347934,-1.5198626,-1.2040795,0.5568554,-1.2341564,-0.4442925,-0.4113386,-1.4352483,-0.2954221,0.7451767,-0.6583884,-0.5521694,-0.4755977,-0.6916085,-0.3591014,0.2803686,-0.55154,-0.6147403,-0.1609922,-0.4100837,-0.5343121,0.0968629,-0.5339397,-0.6266864,0.0480529,-0.330247,-0.6860404,0.0218889,-0.660245,-0.6489643,0.178364,-0.5324678,-0.6961824,0.2387018,-0.5476157,-0.616564,-0.0877013,-0.4658263,-0.5723441,0.2853318,0.0077307,0.0677141,-0.2853318,-0.0077307,-0.0677141,0.3402686,1.1424002,-0.0807719,-0.3546095,0.9052283,-0.0651306,0.3121885,2.0411854,0.3065101,-0.3990138,1.9435724,0.4670968,0.2469826,2.1324581,0.3521128,-0.4128464,2.0284817,0.3984367,0.3318069,2.3078612,0.2180215,-0.5978327,2.110065,0.2632378
Myanmar,54,47.27273,41.02564,72.97297,92.47312,52.17391,25.0,0.0,48.3871,-0.1067456,-1.208157,-1.6499573,-0.0596549,-1.3167067,-1.6273904,-0.0533015,-1.3102229,-1.5938441,-0.0610513,-1.3133812,-1.6072706,-0.1574182,-1.325762,-1.6684684,-0.1485044,-1.3241333,-1.7086288,-0.1383808,-1.2899775,-1.6420203,0.1847756,-1.3738711,-1.2325497,-0.3827494,-1.2126182,-1.2190154,0.0298268,-1.202798,-1.4647449,-0.1101687,-1.1005242,-1.5396102,0.483143,-1.1473474,-0.721366,-0.4960212,-1.2060601,-0.5269687,1.035896,-0.9174465,-0.7772262,-1.0022873,-0.7977045,-0.6151002,0.7396376,-0.3859527,-0.7544258,-1.0493367,-0.5045023,-0.7811857,0.6373765,-0.2749818,-0.7403687,-0.934688,-0.4587722,-0.9264427,0.474437,-0.2771602,-0.778711,-0.7699177,-0.5821364,-0.9399511,0.6721177,-0.3049476,-0.7617463,-0.9820034,-0.5225343,-0.8242628,0.279061,0.0015958,0.0780274,-0.279061,-0.0015958,-0.0780274,0.6534856,0.5869803,-0.5994364,-0.7036616,0.1791803,-0.6047192,0.4774678,1.3985817,-0.111366,-0.5337687,1.1729691,0.0163818,0.392919,1.4634494,-0.0430395,-0.5208812,1.2492772,-0.0224019,0.4345444,1.6520125,-0.1013187,-0.5738551,1.4042037,-0.0620102
Myanmar,55,60.0,50.0,13.51351,12.90323,78.26087,92.1875,0.0,53.22581,-0.0839154,-2.1038195,-2.5893392,-0.02536,-2.1764581,-2.642367,-0.0261655,-2.1629258,-2.5750199,-0.0343608,-2.1645751,-2.5858432,-0.0914898,-2.2134301,-2.6880707,-0.0831406,-2.2094733,-2.7579566,-0.0504977,-2.1412719,-2.6432977,0.2014887,-2.2253371,-2.3144934,-0.2361241,-1.9652935,-2.2566635,0.0605056,-2.1038033,-2.3717672,-0.0276769,-1.9505818,-2.4916968,0.4554122,-1.9565562,-1.6800107,-0.3608132,-2.0857073,-1.116898,1.0566413,-2.0849126,-1.6711351,-0.3641914,-1.1626325,-1.1414496,1.487626,-1.8768018,-1.3885097,-0.8965593,-0.4808499,-1.2647686,1.527584,-1.9215427,-1.3385876,-0.9422692,-0.4009223,-1.4077942,1.4382913,-1.8605959,-1.4546952,-0.8843558,-0.4796037,-1.5237511,1.5275882,-1.7681801,-1.4246921,-0.9201244,-0.4551517,-1.3594709,0.2050709,0.0346292,-0.0785563,-0.2050709,-0.0346292,0.0785563,0.1503202,1.8490198,-0.2851169,-0.0823109,1.3454068,0.592912,0.5703505,3.4286543,0.2342498,0.5593942,2.4539059,1.6612436,0.4988892,3.5897383,0.3027653,0.5906731,2.5272022,1.5909506,0.1980682,3.8087221,0.1270292,0.301783,2.5590966,1.6556246
Myanmar,56,65.45455,47.4359,13.51351,3.22581,75.36232,96.875,0.0,54.83871,-0.0701381,2.1152979,-1.4284196,-0.0885565,2.2223125,-1.4226547,-0.0985514,2.2240668,-1.3678963,-0.0944231,2.2202665,-1.3847993,-0.0111639,2.2497654,-1.5252301,-0.022024,2.2377773,-1.5865932,-0.0422018,2.1919716,-1.4939815,-0.1253558,2.3534359,-0.951933,0.3524585,2.0684019,-1.1741738,-0.1455908,2.1577349,-1.1761181,-0.0332426,1.9747436,-1.3690095,-0.3341239,2.0017402,-0.2733168,0.6622256,2.0585343,-0.3370515,-0.536954,1.3818646,-0.1905121,0.7590219,1.0245279,-0.4632793,-0.6503307,0.9013184,-0.1898349,0.6659347,0.4328235,-0.6445796,-0.6282555,0.8501166,-0.1892338,0.5113011,0.3672305,-0.8687023,-0.5428015,0.8740168,-0.2557892,0.3892959,0.5372257,-0.9122489,-0.6634206,0.8043852,-0.2169672,0.6034112,0.4637739,-0.709842,-0.3384142,0.0547601,0.1842631,0.3384142,-0.0547601,-0.1842631,-0.5872942,-1.6365268,0.0620297,-0.1308929,-1.4639191,-0.4419611,-0.5978489,-3.0114633,0.5906167,-0.0874413,-3.2159869,0.1243528,-0.5047645,-3.1736724,0.6629961,-0.0787964,-3.3667994,0.006631,-0.5803036,-3.3726002,0.4585051,-0.1314951,-3.5168281,-0.3409511
Myanmar,57,54.54545,34.61538,27.02703,5.37634,56.52174,90.625,0.0,51.6129,0.4937396,-1.536664,-0.7616123,0.5712729,-1.5949788,-0.7074475,0.5814753,-1.5991563,-0.6839221,0.5726847,-1.6024935,-0.6866806,0.5069705,-1.6597743,-0.7943713,0.5134005,-1.6567627,-0.8342404,0.5274494,-1.6238489,-0.7684927,0.6299674,-1.5569722,-0.311196,0.1783827,-1.5907656,-0.5117355,0.5265027,-1.5050382,-0.5839481,0.4013623,-1.4492788,-0.7225062,0.5721365,-1.1121796,0.149174,-0.1966814,-1.6962145,-0.1112528,0.7680149,-0.6076861,0.1282899,-0.3488556,-1.8187031,-0.4055372,1.0711243,-0.3409886,0.1692628,-0.0770128,-2.2200069,-0.4334433,1.1059496,-0.3298418,0.2125223,0.0843029,-2.3449505,-0.6038438,1.0834402,-0.3580781,0.1378713,0.2034822,-2.4981078,-0.5662132,1.0826068,-0.2859117,0.1420265,-0.0237025,-2.2891781,-0.4436853,0.2624053,-0.0627956,0.2166376,-0.2624053,0.0627956,-0.2166376,0.9273904,0.4480925,-0.0368405,-0.0422696,1.0456321,-0.5223773,1.038717,1.4090678,0.2294142,0.0611296,2.3348757,-0.3329651,0.9839168,1.5061771,0.2685065,0.0657668,2.4419402,-0.4375745,1.2475343,1.4221234,0.2023873,0.0771374,2.3557186,-0.6669079
Myanmar,58,49.09091,38.46154,70.27027,93.54839,53.62319,23.4375,0.0,48.3871,-0.0514494,-1.1696145,-1.7141534,-0.00398,-1.276872,-1.6861674,0.0033456,-1.2714101,-1.6558417,-0.0062359,-1.2728599,-1.6648899,-0.0878055,-1.2951477,-1.7275013,-0.0812155,-1.2897022,-1.762293,-0.0757859,-1.2559841,-1.6963073,0.2476563,-1.2869254,-1.2693872,-0.3399261,-1.1932652,-1.2709632,0.089657,-1.1415848,-1.5258389,-0.0701547,-1.0631934,-1.5934396,0.5152467,-1.0769348,-0.707673,-0.4696437,-1.1574708,-0.55436,1.1172237,-0.8702134,-0.6203576,-0.9897182,-0.7416814,-0.4972756,0.7341762,-0.3994932,-0.4885933,-0.7635036,-0.4013091,-0.4361875,0.6034441,-0.3211061,-0.4587057,-0.5508166,-0.3376266,-0.5418902,0.4198998,-0.3294951,-0.4805503,-0.3915116,-0.463188,-0.536452,0.64567,-0.3265227,-0.4860959,-0.6830213,-0.4307742,-0.4626826,0.2904643,-0.0090994,0.1103011,-0.2904643,0.0090994,-0.1103011,0.8226504,0.5648501,-0.61813,-0.57262,0.2916075,-0.7365314,0.5594301,1.3381197,0.1082139,-0.4418808,1.2203274,0.1724266,0.4759516,1.3978645,0.2002884,-0.4361097,1.2918536,0.1738685,0.581658,1.6326893,0.1876751,-0.522876,1.4937622,0.1755196
Myanmar,59,58.18182,51.28205,13.51351,19.35484,73.91304,90.625,0.0,53.22581,-0.0695925,-2.0409088,-1.2760596,-0.0954451,-2.1014324,-1.2332759,-0.100823,-2.1009594,-1.1969489,-0.1015775,-2.1021829,-1.2110376,-0.1580208,-2.089404,-1.318095,-0.152784,-2.0919534,-1.3566296,-0.1359327,-2.0374835,-1.290875,-0.0016162,-2.1186033,-0.8704223,-0.4450055,-1.7745044,-0.9704323,0.0471747,-2.0217308,-1.0974447,-0.0556471,-1.8516051,-1.2217695,0.3957849,-1.7828873,-0.3635719,-0.5586174,-1.4843658,-0.3646349,1.1435497,-1.9183071,-0.2875365,-1.2671021,-0.8366123,-0.5431428,1.0798803,-1.5712608,-0.3081392,-2.2151493,-0.6660769,-0.7938649,1.0351575,-1.4715208,-0.2642048,-2.3557203,-0.6673523,-0.863823,0.8803531,-1.3947852,-0.3391347,-2.331816,-0.7153366,-0.9870324,1.0424542,-1.4675993,-0.3536849,-2.2828359,-0.6583711,-0.8706171,0.2359469,0.0099461,0.1133205,-0.2359469,-0.0099461,-0.1133205,0.0558605,1.4803431,-0.2212211,-0.363065,0.8479388,-0.0939316,-0.5010522,2.7685367,-0.0980548,-0.3533206,1.2702293,1.0903524,-0.6378108,2.8903569,-0.0671229,-0.3420337,1.2865329,1.0818429,-0.4389863,3.0146155,-0.2302638,-0.1995841,1.4303687,1.1592617
Myanmar,60,50.90909,47.4359,33.78378,5.37634,52.17391,85.9375,0.0,50.0,0.4849779,-1.8633564,-1.2539571,0.5639396,-1.959307,-1.224085,0.5698686,-1.9576984,-1.1798064,0.5669806,-1.9614561,-1.1981215,0.493958,-2.0304556,-1.3174806,0.4979372,-2.0222162,-1.3685637,0.5168005,-1.9787261,-1.290414,0.5790087,-2.0044024,-0.8016897,0.1354701,-1.9603151,-1.0428107,0.5096205,-1.8546108,-1.0523471,0.3969383,-1.7717905,-1.2112098,0.6091793,-1.5117407,-0.2450538,-0.3307602,-1.7793419,-0.4569575,0.7296036,-0.7220483,-0.1613554,-0.16478,-0.7233273,-0.6818843,1.1256911,-0.1074876,-0.1066524,0.1564207,-0.2641461,-0.8425227,1.181077,-0.0042182,-0.0653248,0.3315997,-0.1752115,-1.0164588,1.1844103,0.0219402,-0.1555057,0.4470059,-0.3733782,-1.0406936,1.1767739,-0.011,-0.1447149,0.2196962,-0.3120059,-0.8818348,0.2892085,0.0113135,0.1571646,-0.2892085,-0.0113135,-0.1571646,0.437381,1.3777568,-0.0477172,-0.4010497,1.1307377,-0.0446424,0.3391347,2.5187703,0.2481527,-0.5654423,2.3725898,0.5735356,0.2504345,2.6344414,0.2895532,-0.5945489,2.4748635,0.4724944,0.499231,2.683118,0.1625201,-0.7771219,2.4566055,0.3719166
Myanmar,61,47.27273,44.87179,64.86486,5.37634,34.78261,82.8125,0.0,50.0,-0.6239003,-1.6538054,-1.0558773,-0.5743955,-1.7529985,-1.0705947,-0.5611836,-1.7507215,-1.0307605,-0.5682641,-1.750398,-1.0451253,-0.6457057,-1.7463058,-1.0502603,-0.6410453,-1.7439809,-1.0885285,-0.6209691,-1.7073774,-1.0233884,-0.1945777,-1.8412108,-0.8323352,-0.6284786,-1.5659509,-0.5707421,-0.4085328,-1.6782587,-0.9308193,-0.518786,-1.5296791,-0.9377348,0.3228182,-1.4536804,-0.3954421,-0.5744685,-1.4491518,0.0459829,0.4135333,-0.8700907,-0.3980528,-0.6906942,-0.6079132,-0.0020583,0.3590221,-0.3190262,-0.2972532,-0.7905431,-0.1390728,-0.3709725,0.3149207,-0.217374,-0.2933717,-0.7205443,-0.0418026,-0.5364846,0.2567055,-0.2160079,-0.3497135,-0.6239877,-0.1550828,-0.5961668,0.3528056,-0.2373535,-0.3207715,-0.7469705,-0.1476583,-0.4399296,0.2844557,-0.0003452,-0.021907,-0.2844557,0.0003452,0.021907,0.3128108,1.0893087,-0.4503231,-0.4460469,1.0029085,-0.1940264,0.2935298,2.0830968,0.0026324,-0.3538439,2.1765067,0.1590283,0.2304643,2.1849243,0.0530333,-0.3572649,2.2815705,0.0659203,0.2725231,2.3002356,-0.120979,-0.6066835,2.3573544,-0.1216001
Myanmar,62,25.45455,41.02564,56.75676,91.39785,37.68116,12.5,0.0,41.93548,-0.011934,-1.4326753,-1.1715043,0.0553792,-1.5278466,-1.1205779,0.0621504,-1.5248265,-1.0886774,0.055307,-1.5240951,-1.0960347,-0.0505874,-1.5499088,-1.143736,-0.0482806,-1.5479163,-1.1798219,-0.0383349,-1.5120684,-1.118578,0.338177,-1.5180375,-0.6794145,-0.2890865,-1.4179729,-0.6641404,0.1384242,-1.3985395,-0.9963229,-0.0335576,-1.3126681,-1.0538555,0.5869571,-1.0429717,-0.2770057,-0.3743678,-1.2938932,-0.1634587,0.5706316,-0.4279687,-0.2991319,-0.583658,-0.5465747,-0.348186,0.4601727,0.0385772,-0.2811424,-0.5472176,-0.114968,-0.6934395,0.4025976,0.1251372,-0.2623544,-0.4823598,-0.0140851,-0.8534436,0.3207488,0.1073377,-0.3075192,-0.3155052,-0.1128667,-0.8716062,0.4224877,0.1024,-0.2887706,-0.4825445,-0.1197898,-0.732561,0.3149693,0.0528005,0.0832341,-0.3149693,-0.0528005,-0.0832341,0.5273463,0.6499126,-0.6566444,-0.5700478,0.1567884,-0.7322455,0.263439,1.0353909,0.1594022,-0.4037183,0.9273514,0.1787655,0.1771878,1.0605989,0.2680611,-0.3849374,0.9887767,0.1655466,0.1686634,1.2417534,0.2260897,-0.4282542,1.1958843,0.0837686
Myanmar,63,63.63636,50.0,43.24324,1.07527,69.56522,96.875,0.0,54.83871,0.6810171,-1.0137365,-1.2323997,0.7923268,-1.0428499,-1.2091109,0.7963202,-1.0441868,-1.1821248,0.7847022,-1.0494539,-1.1869266,0.7488263,-1.1228298,-1.2672853,0.7626412,-1.121005,-1.3061972,0.765703,-1.0928586,-1.2443482,0.8624152,-0.9541264,-0.8885599,0.5318794,-1.1530794,-1.0109645,0.6912325,-0.967729,-1.0774896,0.60305,-0.968518,-1.1927537,0.7689419,-0.6403972,-0.3905174,0.1619846,-1.4213612,-0.5378199,0.8630394,-0.1705844,-0.3921707,0.0442055,-1.8025985,-0.797776,0.5655628,0.0374909,-0.3070775,0.4177053,-2.1285606,-0.8132603,0.4320844,0.0444447,-0.2546017,0.6294933,-2.2034992,-0.981916,0.3906473,-0.04207,-0.3216605,0.7616441,-2.3169646,-0.9261818,0.5174465,0.0597642,-0.3199479,0.4836776,-2.1753173,-0.819921,0.2539363,0.0100792,0.1429363,-0.2539363,-0.0100792,-0.1429363,0.7996288,0.9104544,-0.2844236,-0.4404972,0.705816,-0.6645035,0.9382831,1.8085268,-0.0059444,-0.3288713,1.6727381,-0.0472009,0.8910252,1.8806945,0.0369485,-0.3182963,1.7411073,-0.0828074,1.0629721,1.9062116,-0.0986999,-0.3727418,1.699287,-0.2625957
Philippines,01,58.18182,69.23077,10.81081,13.97849,79.71014,87.5,0.0,45.16129,-0.2112432,-1.9317582,-0.7001796,-0.1381682,-1.9884247,-0.6919775,-0.1346226,-1.9945373,-0.6630188,-0.1383296,-1.9934754,-0.6645142,-0.1944808,-2.0143641,-0.6918088,-0.1892083,-2.0086891,-0.7272013,-0.168652,-1.9670899,-0.6687216,0.1751974,-1.9199166,-0.4998069,-0.2286764,-1.7866211,-0.291039,-0.0513241,-1.8756414,-0.5898308,-0.1510699,-1.7736179,-0.6168528,0.4439943,-1.376917,-0.3170507,-0.3181296,-1.6886854,0.2503712,0.1780521,-0.9851173,-0.6751456,-0.6180743,-1.7639632,0.3701726,-0.5035569,-1.0952596,-0.6531706,-1.0156088,-2.244406,0.5002797,-0.6733837,-1.1617119,-0.6355986,-0.9964168,-2.3921295,0.4064955,-0.7182536,-1.2270912,-0.6516729,-0.9400927,-2.5576337,0.4059584,-0.5346129,-1.086803,-0.6522148,-1.0239753,-2.3279632,0.4749963,0.2765177,-0.005953,-0.0244257,-0.2765177,0.005953,0.0244257,0.162478,0.5845367,-0.8908056,-0.5116408,0.6891231,-0.4431109,0.0964551,1.7530351,-0.5505066,-0.16882,1.8738478,0.0200432,0.0209284,1.8572389,-0.4968872,-0.139472,1.9631626,-0.0505846,-0.0795078,1.9651326,-0.6177075,-0.1823054,2.1058558,-0.1673932
Philippines,02,80.0,100.0,2.7027,32.25806,100.0,84.375,15.09434,53.22581,1.6605709,-2.023453,-0.9305951,1.6408934,-2.1308134,-0.8917233,1.6456835,-2.1314838,-0.8583009,1.6389164,-2.1327925,-0.8612934,1.6428384,-2.1356165,-1.0663686,1.6463714,-2.1310384,-1.1112066,1.638062,-2.0797851,-1.0251843,1.4336246,-2.1011362,-0.5714347,1.120328,-1.9828561,-1.0053159,1.65233,-1.952968,-0.7672422,1.5254335,-1.8228017,-1.0170103,1.4652614,-1.6040012,-0.0849886,0.6488285,-1.9686567,-0.5264382,2.292126,-1.7193885,0.1209822,-0.5068726,-2.020443,-0.9517091,2.3828369,-1.7971467,0.4707748,-1.4564779,-2.5251348,-1.2604574,2.3734377,-1.8244503,0.5872677,-1.5450155,-2.6745182,-1.4260073,2.2881065,-1.9248236,0.5103017,-1.4326032,-2.7087479,-1.4960376,2.3350619,-1.7493689,0.4348437,-1.4845961,-2.5648502,-1.3266917,0.272034,0.0431905,0.4172914,-0.272034,-0.0431905,-0.4172914,1.0940692,1.1604131,-0.0790763,0.4586351,0.9951274,-1.0234312,0.6711152,2.5568696,0.4196926,0.1003893,2.4595878,-0.3333906,0.5785532,2.6461032,0.4918191,0.0993936,2.5861782,-0.411028,1.049632,2.8056192,0.4578931,0.5554104,2.7838225,-0.5648627
Philippines,03,83.63636,97.4359,2.7027,35.48387,97.10145,82.8125,39.62264,56.45161,-1.1661649,-1.5573413,-0.6671044,-1.1371663,-1.6342506,-0.7037085,-1.1374082,-1.6362253,-0.6797624,-1.1435422,-1.6377192,-0.6870494,-1.1612791,-1.6657082,-0.7013808,-1.156803,-1.6645178,-0.731956,-1.106864,-1.6272023,-0.6711474,-0.8751927,-1.7071811,-0.6689479,-0.9408792,-1.4953016,-0.4165338,-1.0108948,-1.5822373,-0.6065038,-0.9972074,-1.4755758,-0.6189482,-0.3136573,-1.4798753,-0.4969778,-1.0606485,-1.4624149,0.1676269,0.3723007,-1.6492971,-0.7777082,-1.4314391,-1.3467019,0.3899977,1.1806896,-1.7286603,-0.7008335,-1.5026969,-1.453853,0.6539238,1.3335468,-1.8557903,-0.7038716,-1.4123727,-1.5489246,0.6347874,1.3370683,-1.7427103,-0.7764993,-1.3664831,-1.7175557,0.6046156,1.2723633,-1.669968,-0.747032,-1.4862354,-1.5123699,0.6279017,0.1891078,0.0052882,-0.1405315,-0.1891078,-0.0052882,0.1405315,-0.3878938,1.1922625,-0.3263649,-0.9456721,0.4707897,0.3280026,-0.2328936,2.2298952,0.1332704,-0.8989206,1.6822201,0.6618432,-0.2993199,2.3603663,0.1985406,-0.9310514,1.7863973,0.5853203,-0.6829804,2.587354,0.2080503,-1.2729452,1.8645179,0.7010981
Philippines,04,76.36364,89.74359,13.51351,18.27957,68.11594,90.625,84.90566,51.6129,0.5307436,-2.352983,-1.1389923,0.5806232,-2.4294883,-1.0781399,0.589473,-2.4249435,-1.0394522,0.577656,-2.4238974,-1.0438894,0.4888728,-2.4569516,-1.1598684,0.4935677,-2.4456454,-1.2091182,0.5076601,-2.4009913,-1.1212909,0.7575686,-2.3379569,-0.6294601,0.1476293,-2.2031392,-0.7352202,0.6558514,-2.2738981,-0.9304066,0.4719778,-2.1553154,-1.0700431,1.049877,-1.8617024,-0.1831325,0.0733157,-2.0098408,-0.3392832,1.7716071,-2.1302509,-0.5827939,0.6766194,-1.3131919,-0.676039,1.7504595,-2.8875168,-0.8332957,1.3078951,-1.2034455,-0.6895802,1.6828903,-3.0795169,-0.9005594,1.5649658,-1.1508047,-0.8830445,1.5550885,-3.2148427,-0.8725413,1.7176516,-1.3444417,-0.8680699,1.7052508,-2.8974106,-0.8407818,1.4012425,-1.2557074,-0.7035676,0.351918,0.0038431,0.2598631,-0.351918,-0.0038431,-0.2598631,1.0427686,0.8969548,-0.6687158,0.0629709,0.9250849,-0.972813,0.8043527,2.4308776,-0.2982119,0.0198198,2.4763131,-0.4853644,0.7208704,2.546679,-0.2343113,0.0372269,2.6058689,-0.5875418,1.0616988,2.6590251,-0.3277659,0.1833384,2.6979648,-0.8678561
Philippines,05,40.0,64.10256,47.2973,9.67742,46.37681,78.125,9.43396,41.93548,-0.0281373,-2.2132562,-1.1420916,0.0425762,-2.2827485,-1.0961485,0.0483675,-2.2888547,-1.062892,0.0439451,-2.2886234,-1.0664668,-0.0598308,-2.3153673,-1.1498597,-0.0525303,-2.3108973,-1.2025105,-0.0363843,-2.2636781,-1.1219658,0.2844835,-2.2703946,-0.6813201,-0.3081169,-2.076902,-0.7100272,0.115065,-2.175175,-0.9462969,-0.041996,-2.0507379,-1.0584312,0.6085195,-1.7569052,-0.1552234,-0.3714891,-1.8868016,-0.3059215,1.0353383,-1.0926516,-0.3637334,0.2027047,-1.4872256,-0.7507169,0.4261793,-0.7160515,-0.5232459,0.2598612,-2.3523466,-0.9904186,0.1981475,-0.6277007,-0.4828898,0.3623545,-2.5988068,-1.1748895,0.0423784,-0.7090074,-0.5090136,0.2964115,-2.8179588,-1.1635477,0.3355774,-0.6728107,-0.5284663,0.2074193,-2.4819886,-0.9998743,0.2831693,-0.0021973,0.1705036,-0.2831693,0.0021973,-0.1705036,0.5691295,1.3944979,-0.1162389,0.1167255,1.2639498,-0.3727059,0.5895683,2.5695654,0.4215891,-0.8300977,2.1789749,0.3941458,0.5112844,2.702832,0.5078992,-0.9386246,2.2488044,0.3299463,0.6445625,2.9136148,0.4593932,-0.8729126,2.4728342,0.2461808
Philippines,06,52.72727,51.28205,0.0,98.92473,98.55072,0.0,16.98113,8.06452,-0.092346,-2.3444707,0.2538411,-0.1093805,-2.4145293,0.1230439,-0.1089818,-2.4196871,0.1684227,-0.1065919,-2.4205142,0.155396,-0.0032634,-2.4400465,0.0812259,0.0144104,-2.4398943,0.0165873,0.0355975,-2.3984694,0.1058093,-0.2469198,-2.3524852,-0.2182132,0.1481474,-2.0872005,-0.1243102,-0.0937359,-2.2997494,0.2023042,0.0191671,-2.1222051,0.104127,-0.4226928,-1.8793612,-0.317292,0.4036448,-1.9434686,0.2422224,-0.9622179,-2.0645848,-0.8649826,0.30712,-1.6942447,-0.2618282,-1.3658727,-2.0201944,-0.7462901,-0.08075,-2.0915046,-0.7343797,-1.5253181,-1.9826124,-0.6532965,-0.0324987,-2.2013507,-0.9299796,-1.4829257,-1.9606701,-0.7069873,0.0447631,-2.3502808,-0.9012587,-1.3351985,-1.9283039,-0.7548692,-0.1155985,-2.1722967,-0.7488265,-0.2485045,0.0147295,-0.1313932,0.2485045,-0.0147295,0.1313932,-0.7081251,1.7936874,-0.2309537,0.3036859,1.5583242,0.2702315,0.3479508,2.9872934,-0.1529863,0.2887119,3.1724503,0.627875,0.3641113,3.1125083,-0.1020604,0.2725501,3.3053626,0.5014585,0.3692322,3.114378,0.0642923,0.0199046,3.0992375,0.5742075
Philippines,07,49.09091,84.61538,13.51351,10.75269,50.72464,87.5,0.0,43.54839,0.2120635,-1.9681713,-0.6425463,0.2803828,-2.0198687,-0.6196153,0.2785984,-2.0315377,-0.5810647,0.2809354,-2.0350342,-0.5914443,0.2090193,-2.0607855,-0.63756,0.2165061,-2.0567997,-0.6831639,0.2185765,-2.0045156,-0.6210647,0.499573,-1.9656999,-0.3728852,0.0372236,-1.8502841,-0.2644601,0.3353053,-1.9051166,-0.5222072,0.203425,-1.8073818,-0.5846821,0.7067053,-1.3632987,-0.1790248,-0.046031,-1.905141,0.1948668,0.5256556,-0.8442032,-0.5072499,-0.3019662,-2.4372871,-0.0309381,-0.0873269,-0.7318839,-0.6169687,-0.2608597,-3.2059726,-0.0573459,-0.2872295,-0.7091904,-0.6147076,-0.1654361,-3.3448438,-0.2229354,-0.3552163,-0.7903601,-0.6526486,-0.0045354,-3.4915435,-0.1982289,-0.1439214,-0.7142248,-0.6286614,-0.2150352,-3.2939483,-0.0828133,0.2333665,0.0243518,-0.0363959,-0.2333665,-0.0243518,0.0363959,-0.0531609,1.2071451,-0.2723829,-0.1536831,0.947716,-0.0347619,-0.4196283,2.4155967,-0.170391,-0.0157592,2.049098,0.4259041,-0.5270912,2.5204682,-0.1350517,0.0082025,2.1399101,0.3387783,-0.659072,2.6755686,-0.2836324,-0.0362203,2.3374326,0.2265529
Philippines,08,61.81818,74.35897,10.81081,10.75269,71.01449,87.5,28.30189,46.77419,0.413594,-1.9863373,-0.8363121,0.4468757,-2.0708973,-0.7778364,0.4520517,-2.0740925,-0.7413506,0.4459445,-2.0744795,-0.7437818,0.375965,-2.1037213,-0.8711519,0.3808305,-2.0982526,-0.9157396,0.3825059,-2.061503,-0.8418281,0.5618863,-2.0418018,-0.3625004,0.0355854,-1.9267158,-0.5101557,0.4912417,-1.926025,-0.6479003,0.3388647,-1.825645,-0.7850882,0.7315504,-1.6638575,-0.1245224,-0.2373669,-1.8293931,0.0593175,1.186407,-2.2749443,-0.377491,-1.0683572,-1.6283817,-0.4444477,0.9507409,-2.9097308,-0.2412328,-1.7199525,-1.6204147,-0.9068206,0.850937,-3.0705171,-0.2490498,-1.779314,-1.6698823,-1.0593263,0.7201822,-3.1550847,-0.1936718,-1.6750256,-1.7043669,-1.0939328,0.8943986,-2.8960345,-0.2274946,-1.7242678,-1.6347819,-0.9537487,0.2757615,0.0541107,0.1779228,-0.2757615,-0.0541107,-0.1779228,0.2865209,1.5364146,-0.0337475,0.2957245,0.7257167,-0.9598822,-0.5343394,2.051105,0.9056141,0.1875646,2.0128493,-0.4054091,-0.7008184,2.0725622,1.0323322,0.1871717,2.1093987,-0.4678274,-0.7083415,2.3501918,1.0810091,0.3524413,2.2865674,-0.6741821
Philippines,09,60.0,79.48718,43.24324,11.82796,69.56522,87.5,0.0,48.3871,-0.5948565,-1.728461,-0.632102,-0.5397695,-1.785173,-0.6139257,-0.5433249,-1.7905681,-0.5914091,-0.5494811,-1.7932666,-0.5956213,-0.5947523,-1.8027057,-0.6267059,-0.5910961,-1.8047911,-0.655568,-0.5578891,-1.7624103,-0.6039689,-0.3087954,-1.7565473,-0.4374434,-0.5640093,-1.5369074,-0.3187278,-0.4573355,-1.7043997,-0.5384772,-0.5139237,-1.5909863,-0.5762873,0.1719712,-1.3056812,-0.279689,-0.7000326,-1.5597774,0.1386942,0.8728187,-1.1925265,-0.4403563,-1.1100749,-1.8724147,0.1057557,1.6069903,-1.1856879,-0.2954495,-1.18606,-2.2970517,0.137613,1.7413756,-1.2643553,-0.2479924,-1.1157264,-2.4195949,0.053311,1.7543243,-1.2622285,-0.349114,-1.0338328,-2.5769735,0.0486811,1.6737079,-1.1543783,-0.3436813,-1.1595478,-2.3623358,0.118279,0.1932771,-0.0064595,-0.1125449,-0.1932771,0.0064595,0.1125449,-0.1342333,0.9911532,-0.3554135,-0.4048219,0.8518475,0.1432339,0.0219595,2.0524378,-0.0225802,-0.268788,1.9688318,0.5185938,-0.0422422,2.1733235,0.0232579,-0.2830538,2.0645879,0.4508875,-0.4414328,2.3199223,-0.0756509,-0.5792945,2.1180461,0.4038553
Philippines,10,50.90909,17.94872,2.7027,96.77419,86.95652,9.375,22.64151,40.32258,-0.0827483,-1.8271068,-0.9284579,-0.0302356,-1.9001197,-0.9131539,-0.0324027,-1.9094481,-0.8791049,-0.0371244,-1.9071928,-0.8871296,-0.1144672,-1.9340737,-0.9689696,-0.1095541,-1.9311937,-1.0099103,-0.1027642,-1.8877344,-0.9437932,0.1407978,-1.9265823,-0.6001859,-0.3451431,-1.7756699,-0.6198745,0.0243362,-1.7993464,-0.783289,-0.1103034,-1.6941591,-0.8724347,0.4802504,-1.6152598,-0.2693329,-0.4997954,-1.7684019,-0.1426138,1.0061554,-1.9479726,-0.4949514,-0.9493028,-1.9189115,-0.569226,1.1082502,-2.4965916,-0.6587225,-1.2453624,-2.6145955,-0.8780691,1.0831647,-2.6390843,-0.7004299,-1.2433342,-2.8044528,-1.0602955,0.9753641,-2.7150874,-0.7147157,-1.1118429,-2.9381166,-1.0414875,1.0839124,-2.4893008,-0.6849104,-1.2259184,-2.6956721,-0.9035063,0.2843858,-0.0043647,0.0622295,-0.2843858,0.0043647,-0.0622295,0.1919379,1.3134237,-0.0606941,-0.1839694,0.9465957,-0.2628638,0.1546258,2.2356435,0.4785481,-0.1810524,2.2129272,0.199488,0.0756697,2.3146451,0.5445363,-0.1774999,2.321423,0.1150408,0.0717314,2.4419566,0.4780745,-0.3441167,2.4039243,-0.0435902
Philippines,11,47.27273,47.4359,10.81081,7.52688,57.97101,84.375,0.0,41.93548,-0.2745491,-1.6796809,-0.8614724,-0.1964071,-1.7595551,-0.8455919,-0.1968609,-1.7646984,-0.8153394,-0.2007896,-1.7695897,-0.8279119,-0.2892144,-1.7847436,-0.8675136,-0.2807103,-1.786587,-0.9052366,-0.2683627,-1.7466098,-0.8462674,0.0396292,-1.7749915,-0.5696901,-0.4121234,-1.6073274,-0.4731853,-0.1482605,-1.6653096,-0.7424129,-0.2618701,-1.5567936,-0.7879922,0.3946181,-1.3344558,-0.3152863,-0.5194474,-1.5748853,0.0113295,0.910606,-0.910913,-0.498975,-1.0095927,-1.7310359,-0.3841356,1.2470854,-0.3437612,-0.5675075,-1.2163045,-2.3905907,-0.6977118,1.3133621,-0.2148372,-0.5671471,-1.1868242,-2.5367487,-0.8531422,1.2171426,-0.1562913,-0.6439613,-1.0425458,-2.6904478,-0.833071,1.2391346,-0.2332652,-0.6063457,-1.1750371,-2.4645036,-0.7216126,0.2437545,-0.0084006,-0.0471416,-0.2437545,0.0084006,0.0471416,0.1342374,1.0731232,-0.2499792,-0.444795,0.6974648,-0.3522597,0.1672824,2.0301863,0.1175222,-0.3798433,1.9017014,-0.0295572,0.0908934,2.1312258,0.1671551,-0.3825152,1.9988857,-0.1179358,-0.1192282,2.2162492,0.0774335,-0.6729725,2.065815,-0.1767358
Philippines,12,54.54545,35.89744,6.75676,7.52688,60.86957,85.9375,15.09434,45.16129,-0.3119096,-1.8800804,0.0148867,-0.3302203,-1.9170884,-0.1159977,-0.3263632,-1.9155042,-0.0745543,-0.3276633,-1.9140141,-0.0862669,-0.2270951,-1.9715681,-0.1288893,-0.2185066,-1.9630367,-0.1649571,-0.199016,-1.9375234,-0.0986324,-0.3651689,-1.7926575,-0.3927874,0.0237175,-1.7214599,-0.2762024,-0.2954152,-1.8102873,-0.0235126,-0.1827372,-1.7271884,-0.0764849,-0.5659939,-1.4742634,-0.3106162,0.3355071,-1.5490082,0.1156574,-0.9406946,-1.9262046,-0.2829143,0.8667609,-0.9121534,0.1464922,-0.8666113,-2.4767625,0.0934926,0.9590334,-0.5652716,0.1981757,-0.896632,-2.6521798,0.1750565,1.0793653,-0.5399839,0.1620527,-0.8094965,-2.6533177,0.1718159,1.0488595,-0.5889614,0.1174477,-0.7781168,-2.4646342,0.1013933,0.9344536,-0.5875159,0.1813653,-0.2406661,0.0476046,-0.110356,0.2406661,-0.0476046,0.110356,-0.4195588,1.2229998,-0.0296739,0.1570004,0.9388272,0.365831,0.2542225,1.969314,0.1900105,-0.0311037,2.0903079,0.6231076,0.2527865,2.0509451,0.2396106,-0.0676079,2.193014,0.5465266,0.0675296,2.0626601,0.389138,-0.3306309,2.0503266,0.6140377
Philippines,13,29.09091,89.74359,2.7027,93.54839,59.42029,3.125,0.0,0.0,-0.2125762,-1.8341875,0.1099164,-0.2540156,-1.8801835,-0.0186892,-0.2515449,-1.8794039,0.0172064,-0.2466487,-1.885065,0.006314,-0.1458285,-1.9220169,-0.0461466,-0.1368821,-1.9176593,-0.0888427,-0.1188941,-1.8867095,-0.0263669,-0.4076694,-1.7842364,-0.294728,0.024069,-1.6536731,-0.2950148,-0.2262561,-1.7821949,0.0589885,-0.106826,-1.6868842,-0.0248944,-0.6242445,-1.2886329,-0.2123006,0.3391272,-1.5429002,-0.1270766,-0.9359581,-0.773047,-0.2238043,0.8047228,-0.976918,-0.305769,-1.0058846,-0.3263544,0.0245766,0.9871431,-0.5895529,-0.3268814,-1.0897582,-0.2692471,0.1244049,1.1282111,-0.5567568,-0.4203047,-1.0572074,-0.2429167,0.1120516,1.1049607,-0.6102204,-0.4039034,-0.959468,-0.2534551,0.045296,0.9760706,-0.610374,-0.3332748,-0.2701394,0.004891,0.0926242,0.2701394,-0.004891,-0.0926242,-0.2949641,0.9038266,0.6350907,0.3688218,0.8962408,0.2041274,-0.057355,1.730493,0.9407536,0.176749,2.0262144,0.4874442,-0.1042562,1.8211711,0.9988861,0.1338648,2.115332,0.4205339,-0.2336303,1.7248171,1.1217184,0.0679018,1.9782254,0.4861083
Philippines,14,36.36364,32.05128,10.81081,56.98925,43.47826,46.875,0.0,38.70968,-0.2628444,-1.7993968,-0.9195452,-0.1998601,-1.8709566,-0.9070713,-0.1985499,-1.8799554,-0.8750995,-0.2048084,-1.8775002,-0.8861377,-0.2849188,-1.9010982,-0.9457387,-0.2779509,-1.8982434,-0.9835439,-0.2713771,-1.858658,-0.9224783,0.0090151,-1.8663451,-0.6281853,-0.4492143,-1.720839,-0.5821396,-0.1414809,-1.7672209,-0.7907026,-0.2647166,-1.665784,-0.8583519,0.3808841,-1.5390524,-0.3548129,-0.5785929,-1.6542552,-0.0976514,0.9432843,-1.5576402,-0.7291042,-1.0491125,-1.6589021,-0.4905807,0.7245999,-1.6607764,-0.915225,-1.2354645,-2.1538449,-0.7630184,0.6245113,-1.6910815,-0.9578375,-1.1950093,-2.2902521,-0.9225409,0.4701255,-1.7313392,-0.9549723,-1.0475719,-2.4145317,-0.8958456,0.6632563,-1.6217781,-0.9287204,-1.1981174,-2.217855,-0.7824703,0.2652467,-0.0039531,-0.00079,-0.2652467,0.0039531,0.00079,0.0956342,1.1105875,-0.2803822,-0.524778,0.7257609,-0.4395495,0.0824716,2.1204097,0.1208792,-0.4874591,2.0132041,-0.0842398,0.0114093,2.207683,0.1734656,-0.4877669,2.1143444,-0.1666903,-0.0331325,2.3763095,0.1336631,-0.7406397,2.2161423,-0.2670028
Philippines,15,56.36364,33.33333,29.72973,43.01075,43.47826,65.625,47.16981,45.16129,-0.3129868,-1.815297,-0.5490726,-0.2427936,-1.8774507,-0.5399216,-0.2413178,-1.882931,-0.5070757,-0.2468949,-1.8852323,-0.517826,-0.3145853,-1.9084979,-0.542981,-0.307773,-1.9047012,-0.5801975,-0.2951882,-1.8738235,-0.5190676,0.0445365,-1.8456472,-0.35493,-0.3131714,-1.6795757,-0.1652402,-0.170494,-1.7773799,-0.4510342,-0.254502,-1.6725164,-0.4770172,0.3250409,-1.3737056,-0.294195,-0.4456012,-1.558632,0.3156516,0.0500628,-1.0797597,-0.6145104,-0.924427,-1.4268999,-0.0076592,-0.4558436,-1.0695935,-0.4077364,-1.0428094,-1.7917622,-0.3343693,-0.6157707,-1.0590292,-0.3486698,-0.978472,-1.8809001,-0.4909042,-0.6504497,-1.094853,-0.3359247,-0.8724837,-2.0459997,-0.4626844,-0.471721,-1.0343545,-0.3839494,-1.0116901,-1.8660147,-0.3493942,0.263484,0.0362185,-0.0894705,-0.263484,-0.0362185,0.0894705,0.1157907,1.2464598,-0.1470045,-0.6133042,0.1763219,-0.7365744,0.0952813,2.1369668,0.356627,-0.5285776,1.4140306,-0.3026929,0.0123626,2.236435,0.4236552,-0.5254048,1.5098876,-0.3677227,-0.1917653,2.3761351,0.3156512,-0.7418609,1.6996761,-0.483269
Philippines,16,83.63636,21.79487,2.7027,13.97849,89.85507,95.3125,96.22642,50.0,0.3670427,-2.1602612,-1.15527,0.3994383,-2.2456611,-1.1013428,0.4046845,-2.2421873,-1.0728358,0.3943335,-2.243589,-1.068229,0.3336259,-2.2814322,-1.2058924,0.3362406,-2.2788944,-1.2518078,0.3502303,-2.2367799,-1.1694793,0.50268,-2.1937887,-0.670086,-0.0052351,-2.1120025,-0.8495005,0.4575668,-2.1054833,-0.9570436,0.3108228,-2.0009896,-1.1153427,0.6444495,-1.7908346,-0.1786168,-0.3262838,-1.9866254,-0.317695,1.4438887,-2.2607969,-0.2096766,-1.1026587,-1.3105019,-0.7590819,1.824435,-2.8880574,-0.3172318,-1.6837017,-1.0948696,-1.3402579,1.8732785,-3.0524446,-0.357741,-1.73007,-1.1014204,-1.5410249,1.7725599,-3.2047657,-0.4201114,-1.6570346,-1.2110738,-1.6416904,1.8223102,-2.9059234,-0.3651156,-1.6957979,-1.1131022,-1.4201764,0.287566,-0.0620949,0.3039212,-0.287566,0.0620949,-0.3039212,1.3049461,0.2807318,-0.4799616,0.1093733,1.2649445,-0.5423004,0.8630919,1.6107007,0.1756306,-0.0026424,2.7126829,-0.136725,0.7624473,1.7114579,0.2768446,0.0119445,2.8253467,-0.2449538,1.0874759,1.8514592,0.2429946,0.3780415,2.7875264,-0.5763704
Philippines,17,60.0,34.61538,83.78378,91.39785,24.63768,59.375,0.0,51.6129,-0.3965514,-1.7418368,-1.1352626,-0.3323282,-1.8163728,-1.1447427,-0.3316169,-1.8179968,-1.1046185,-0.3373726,-1.8147933,-1.112645,-0.4154481,-1.8363708,-1.1520971,-0.4073009,-1.8289111,-1.1978727,-0.3913869,-1.7944828,-1.1256637,-0.0294017,-1.8274129,-0.8814312,-0.474748,-1.62907,-0.7296802,-0.2368044,-1.7196947,-0.9970855,-0.3475308,-1.5986472,-1.0451173,0.3316518,-1.4728588,-0.6463821,-0.5404347,-1.504401,-0.1580482,0.2311595,-1.3745622,-1.0418317,-0.5369872,-0.9852017,-0.549657,-0.5272622,-1.4963015,-0.9418396,-0.5024819,-1.2921802,-0.9360253,-0.7564418,-1.5275872,-0.9133863,-0.4019013,-1.4080484,-1.1023904,-0.811846,-1.5958444,-0.897947,-0.3498278,-1.628197,-1.0752256,-0.5581386,-1.475464,-0.9269676,-0.4854637,-1.3896044,-0.955573,0.2953822,-0.0013365,-0.0260851,-0.2953822,0.0013365,0.0260851,0.1182669,0.938947,-0.7718413,-0.5574328,0.8281977,-0.5604647,0.0226822,2.2205589,-0.5336231,-0.2805589,2.0750372,-0.1666366,-0.0691554,2.3427531,-0.4889938,-0.2516852,2.1687732,-0.260469,-0.2618673,2.6007491,-0.6757168,-0.3714983,2.3765185,-0.4335719
Philippines,18,63.63636,21.79487,45.94595,7.52688,57.97101,89.0625,0.0,46.77419,0.6135553,-1.6434589,-0.734267,0.6615556,-1.7087458,-0.7041971,0.6625142,-1.7148416,-0.6818429,0.6584894,-1.7180291,-0.6842227,0.5919494,-1.7437374,-0.7923138,0.6035607,-1.7440451,-0.8345729,0.6117937,-1.7024934,-0.7739,0.6781751,-1.7035059,-0.4085641,0.2638867,-1.604174,-0.5830536,0.6581127,-1.6083902,-0.5938112,0.543313,-1.5129548,-0.7284047,0.8308432,-1.2422268,0.0073935,-0.0534377,-1.6596355,-0.2019322,1.2999995,-0.856609,-0.1184868,-0.4658909,-1.9182522,-0.6413756,1.2679121,-0.6370329,-0.3806876,-0.4263634,-2.6543617,-0.9304114,1.2035754,-0.5705902,-0.3988848,-0.3239672,-2.8189498,-1.1244942,1.0575747,-0.6713264,-0.4441665,-0.1672212,-2.950741,-1.089892,1.2015325,-0.6076275,-0.4049873,-0.3734558,-2.7233954,-0.9464167,0.3059707,0.0014679,0.2301421,-0.3059707,-0.0014679,-0.2301421,0.8545295,1.0006118,-0.3413841,-0.0691593,0.8204681,-0.7227481,0.8070266,2.2273094,-0.0356631,-0.2360044,2.12264,-0.320714,0.7399578,2.3294319,0.0113279,-0.2401467,2.2286614,-0.4116333,0.9263337,2.4062417,-0.101944,-0.1171736,2.3007068,-0.6539089
Philippines,19,69.09091,28.20513,10.81081,7.52688,69.56522,92.1875,71.69811,48.3871,-0.7138593,-1.6410017,-0.664474,-0.6414666,-1.7028078,-0.6856162,-0.6429287,-1.7043994,-0.6584377,-0.64881,-1.7079962,-0.6700539,-0.6957196,-1.7414806,-0.6867664,-0.6885207,-1.7397822,-0.7202726,-0.6686524,-1.7074133,-0.6622048,-0.3427866,-1.7076787,-0.5775226,-0.5841564,-1.5823742,-0.3562818,-0.5582229,-1.6278466,-0.5957946,-0.6102348,-1.537477,-0.6122194,0.1539283,-1.3989975,-0.312388,-0.7516459,-1.4148759,0.1115025,0.721864,-1.7204216,-0.5263837,-1.1443892,-1.0228738,-0.1975311,0.9041721,-2.3598444,-0.6263565,-1.3514734,-1.1040532,-0.6633783,0.9106173,-2.5316175,-0.6708224,-1.3215116,-1.1245403,-0.7910648,0.8448624,-2.569062,-0.7173117,-1.2462016,-1.2808399,-0.8312804,0.9235928,-2.3724218,-0.6667611,-1.3335679,-1.1442604,-0.6999996,0.2384095,0.0008874,-0.0609891,-0.2384095,-0.0008874,0.0609891,-0.0401837,1.0819493,-0.3886807,-0.8227878,0.5223076,-0.3034168,0.0618592,2.1909245,-0.0448442,-0.6215356,1.763785,0.1117272,-0.0115926,2.3031885,0.0067622,-0.6109945,1.8603828,0.028275,-0.2167189,2.4196764,-0.128779,-0.9178204,1.9826213,-0.0087548
Philippines,20,52.72727,47.4359,2.7027,93.54839,92.75362,10.9375,0.0,43.54839,0.2570136,-1.9857042,-0.6499743,0.3161163,-2.0428423,-0.6120186,0.3183073,-2.0520036,-0.5825716,0.3145564,-2.0499889,-0.5852901,0.2571518,-2.0742576,-0.6666785,0.2599634,-2.0741642,-0.7001388,0.2644758,-2.0295037,-0.637308,0.5121113,-1.9792525,-0.3305985,0.0567547,-1.8760862,-0.3170339,0.3737766,-1.9165951,-0.5173239,0.2393858,-1.8196981,-0.6058266,0.7224139,-1.6231626,-0.1377706,-0.2061987,-1.8385272,0.1643826,1.0465081,-2.2635513,-0.3393584,-0.8318917,-1.9359653,-0.1438872,1.2301387,-2.949488,-0.3382219,-1.4701069,-2.44391,-0.4036679,1.2398148,-3.1314152,-0.3625284,-1.5366542,-2.5870683,-0.5469857,1.1849631,-3.2345978,-0.3962618,-1.4756364,-2.7268192,-0.5961139,1.2200244,-2.9515295,-0.3760911,-1.4811757,-2.5223294,-0.459535,0.2923265,0.0164014,0.0536985,-0.2923265,-0.0164014,-0.0536985,0.3935663,1.2204869,-0.3715983,-0.2107739,1.0175769,-0.371268,0.3822122,2.4465756,-0.0917402,-0.20881,2.2793996,0.0208379,0.3252142,2.5414998,-0.0513702,-0.2012533,2.3872361,-0.0686005,0.4810907,2.5723956,-0.1832905,-0.2909789,2.400354,-0.2551318
Philippines,21,52.72727,37.17949,9.45946,5.37634,60.86957,87.5,15.09434,45.16129,-0.3348948,-1.6949683,-0.906102,-0.2440299,-1.7663856,-0.9040423,-0.2474889,-1.7707714,-0.8757398,-0.251165,-1.7754992,-0.8854586,-0.3230293,-1.794661,-0.9040552,-0.3148772,-1.7964866,-0.9392414,-0.2979732,-1.7550284,-0.8834522,0.0196264,-1.7715964,-0.6998455,-0.3455033,-1.6180005,-0.532721,-0.1986031,-1.6797362,-0.8056956,-0.2857775,-1.5795061,-0.83719,0.4063102,-1.3697398,-0.4308903,-0.5002547,-1.621081,-0.0918213,0.8747302,-0.9798187,-0.6346857,-0.9174668,-1.8315202,-0.3808468,1.1781724,-0.5062549,-0.7602988,-1.0964954,-2.4291821,-0.628322,1.2298561,-0.4277448,-0.7630746,-1.0703514,-2.5912678,-0.7915345,1.148838,-0.3757153,-0.8304805,-0.9247804,-2.7390543,-0.7779053,1.1722874,-0.4089773,-0.7913158,-1.0486614,-2.5019609,-0.6561555,0.2535911,-0.0125138,-0.0289997,-0.2535911,0.0125138,0.0289997,0.2486548,1.1371533,-0.2170178,-0.504594,0.7290558,-0.38086,0.3268675,2.0636912,0.2465785,-0.418234,1.7995766,0.1566828,0.2641742,2.1656679,0.3098429,-0.4201712,1.8845605,0.1033108,0.0862938,2.2972734,0.2148398,-0.6288977,2.0082927,0.0521175
Singapore,01,23.63636,94.87179,81.08108,95.69892,53.62319,15.625,0.0,32.25806,-0.1048789,-1.835158,-0.937067,-0.0441087,-1.8905064,-0.909356,-0.0420995,-1.894151,-0.8752159,-0.0490589,-1.8925465,-0.8897976,-0.1302528,-1.9220015,-0.9316834,-0.1230429,-1.9210326,-0.9750176,-0.1141481,-1.8837148,-0.9128418,0.1795048,-1.8362569,-0.6164606,-0.2815409,-1.7188364,-0.5544904,0.0303817,-1.7884743,-0.8046963,-0.0990994,-1.692033,-0.8704794,0.5186541,-1.3711119,-0.2345752,-0.4488439,-1.5590427,-0.0653721,0.9987112,-0.9167276,-0.4391008,-0.8513226,-0.9599323,-0.4805703,0.5453059,-0.6804083,-0.6365166,-0.5667671,-0.8110618,-1.1185404,0.3523798,-0.6185117,-0.6810796,-0.3652878,-0.7680243,-1.3233382,0.2107848,-0.6984685,-0.6886557,-0.1912897,-0.9203339,-1.3101901,0.4702339,-0.6494115,-0.6413757,-0.4793075,-0.8418057,-1.1479848,0.2635744,0.0118325,0.0514493,-0.2635744,-0.0118325,-0.0514493,0.3812179,1.1715444,-0.2249343,-0.5405624,0.7785815,0.0611499,0.2218245,2.1618273,0.1442863,-0.8749347,1.7376404,0.8857951,0.1462075,2.2571522,0.2003855,-0.9047413,1.8141257,0.8430946,0.2658796,2.370362,0.0880069,-1.0216087,1.8816621,0.7565162
Singapore,02,18.18182,79.48718,10.81081,94.62366,49.27536,12.5,0.0,29.03226,-0.0530506,-1.9205123,0.3192379,-0.0511033,-1.9763482,0.2164393,-0.0437979,-1.9672258,0.2450958,-0.0403231,-1.9811445,0.232995,0.0494244,-2.0161415,0.1847138,0.0685806,-2.0142448,0.1344715,0.0880241,-1.9826924,0.2043873,-0.1725315,-1.8491883,-0.0876748,0.2443853,-1.7206905,-0.0062132,-0.0766988,-1.8642445,0.259982,0.0534566,-1.7422806,0.1793939,-0.4397518,-1.3234502,-0.0294787,0.5289443,-1.5486617,0.0749607,-0.5875152,-0.72435,-0.2836756,0.5489706,-0.7316251,-0.2722602,-0.569386,0.0436449,-0.2574657,0.4585368,-0.0676027,-0.4803293,-0.6273253,0.2211017,-0.2510371,0.5336468,0.0474538,-0.5915123,-0.6727144,0.3159314,-0.251505,0.6135433,0.0646092,-0.5839363,-0.5660874,0.1773072,-0.2519921,0.4689783,-0.0319694,-0.4997114,-0.3296179,0.0185374,0.1172599,0.3296179,-0.0185374,-0.1172599,-0.4257375,1.1625728,0.2428467,1.0042257,0.6171504,-0.1818061,-0.278845,2.1995239,0.1894159,0.5629311,1.8056067,-0.0346986,-0.3370403,2.3140983,0.2258317,0.5058087,1.8918538,-0.132312,-0.3730978,2.2164561,0.2817135,0.5799915,1.8554033,-0.0482517
Singapore,03,32.72727,83.33333,0.0,100.0,98.55072,0.0,0.0,35.48387,0.0327414,1.96209,-2.3392784,0.0970978,1.8516607,-2.4868485,0.0958108,1.8652644,-2.4022128,0.0963511,1.8629882,-2.4135019,0.0182023,1.8940115,-2.5463506,-0.0019806,1.8990815,-2.6080883,-0.0269117,1.8483038,-2.4808445,0.2683839,1.6136174,-2.34534,-0.1232267,1.4371668,-2.409975,0.0529027,1.950368,-2.2051682,-0.0845334,1.8324388,-2.3825312,0.4179802,1.5606445,-1.7284013,-0.4467999,1.7607849,-1.7021074,0.878175,2.6309741,-1.5239408,-0.7543937,2.5552927,-2.2779139,1.0280438,3.3674842,-1.5047308,-1.1196285,3.3925606,-2.8705495,1.1665148,3.438821,-1.4364684,-1.4254456,3.5259718,-3.2536838,1.1193647,3.4654763,-1.4022925,-1.5267347,3.6603157,-3.2396413,0.9619841,3.3261473,-1.4263403,-1.173797,3.4897614,-2.8893697,0.4638166,0.0643788,0.1752985,-0.4638166,-0.0643788,-0.1752985,1.5893937,-0.6807739,0.6339333,-2.0878805,-0.3950933,0.0266585,3.01033,-0.7054295,0.9991431,-3.5404021,-0.3902638,0.1348222,3.2473601,-0.6997168,1.078193,-3.6795847,-0.3488628,0.0107718,3.451421,-0.6444155,0.961418,-4.1309433,-0.3187173,-0.2408642
Singapore,04,52.72727,98.71795,10.81081,9.67742,68.11594,89.0625,15.09434,41.93548,-0.8398584,-1.5617204,-1.1626549,-0.8420826,-1.6484761,-1.1346114,-0.839537,-1.6482492,-1.1052055,-0.8477707,-1.6492257,-1.1162821,-0.9201127,-1.6232824,-1.1693684,-0.9092653,-1.6311335,-1.2115277,-0.8854581,-1.6015531,-1.1434267,-0.6474938,-1.6930874,-0.8508451,-0.9441397,-1.3151415,-0.8030881,-0.7061683,-1.5832276,-1.0298596,-0.7574256,-1.4268512,-1.1038416,-0.0721682,-1.4301048,-0.484139,-1.0131695,-1.152922,-0.2900094,0.7132947,-1.4671025,-0.4285518,-1.3685003,-0.5686672,-0.7556191,1.5695493,-1.3986655,-0.3957352,-1.3391874,-0.6142805,-1.3981052,1.7468791,-1.42258,-0.3730288,-1.2474947,-0.6620188,-1.5832016,1.7123017,-1.3815208,-0.4614899,-1.1307015,-0.8606606,-1.6021755,1.6406425,-1.3344623,-0.4413776,-1.2855749,-0.6721029,-1.4468371,0.2694575,-0.0643458,0.040319,-0.2694575,0.0643458,-0.040319,0.4433798,1.1079439,-0.3266423,-0.4655002,0.685246,-0.5084826,0.1766234,1.852865,0.4655029,-0.4268673,1.9640119,-0.0817366,0.0837189,1.9446003,0.5715088,-0.4386073,2.0689585,-0.1566314,0.0772965,2.074842,0.5742452,-0.6210069,2.1455306,-0.3198583
Singapore,05,40.0,84.61538,60.81081,61.29032,39.13043,54.6875,9.43396,38.70968,-0.5779963,-1.7765833,-0.7486669,-0.5329673,-1.8508241,-0.7692132,-0.5321026,-1.8559771,-0.732072,-0.5364258,-1.8568009,-0.7457687,-0.5994379,-1.8501205,-0.7443907,-0.5912738,-1.855206,-0.792877,-0.5806949,-1.8173918,-0.728102,-0.2266272,-1.8891617,-0.6424839,-0.5589519,-1.639503,-0.3726692,-0.3961956,-1.7699268,-0.6750661,-0.4844997,-1.638085,-0.6833756,0.2303218,-1.4441291,-0.4502188,-0.5781562,-1.4749867,0.1374981,0.2304921,-1.0445837,-0.8347333,-1.0240579,-0.854619,-0.2439661,-0.0610491,-0.9750042,-1.1269267,-0.8488483,-0.7987318,-0.9963338,-0.1729484,-0.9670868,-1.2051945,-0.6959258,-0.7882206,-1.2328891,-0.2372113,-1.0287365,-1.2158866,-0.5129201,-0.958969,-1.2529652,-0.0790818,-0.9451588,-1.1349866,-0.7652733,-0.846342,-1.0522067,0.2268231,-0.0186548,-0.0662706,-0.2268231,0.0186548,0.0662706,0.2908171,1.2139628,-0.163085,-0.2507805,0.9219419,0.2645426,0.426621,2.132927,0.3759577,-0.2123839,1.9323765,0.9982139,0.3818987,2.2254861,0.4499592,-0.2005673,2.0066423,0.9472135,0.378735,2.3445947,0.389205,-0.3214406,2.100311,0.9036628
Singapore,06,47.27273,88.46154,91.89189,92.47312,57.97101,28.125,0.0,40.32258,0.551799,-2.0625246,-0.7109577,0.632216,-2.0841973,-0.6579682,0.6321776,-2.0992832,-0.6221802,0.6262271,-2.0978794,-0.6272574,0.5627076,-2.143138,-0.693277,0.5644833,-2.1414554,-0.7316855,0.5628798,-2.0910532,-0.6637969,0.8495543,-1.921377,-0.3199984,0.2978127,-1.9147595,-0.2547546,0.6599703,-1.9438093,-0.5675099,0.4840122,-1.8809409,-0.6362725,0.9541836,-1.4568064,-0.1025329,0.1570445,-1.9568928,0.2358202,1.5161923,-2.147305,-0.2450982,0.0864695,-2.6134592,-0.0178002,1.6801837,-2.8508532,-0.1235526,0.4102089,-3.4259612,-0.1541389,1.6443689,-3.0584936,-0.1285127,0.5961559,-3.612412,-0.3471289,1.5660634,-3.1212214,-0.1312896,0.7888736,-3.7142511,-0.3162,1.6424459,-2.8415271,-0.1319289,0.4971663,-3.5069979,-0.1679063,0.2888575,0.0528419,0.0018298,-0.2888575,-0.0528419,-0.0018298,0.3122793,1.3132394,-0.174348,-0.4117535,1.0411158,-0.1456475,0.2941167,2.3987066,0.541913,-0.3190663,2.1235905,0.792824,0.2167282,2.470419,0.6325811,-0.2979032,2.2140707,0.7587557,0.1346192,2.5435674,0.6023708,-0.389345,2.3208239,0.7107913
Singapore,07,43.63636,85.89744,0.0,98.92473,95.65217,3.125,0.0,38.70968,0.0484607,-1.5040612,-1.3290325,0.1275657,-1.5507761,-1.2828634,0.1257521,-1.548954,-1.2582513,0.1205968,-1.5536687,-1.2621053,0.0598482,-1.5913759,-1.3210287,0.0634619,-1.5949019,-1.3560291,0.0763607,-1.5537475,-1.296618,0.3607074,-1.4559541,-0.971565,-0.086815,-1.4250132,-0.9249406,0.1666515,-1.4429799,-1.1890379,0.0520208,-1.37876,-1.256181,0.5877687,-1.056781,-0.5760964,-0.3554293,-1.3289846,-0.3856159,1.3116336,-1.1653856,-0.5537577,-1.0714276,-1.1866819,-0.4388542,2.0078207,-1.1727892,-0.4693888,-1.8853097,-1.264631,-0.5881244,2.1689425,-1.2164562,-0.4180642,-2.009943,-1.3186553,-0.640093,2.1633112,-1.2164036,-0.5375104,-1.9686673,-1.3954216,-0.7485679,2.0536284,-1.1236767,-0.5277321,-1.9230529,-1.2767452,-0.6575058,0.2660693,0.0369517,0.0022899,-0.2660693,-0.0369517,-0.0022899,0.3590216,0.9000509,-0.2405486,-0.9132416,0.550388,0.0394182,0.8077513,1.4170667,0.4073754,-0.8841676,1.3672267,0.6499735,0.793829,1.4667834,0.4884906,-0.8877951,1.4281058,0.60528,0.7667363,1.5286368,0.4836816,-1.0510675,1.4472983,0.6229606
Singapore,08,30.90909,82.05128,71.62162,7.52688,24.63768,84.375,0.0,41.93548,0.4082113,-2.334029,-1.1575695,0.4051072,-2.4138137,-1.1140698,0.4049695,-2.4166059,-1.0741236,0.3991287,-2.4147177,-1.0857148,0.3324752,-2.4116264,-1.2096956,0.3437965,-2.4122174,-1.2649768,0.3574728,-2.3673227,-1.1801289,0.3801563,-2.3773305,-0.739079,-0.0273688,-2.0596636,-0.9507669,0.4707908,-2.2823142,-0.9766304,0.3644087,-2.115436,-1.1519841,0.6913752,-1.76005,-0.2512687,-0.2908868,-1.7357423,-0.4372003,1.0476475,-1.2497431,-0.4629093,0.0611976,-0.7469955,-1.0382339,0.7135054,-1.1342808,-0.7839603,0.3818052,-1.130836,-1.6594315,0.539103,-1.1454559,-0.8124752,0.5753481,-1.2630128,-1.9170159,0.4450176,-1.2754643,-0.8552229,0.594002,-1.5664596,-1.8960087,0.6682827,-1.1122735,-0.81625,0.3988409,-1.2570031,-1.6903439,0.361179,0.0312091,0.1259949,-0.361179,-0.0312091,-0.1259949,0.7262906,1.4571822,-0.2639291,-0.8892339,1.0865544,-0.0936565,0.6769692,2.7747021,0.1678471,-1.6010035,2.264612,0.5328711,0.5836826,2.8994986,0.2277846,-1.6788861,2.3643336,0.4315995,0.692475,3.0975641,0.0068529,-1.9272852,2.3147951,0.1463603
Singapore,09,41.81818,85.89744,48.64865,9.67742,57.97101,81.25,0.0,41.93548,-0.8914074,-1.3351533,-1.462426,-0.8272302,-1.4352294,-1.4882166,-0.8200196,-1.4287105,-1.4565945,-0.8274057,-1.4300036,-1.4647437,-0.8813148,-1.448477,-1.4793423,-0.8748641,-1.4502749,-1.521768,-0.8506189,-1.4177296,-1.4562608,-0.4730171,-1.5011898,-1.3426042,-0.7728585,-1.3225401,-1.0864236,-0.7113282,-1.3455716,-1.3657301,-0.7609999,-1.2404409,-1.3851026,0.0998347,-1.3127145,-0.7952923,-0.8445343,-1.143806,-0.5130918,0.7943466,-1.1202879,-1.010758,-1.1071371,-0.3482413,-0.5365155,0.4050676,-0.739295,-1.1535968,-1.794899,0.1973447,-0.8193798,0.259363,-0.6897487,-1.1601928,-1.8986383,0.2198868,-0.9524064,0.0698232,-0.7180902,-1.2045765,-1.8674722,0.1538828,-1.0384612,0.3313863,-0.6888749,-1.1706344,-1.819345,0.2140595,-0.8961159,0.2463931,-0.0466757,0.0855286,-0.2463931,0.0466757,-0.0855286,0.5733652,1.0421279,0.0623974,-0.2363048,0.7422334,-0.1713166,0.6574058,1.9010425,0.7401047,-0.0139623,1.8251458,0.4228588,0.6126337,2.001592,0.8155416,-0.0091471,1.9124109,0.3682283,0.7506999,2.1146337,0.7217809,-0.048956,2.034398,0.229447
Singapore,10,52.72727,89.74359,56.75676,10.75269,63.76812,87.5,0.0,45.16129,0.0415399,4.0367103,-0.955276,0.1491655,4.1276356,-1.0145762,0.1490593,4.1288235,-0.9198028,0.1508008,4.1203522,-0.9489206,0.0667123,4.2117045,-1.2398881,0.0395636,4.1920001,-1.3475285,-0.0069354,4.1237512,-1.1650142,0.5497336,3.9604822,-0.8182793,0.3146529,3.5269844,-1.3802414,0.0802606,3.9427467,-0.7306241,-0.0141331,3.6440738,-1.1592718,0.6500965,3.4293247,-0.0764834,0.2905431,3.5289689,-0.7189598,1.5108438,4.6097076,-0.1891527,-0.6691186,2.5617617,-1.3415647,2.1404722,6.1537784,-0.0450683,-1.3213851,2.4140019,-1.2699952,2.4582894,6.5549683,-0.0141355,-1.6842031,2.5263967,-1.6651743,2.5412158,6.7061416,-0.0255354,-1.8321057,2.8037653,-1.5768617,2.1092352,6.132091,-0.0563559,-1.3750964,2.5119431,-1.2753566,-0.0645636,-0.0233538,0.4952637,0.0645636,0.0233538,-0.4952637,-0.6200695,-1.9291153,0.1588961,-0.0164258,-2.0874993,-1.0576575,0.1142886,-4.4567505,0.5030428,1.3743993,-4.8199487,-0.7142654,0.4124352,-4.7346311,0.6038759,1.6140707,-5.0618652,-0.951036,0.7149353,-5.0485921,0.5322184,2.0893401,-5.3146974,-1.2784546
Singapore,11,49.09091,91.02564,13.51351,9.67742,66.66667,87.5,0.0,43.54839,0.096472,2.1030291,0.0407946,0.0820616,2.1359872,-0.0710271,0.0817583,2.1456999,-0.0345784,0.07606,2.1431747,-0.0345398,-0.0031687,2.1706524,-0.0693149,-0.01009,2.1671395,-0.1060275,-0.0228334,2.1212248,-0.0401836,0.0059647,1.9856795,-0.3424766,-0.239448,1.8394827,-0.0754646,0.0189318,2.0101841,0.0066903,-0.0410022,1.9026988,-0.027145,0.0923665,1.6662167,-0.3804573,-0.3465848,1.8085303,0.5067115,0.3857908,2.126193,-0.5901901,-0.0181615,1.9076319,0.562952,0.6081219,2.6368502,-0.3354714,0.427878,2.4382295,0.4909525,0.7047495,2.8343786,-0.3039757,0.3983436,2.6383019,0.3977761,0.6889918,2.8749371,-0.2995131,0.3821963,2.7519423,0.366769,0.5868014,2.6216894,-0.3195817,0.4628204,2.527405,0.451505,0.1623376,-0.0314385,-0.1392167,-0.1623376,0.0314385,0.1392167,0.4643527,-1.0999564,-0.2467135,-0.5599404,-0.3962732,0.3395577,0.1625136,-1.9876493,0.0094129,-1.268825,-0.5189252,0.4019561,0.1834623,-2.0675982,0.0741074,-1.3405014,-0.4908954,0.2965603,0.244898,-2.2345193,0.1155229,-1.6080791,-0.5198523,0.3348131
Singapore,12,65.45455,87.17949,6.75676,5.37634,86.95652,95.3125,0.0,48.3871,0.6992143,2.7960181,-1.977577,0.7415247,2.7913572,-2.1565469,0.7456868,2.7947316,-2.0746458,0.7473701,2.7979216,-2.0865013,0.6519742,2.8723704,-2.2582002,0.6169651,2.869259,-2.3481956,0.6015709,2.8168614,-2.1997794,0.8014629,2.3240011,-2.3213872,0.3787709,2.1235601,-2.3739141,0.6537093,2.6033318,-1.9303562,0.499497,2.452701,-2.1705806,0.9358387,1.8881931,-1.6761964,0.118462,2.4304949,-1.4817636,1.4999086,2.8684769,-1.7628484,0.1392679,3.4827422,-1.9143787,1.7871573,3.9767441,-1.8280696,0.2622068,4.7090783,-2.0816126,2.0460858,4.2240905,-1.8499882,0.0881434,5.0050847,-2.4138395,2.0089901,4.3368786,-1.9344501,0.0758411,5.2291107,-2.4077063,1.7159917,3.9609584,-1.8443118,0.2892634,4.8449102,-2.1383819,0.3648515,-0.1169069,0.2522737,-0.3648515,0.1169069,-0.2522737,1.0546286,-1.9500903,0.6367715,-2.0091468,1.2288155,-0.3721839,1.4060515,-3.5603056,1.1466153,-3.6554958,1.8351478,-0.0697249,1.5784419,-3.7117754,1.2513929,-3.806074,2.0100397,-0.2274928,1.6634405,-3.8239903,1.0071276,-4.1581562,2.5082085,-0.4863347
Singapore,13,63.63636,84.61538,10.81081,61.29032,72.46377,84.375,0.0,45.16129,0.7150426,-1.0113029,-1.5990706,0.8163231,-1.0312554,-1.5790189,0.817282,-1.0228674,-1.5512935,0.8170361,-1.0324878,-1.5547303,0.7799824,-1.0945042,-1.6185232,0.7895506,-1.0932576,-1.6614942,0.7857979,-1.0534536,-1.5948198,0.9794074,-0.877123,-1.2370801,0.5957341,-1.1025537,-1.222509,0.7935451,-0.9285724,-1.432598,0.6780364,-0.9306917,-1.5100936,0.8871694,-0.459863,-0.7393728,0.4120394,-1.3183123,-0.5461986,0.6207118,0.0289066,-0.674025,-0.3901173,-1.4000197,-0.6056527,0.3987848,0.6905257,-0.5416144,-1.1203218,-1.4884372,-0.7653378,0.3814815,0.8088992,-0.5472649,-1.1975776,-1.5502238,-0.8914413,0.2413431,0.8087197,-0.6302696,-1.1213212,-1.5042005,-0.9735965,0.3098973,0.7805552,-0.5736433,-1.1381403,-1.4606791,-0.8369363,0.2467625,0.14891,0.1301388,-0.2467625,-0.14891,-0.1301388,0.4145029,1.0376179,-0.2968226,-0.7050963,0.4780405,-0.6659008,0.0334019,1.6217571,0.448433,-0.6134816,1.3550063,0.0892969,-0.0606696,1.6422725,0.5449375,-0.5990951,1.4050539,0.0680872,-0.0633068,1.7947663,0.4736801,-0.5547944,1.5111367,-0.0550232
Singapore,14,45.45455,82.05128,56.75676,9.67742,56.52174,82.8125,0.0,43.54839,-0.2058348,-1.7419272,-1.0506444,-0.1183353,-1.785181,-1.0508738,-0.1135665,-1.7876415,-1.0216896,-0.120071,-1.7874406,-1.0265857,-0.1662488,-1.8174117,-1.0582625,-0.1637808,-1.8212008,-1.0976964,-0.1522381,-1.7782351,-1.0391038,0.1382129,-1.699375,-0.8703965,-0.2109574,-1.655358,-0.7094001,-0.0757401,-1.6771222,-0.9569109,-0.1681311,-1.6090895,-0.9906447,0.4602767,-1.2741527,-0.591944,-0.3723293,-1.5390617,-0.1055383,0.9927388,-0.8664155,-0.8969471,-0.9218645,-1.2646022,-0.0324211,0.5161319,-0.6473344,-1.1489956,-1.6787493,-1.3212307,-0.280062,0.3730826,-0.6111843,-1.1861853,-1.7617085,-1.377114,-0.3930542,0.2293998,-0.7046238,-1.2291582,-1.712068,-1.4569908,-0.4849223,0.4369949,-0.6278169,-1.1728802,-1.7051832,-1.3447162,-0.3511248,0.1927301,0.0092111,-0.0443439,-0.1927301,-0.0092111,0.0443439,0.2224553,1.1078678,-0.0345406,-0.0960068,0.8600581,0.3543798,0.2783102,1.9331372,0.5879591,-0.1739439,1.878622,0.9819612,0.2392765,2.0146237,0.6632393,-0.188146,1.9596234,0.9364857,0.2586974,2.1286253,0.6213447,-0.3134376,2.0297492,0.8729579
Singapore,15,43.63636,89.74359,70.27027,82.7957,53.62319,60.9375,7.54717,40.32258,-0.4486889,-1.5955303,-0.757355,-0.3553183,-1.6528555,-0.75036,-0.356025,-1.6557309,-0.7197729,-0.3603741,-1.6576837,-0.7229026,-0.4171568,-1.6837454,-0.7576344,-0.4150473,-1.6847984,-0.7963106,-0.394387,-1.6499498,-0.74301,-0.0986811,-1.6256812,-0.5677276,-0.4362146,-1.5473817,-0.424317,-0.3321561,-1.55215,-0.6632799,-0.4028565,-1.4823108,-0.69805,0.1555163,-1.1942954,-0.4522696,-0.5689695,-1.4395881,0.1918979,0.3129747,-0.8012807,-0.8730608,-1.1544374,-1.2116512,0.2252173,-0.2070392,-0.711247,-1.0906336,-1.8760508,-1.288304,0.0664649,-0.3595371,-0.7019468,-1.1246991,-1.9837246,-1.3524297,-0.033142,-0.4474311,-0.7664292,-1.1479658,-1.9350207,-1.4463099,-0.0854238,-0.253178,-0.7044629,-1.1065316,-1.9052357,-1.311061,0.0160616,0.128679,-0.00721,-0.1575299,-0.128679,0.00721,0.1575299,0.0141962,0.9749488,-0.4215371,0.3573148,0.867578,0.2941356,0.0512053,1.9632243,-0.3746392,0.9365003,1.6364383,0.8363407,-0.0069467,2.0759235,-0.3528563,0.9786309,1.6917674,0.7861684,-0.2900643,2.1879849,-0.4557992,0.852347,1.8766824,0.794618
Singapore,16,69.09091,87.17949,2.7027,5.37634,92.75362,96.875,0.0,48.3871,-0.1966635,-1.6342068,-1.2424357,-0.1706188,-1.6980273,-1.2181886,-0.1752357,-1.7068592,-1.1833546,-0.1777506,-1.7088038,-1.1925753,-0.2483629,-1.6983369,-1.2698858,-0.2416382,-1.7054428,-1.312093,-0.2155393,-1.6621058,-1.246501,-0.0549962,-1.7063515,-0.8720876,-0.4579174,-1.423397,-0.9232159,-0.0965643,-1.6227393,-1.0784623,-0.1800336,-1.4849071,-1.1806616,0.2665909,-1.2281389,-0.4925906,-0.6589155,-1.5092977,-0.2388436,0.6484409,-0.691459,-0.4276397,-1.0059815,-1.7775785,-0.3821469,1.1408392,-0.1567043,-0.3078815,-1.5309698,-2.3610421,-0.5996863,1.2298099,-0.0582723,-0.2651965,-1.5728228,-2.5314789,-0.753431,1.2038862,-0.0013584,-0.3865134,-1.5257905,-2.7002551,-0.7861831,1.1731948,-0.0491202,-0.3551772,-1.539582,-2.4411229,-0.6512535,0.2718483,-0.043027,-0.0069548,-0.2718483,0.043027,0.0069548,0.8449795,1.1397443,-0.24989,-0.4999581,1.1204138,0.0820857,1.5242878,2.0579922,-0.043688,-0.2452004,2.062851,0.7929856,1.5169017,2.1691184,-0.0097745,-0.2311049,2.1375587,0.7379303,1.5447743,2.1876213,-0.1494618,-0.3844951,2.1905037,0.7172301
Thailand,01,65.45455,84.61538,70.27027,75.26882,63.76812,28.125,0.0,77.41935,-0.2021396,-2.2150334,-1.7720899,-0.2174164,-2.2925783,-1.7784516,-0.2087656,-2.2831145,-1.7393738,-0.2169507,-2.2871455,-1.760231,-0.2390755,-2.3092014,-1.8724703,-0.2281694,-2.305985,-1.926264,-0.2010788,-2.2619397,-1.8353486,-0.1853022,-2.180987,-1.5307749,-0.4013798,-1.9302366,-1.6899823,-0.1013107,-2.1673321,-1.6232032,-0.1412614,-2.0176513,-1.7917032,0.2897795,-1.6702696,-0.9507444,-0.7050462,-1.7684217,-0.9245149,0.8725441,-1.1897018,-0.8163223,-1.1477894,-0.8939909,-0.9361314,1.1487736,-0.3538559,-0.6700333,-0.9670228,-0.0495556,-1.0803505,1.1594765,-0.2014447,-0.6668481,-0.7912229,0.1317478,-1.270016,0.9814712,-0.118339,-0.7730019,-0.5562421,0.0167973,-1.3307242,1.1192254,-0.1958409,-0.7192568,-0.8424029,-0.0288032,-1.1451859,0.3343909,-0.0320088,0.1883229,-0.3343909,0.0320088,-0.1883229,1.4101012,0.6378281,-0.2566933,-1.4353297,0.7473098,-0.4306172,1.242279,1.9946519,0.5538192,-2.3631522,1.9685343,0.2531131,1.152714,2.1255707,0.6673914,-2.4856927,2.0633547,0.1684139,1.5033165,2.2183815,0.6343484,-2.79738,2.052592,0.0164333
Thailand,02,72.72727,60.25641,51.35135,7.52688,63.76812,87.5,0.0,83.87097,-0.1507292,-1.2803379,-1.6390125,-0.1460708,-1.3670786,-1.6576638,-0.1431055,-1.3594839,-1.6273447,-0.150949,-1.3661905,-1.6377486,-0.2147145,-1.3778715,-1.7300457,-0.1987714,-1.3823397,-1.7843913,-0.1871474,-1.3503549,-1.6973387,-0.0537106,-1.4985391,-1.3442554,-0.4001311,-1.2364593,-1.4242584,-0.0639013,-1.29879,-1.4645901,-0.1472438,-1.1796916,-1.5889294,0.2949776,-1.3564654,-0.7614406,-0.6938491,-1.2107927,-0.7297965,0.7771738,-1.7465718,-0.9361991,-0.7714687,-0.4119561,-1.155214,1.2011053,-2.5187709,-1.1882582,-0.2217471,-0.5753786,-1.757306,1.2438564,-2.7600935,-1.2772196,0.0435543,-0.6458826,-1.9503964,1.2031165,-2.8301451,-1.2855373,0.1550662,-0.9109048,-1.9925873,1.2428539,-2.5397082,-1.2227984,-0.1435656,-0.6697853,-1.7990477,0.3151993,0.0112117,0.0962655,-0.3151993,-0.0112117,-0.0962655,1.2303584,0.9237224,-0.3311185,-1.0948489,0.7220949,-0.2657613,1.0143402,2.0472387,0.3272617,-2.0099175,1.8988236,0.0372721,0.9221084,2.1511747,0.4202335,-2.1199509,1.9932939,-0.0655919,1.2763534,2.2660435,0.4037244,-2.3710826,2.0778583,-0.1480143
Thailand,03,76.36364,98.71795,45.94595,3.22581,78.26087,93.75,0.0,85.48387,-0.2361758,-1.9680691,-1.2372987,-0.1798664,-2.037716,-1.2799551,-0.1797153,-2.0413087,-1.2510885,-0.1856118,-2.0451934,-1.2652409,-0.216616,-2.0681295,-1.3045365,-0.2076856,-2.0705939,-1.3463826,-0.189369,-2.0221067,-1.2759729,-0.0083217,-1.9823805,-1.1886845,-0.2474468,-1.8004662,-1.0575077,-0.1028292,-1.9282368,-1.1611486,-0.1571742,-1.8042683,-1.2228769,0.405831,-1.5098552,-0.7927399,-0.499344,-1.7679227,-0.455013,0.9305832,-1.0408904,-0.7951429,-1.132081,-1.7081719,-0.6964767,1.1085923,-0.3399634,-0.7015185,-1.5330226,-2.1553265,-1.0251683,1.1260864,-0.2166716,-0.671514,-1.5087694,-2.310829,-1.1922032,0.9847363,-0.1546575,-0.7525316,-1.3892952,-2.4673331,-1.2121042,1.0745161,-0.2076957,-0.7379736,-1.4954817,-2.2275089,-1.0741054,0.3072248,-0.0073341,0.0801721,-0.3072248,0.0073341,-0.0801721,1.1052169,0.6909839,-0.1341264,-1.247979,0.4659214,-0.2854906,1.0738306,1.7527947,0.5635816,-1.9010069,1.6111833,0.3390599,1.0094519,1.8524426,0.6567836,-1.9758015,1.7079121,0.2598241,1.2952103,1.9536938,0.6007845,-2.2183331,1.7134819,0.1145434
Thailand,04,80.0,91.02564,5.40541,16.12903,98.55072,87.5,0.0,87.09677,0.1619926,-1.5504592,-1.2666101,0.2172532,-1.6122985,-1.2400596,0.2152664,-1.6123841,-1.2207341,0.2095185,-1.6179402,-1.2273029,0.1609886,-1.6393539,-1.3067906,0.1706929,-1.6479692,-1.3474444,0.191569,-1.6110068,-1.2841812,0.2884973,-1.5604552,-0.9703256,-0.0295,-1.4326666,-1.0546177,0.2267823,-1.5084223,-1.1323733,0.1618487,-1.423323,-1.2437188,0.5372926,-1.1058284,-0.5449668,-0.400664,-1.4443376,-0.4698071,1.0249601,-0.7315369,-0.5682741,-1.1144962,-1.3698223,-0.6130581,1.6972108,-0.527405,-0.5743235,-1.6646925,-1.903364,-0.9500122,1.822023,-0.5418584,-0.5421009,-1.7067105,-2.0982311,-1.0936222,1.8578588,-0.5667426,-0.6571461,-1.6745034,-2.3136302,-1.1630894,1.7556357,-0.4770037,-0.6371823,-1.6816739,-1.9992675,-1.0084585,0.2757466,0.0232022,0.0812564,-0.2757466,-0.0232022,-0.0812564,1.1379475,0.8198832,-0.2031607,-0.9842222,0.6060356,-0.2640596,1.063244,1.78355,0.3306901,-1.50428,1.5048997,0.2977406,1.0011203,1.8869903,0.4137143,-1.5722129,1.5757265,0.2298551,1.2959791,1.9762873,0.4078999,-1.8505984,1.572207,0.1436123
Thailand,05,72.72727,87.17949,10.81081,18.27957,92.75362,84.375,0.0,83.87097,0.2292959,-1.9009581,-1.3510526,0.2043128,-1.9633831,-1.3277261,0.1997179,-1.9612769,-1.3018234,0.1944621,-1.9609916,-1.3057161,0.1810172,-1.9761621,-1.4370875,0.1854768,-1.9773679,-1.4776973,0.2033014,-1.9329749,-1.4027287,0.1821967,-1.8899835,-1.0620586,-0.0697394,-1.6902183,-1.2945817,0.2983785,-1.8403071,-1.2071103,0.2375361,-1.7175775,-1.3751784,0.5682822,-1.4683362,-0.6503131,-0.4287036,-1.5029399,-0.7197522,1.2214417,-1.6808979,-0.6214538,-1.0183965,-0.7286403,-0.8778787,1.7602296,-2.1351486,-0.5421426,-1.8346877,-0.5241996,-1.1541779,1.8588966,-2.3042287,-0.4935712,-1.9517879,-0.5495278,-1.269901,1.8207552,-2.4224671,-0.5991836,-1.9399699,-0.6634744,-1.3943126,1.7930007,-2.1424265,-0.6061623,-1.8766589,-0.5457953,-1.2346751,0.3391708,0.0114703,0.155893,-0.3391708,-0.0114703,-0.155893,1.2937024,0.7114997,-0.3234882,-1.0884973,0.6093367,-0.364321,1.1565257,1.8695077,0.3876659,-1.6838105,1.6604654,0.4959747,1.0773933,1.970102,0.4811092,-1.7570433,1.7491747,0.4491665,1.3884997,2.0798006,0.3554372,-1.9415931,1.7989718,0.240535
Thailand,06,74.54545,93.58974,8.10811,16.12903,95.65217,85.9375,0.0,85.48387,0.1689868,-1.71366,-1.9917377,0.1130674,-1.7667546,-1.9784472,0.1066293,-1.7682789,-1.949775,0.1031496,-1.7676795,-1.9239017,0.0936561,-1.7574884,-2.0494524,0.0855472,-1.7501829,-2.1130132,0.07667,-1.7089594,-2.0149522,0.1248514,-1.7326465,-1.584813,-0.2072628,-1.4216506,-1.8370531,0.2704439,-1.6724876,-1.7722067,0.1649368,-1.5278907,-1.9692602,0.5495868,-1.4770661,-1.0097679,-0.4241186,-1.2555119,-1.0627911,1.2200991,-1.8340753,-0.7623394,-1.0228362,-0.5192196,-1.1703064,1.7201213,-2.3052012,-0.2637976,-1.8059993,-0.1818979,-1.3635702,1.7935675,-2.4845393,-0.1713792,-1.9209533,-0.1536096,-1.477351,1.743962,-2.5763034,-0.2476657,-1.8921834,-0.2232413,-1.5691473,1.7465693,-2.3023373,-0.2995738,-1.8436294,-0.1879281,-1.4671869,0.3218041,-0.0094064,0.1926266,-0.3218041,0.0094064,-0.1926266,1.180445,0.7116049,-0.2446992,-1.1335843,0.7611681,-0.1913833,0.8251336,1.7982651,0.6091654,-1.9644356,1.7822937,0.450319,0.7433538,1.9001194,0.7133445,-2.0633626,1.8682626,0.387207,0.9810707,2.0296756,0.58573,-2.2180224,1.9488607,0.141076
Thailand,07,63.63636,69.23077,47.2973,4.30108,68.11594,84.375,0.0,80.64516,0.338982,-1.8114594,-1.4426094,0.330735,-1.9064186,-1.4309539,0.3327534,-1.9037503,-1.4004765,0.3268462,-1.905845,-1.4119522,0.3009115,-1.9135531,-1.5259549,0.3064184,-1.9103912,-1.56551,0.3193148,-1.8673204,-1.4933607,0.3187058,-1.9119516,-1.1228536,-0.0031277,-1.6970056,-1.3311635,0.4140163,-1.7733892,-1.2836736,0.320915,-1.6437669,-1.435063,0.6473593,-1.3940837,-0.596821,-0.3296608,-1.5913933,-0.6774475,1.2833899,-0.9682926,-0.4198211,-0.9517275,-0.7641426,-0.6840151,2.081729,-0.6412049,-0.2616738,-1.0221858,-0.0610438,-0.9390841,2.2692665,-0.675411,-0.2221512,-0.9139132,0.0789618,-1.1105542,2.256271,-0.7101948,-0.3439082,-0.7125722,-0.0211335,-1.1990937,2.1274641,-0.5753481,-0.3248613,-0.9269364,-0.0454281,-1.0054299,0.3412141,-0.0028404,0.1747906,-0.3412141,0.0028404,-0.1747906,1.4263392,0.7423788,-0.3744077,-1.1858825,0.7253337,-0.4532465,1.2192214,1.826866,0.3906587,-1.8602401,1.7569392,0.4879252,1.1473536,1.9131463,0.4962083,-1.9289652,1.840531,0.4497764,1.4613925,2.0252161,0.4080865,-2.0757808,1.8931295,0.2096705
Thailand,08,69.09091,87.17949,50.0,3.22581,75.36232,90.625,0.0,83.87097,0.1049905,-1.7999482,-1.3756805,0.1088164,-1.8659036,-1.3543102,0.1102282,-1.863657,-1.3230082,0.1025425,-1.8646178,-1.3357806,0.0580445,-1.8780424,-1.4447328,0.0645976,-1.8776604,-1.4839151,0.080714,-1.8416579,-1.4130888,0.1166256,-1.83625,-1.0467416,-0.1965354,-1.6339056,-1.2135109,0.1663224,-1.7636028,-1.2186721,0.0945472,-1.6445219,-1.3584883,0.4343851,-1.4519847,-0.632144,-0.5620367,-1.4462673,-0.5478174,1.1276934,-1.5844573,-0.6936537,-1.0036696,-0.6336147,-0.5630471,1.619718,-1.992445,-0.8283224,-1.0532925,-0.0319521,-0.7833556,1.6835609,-2.1302777,-0.8580471,-0.9623695,0.0913608,-0.9071466,1.6178277,-2.2156469,-0.9302198,-0.8272293,-0.013227,-0.9978619,1.6395879,-1.9840243,-0.8748174,-0.9860084,-0.0222795,-0.8461457,0.3263151,-0.0316787,0.056879,-0.3263151,0.0316787,-0.056879,1.2902651,0.8010608,-0.219466,-0.9966155,0.7042548,-0.2815377,1.972391,1.6406855,0.2949039,-0.9053785,1.8964834,0.4243339,1.9744366,1.7178146,0.357451,-0.901317,1.9989856,0.3752615,2.0851566,1.8101831,0.2288278,-1.1723769,2.1122828,0.2178095
Thailand,09,67.27273,8.97436,43.24324,5.37634,71.01449,89.0625,0.0,80.64516,-1.0377559,-1.2522,-1.3050065,-1.0565037,-1.3316466,-1.3161956,-1.056139,-1.3338801,-1.277229,-1.0603526,-1.3293236,-1.2861762,-1.1294249,-1.3070013,-1.3557885,-1.123329,-1.3083984,-1.4020403,-1.0917405,-1.2808944,-1.3329512,-0.9683366,-1.4516033,-1.0049396,-1.2283403,-1.0532068,-1.0314575,-0.9372362,-1.3054681,-1.1495307,-0.9671602,-1.1449906,-1.2464561,-0.4415708,-1.3330213,-0.5862825,-1.3011553,-0.8859416,-0.3388268,0.0848853,-0.9636335,-0.7480519,-0.8626596,-0.1119388,-0.6569195,-0.4491979,-0.6629819,-0.8803798,-0.8517797,-0.3597539,-1.2167984,-0.6707632,-0.5827272,-0.8789233,-0.7846764,-0.5440388,-1.4131325,-0.7933568,-0.6776291,-0.8835204,-0.8770781,-0.7852772,-1.3983958,-0.4885179,-0.6524959,-0.8724635,-0.8866455,-0.4680755,-1.2454867,0.2464191,-0.1614366,0.0318683,-0.2464191,0.1614366,-0.0318683,1.3511951,0.5858688,-0.1720791,-0.0093941,1.0837486,0.1277601,2.1671527,1.182432,0.3262859,0.3309272,1.9820572,0.9095716,2.1942039,1.2795224,0.3962733,0.3545951,2.0632568,0.8554256,2.3383435,1.4809633,0.2830554,0.3209243,2.2537028,0.7386764
Thailand,10,49.09091,12.82051,97.2973,95.69892,46.37681,12.5,0.0,70.96774,-0.0787143,-1.5939968,-0.7844882,-0.062971,-1.6771369,-0.7867829,-0.0579544,-1.6740873,-0.7590209,-0.0623527,-1.6795819,-0.7750125,-0.1080262,-1.6788751,-0.8381169,-0.1011767,-1.6741994,-0.8734813,-0.0915411,-1.6422827,-0.8111046,0.0628466,-1.653898,-0.5786479,-0.2537771,-1.458947,-0.5849018,0.0328235,-1.5674105,-0.6824034,-0.0472712,-1.4405431,-0.7671097,0.5352083,-1.2451005,-0.2133115,-0.4568037,-1.3435402,-0.1344338,1.1408402,-0.8015902,-0.4404296,-1.0197233,-0.7518635,-0.4013719,0.8539695,-0.4830681,-0.5969004,-1.104857,-0.2812725,-0.7810983,0.7499033,-0.4443998,-0.6295469,-1.0387766,-0.1744001,-0.9566189,0.5933317,-0.5131608,-0.6790416,-0.8402992,-0.2682184,-0.9911553,0.7869146,-0.4501783,-0.62633,-1.0403663,-0.2653166,-0.8316058,0.2745877,0.0014743,0.0790805,-0.2745877,-0.0014743,-0.0790805,0.7915564,-0.1497612,-0.8107698,-0.9310759,-0.4678101,-0.7500468,0.4602156,0.8939622,-0.8759121,-0.4439036,0.8364949,-0.5691339,0.3594619,0.957572,-0.8740639,-0.401954,0.9325788,-0.6782815,0.3932182,0.8921444,-1.1202491,-0.5734332,0.8906494,-0.8191201
Thailand,11,40.0,2.5641,60.81081,18.27957,21.73913,65.625,0.0,72.58065,0.322285,-1.4229691,0.9695698,0.3510892,-1.4868229,1.0142945,0.3582761,-1.4759469,1.0795002,0.3506881,-1.48211,1.0383984,0.3591788,-1.5178155,0.9575472,0.3531868,-1.5079819,0.891172,0.3785045,-1.4634461,0.9969048,0.5338136,-1.5684494,1.3090866,0.1905831,-1.315929,1.3440179,0.4770876,-1.4378066,1.1069777,0.3704134,-1.2334511,0.9741598,0.6167412,-1.4437428,1.1137558,-0.0931773,-1.4232831,1.8177424,0.818035,-1.8019198,0.204613,-0.6290595,-0.410412,1.3219642,0.7262884,-2.3094539,0.2593227,-0.9192127,0.2031914,0.8151426,0.742794,-2.5824188,0.2293968,-0.7573383,0.1850781,0.598973,0.6699706,-2.5888663,0.2831607,-0.5188386,0.1245605,0.5476613,0.7580253,-2.2607743,0.3148512,-0.8579125,0.2123783,0.7415799,0.3279955,-0.0867276,0.034581,-0.3279955,0.0867276,-0.034581,1.0539435,0.0910823,-1.3891579,-1.4977844,0.0981731,-1.4152083,1.3321399,2.1700132,-1.620508,-0.5615283,1.7913486,-1.3406056,1.2316158,2.3370581,-1.6355645,-0.4968507,1.9165552,-1.5744828,1.360569,2.2299984,-2.2200133,-0.7075854,1.6460398,-2.1567023
Thailand,12,47.27273,8.97436,56.75676,7.52688,39.13043,78.125,0.0,77.41935,0.2707589,-0.9289611,-1.6787415,0.348973,-1.005745,-1.6635983,0.3487623,-0.9987225,-1.6313672,0.3414531,-1.0019868,-1.6405108,0.2751471,-1.0505219,-1.7148622,0.2875589,-1.0540391,-1.7621858,0.301335,-1.0153748,-1.6963074,0.4108131,-1.0089742,-1.3442416,0.0531606,-0.974832,-1.4847768,0.2964027,-0.9181048,-1.5324244,0.215838,-0.8655478,-1.6428357,0.490421,-0.7104744,-1.009485,-0.4120495,-1.1130762,-0.856323,0.9695818,-0.2253962,-1.0206646,-0.7463832,-0.7245037,-1.274088,1.5837143,0.3320116,-0.8641456,-0.2268348,-0.7029678,-1.6930342,1.7010563,0.4105081,-0.839174,-0.016061,-0.7206084,-1.8379534,1.6543463,0.4943638,-0.9265407,0.1651983,-0.890432,-1.800075,1.619827,0.442487,-0.8952958,-0.1260198,-0.7414535,-1.7068618,0.1911827,0.0398849,-0.0546452,-0.1911827,-0.0398849,0.0546452,-0.0103103,0.7784605,-0.3468778,-0.5463694,0.345151,0.4119191,0.7325707,0.7381092,0.211412,-0.8103675,0.7520789,1.1070013,0.7797045,0.7467776,0.3054774,-0.8507415,0.7785804,1.0694422,0.8529832,1.0191787,0.4503613,-0.9976682,0.8459654,1.1828123
Thailand,13,47.27273,60.25641,89.18919,92.47312,39.13043,9.375,0.0,72.58065,-0.1336388,-2.0194219,-1.0205321,-0.0874297,-2.0916274,-1.0279185,-0.0825348,-2.0905682,-0.9938398,-0.0889285,-2.0896705,-1.007004,-0.1237164,-2.1176005,-1.0717679,-0.1206635,-2.1144658,-1.1098204,-0.0992827,-2.0728355,-1.0449464,0.0355222,-2.0175048,-0.8389534,-0.2287501,-1.8632241,-0.8423751,-0.0338658,-1.9759456,-0.9141653,-0.0955159,-1.8663233,-1.0010829,0.415878,-1.5180588,-0.4699578,-0.5533434,-1.6337356,-0.2526362,0.8948142,-0.978995,-0.3718806,-0.934403,-0.7706932,-0.3389041,0.8793653,-0.333235,-0.292309,-0.949237,-0.1318772,-0.6030916,0.825291,-0.1892607,-0.2879718,-0.8493194,0.0061017,-0.7414648,0.6656222,-0.1804327,-0.36016,-0.7123577,-0.0806171,-0.7990682,0.8279828,-0.2345341,-0.3216626,-0.8788839,-0.1198386,-0.6566188,0.3007912,-0.0333743,0.0990555,-0.3007912,0.0333743,-0.0990555,0.9679751,0.9106284,-0.4232311,-0.3479714,0.9401742,-0.2615229,0.7911854,1.916864,0.3186897,-0.3326847,2.0714164,0.4051643,0.7060177,2.0097215,0.4105769,-0.3383124,2.1677459,0.3368696,0.8386737,2.1566005,0.3044334,-0.4888077,2.243359,0.1595839
Thailand,14,63.63636,62.82051,91.89189,89.24731,59.42029,21.875,0.0,77.41935,0.1498179,-1.9901636,-1.1427007,0.1931979,-2.0933857,-1.1638277,0.2021674,-2.088337,-1.130915,0.1968444,-2.0954279,-1.1525118,0.174571,-2.1183316,-1.2229916,0.179819,-2.1171285,-1.2669337,0.202483,-2.0777607,-1.1966862,0.2464858,-2.049136,-1.0244949,0.0555826,-1.8641778,-1.0565038,0.2306144,-1.9620626,-1.0426545,0.1917691,-1.8331643,-1.1486302,0.5806777,-1.4872356,-0.5628561,-0.3813654,-1.6942149,-0.3850008,0.9809515,-0.8544645,-0.4368297,-1.0400512,-0.883413,-0.3571736,0.9964297,-0.0819053,-0.33837,-1.0606494,-0.1866511,-0.5556005,0.9250338,0.0820839,-0.3166529,-0.9554401,-0.0520388,-0.7287755,0.7766429,0.0907673,-0.3771264,-0.7650243,-0.1568957,-0.7794187,0.9482671,0.0323837,-0.3531787,-0.9672218,-0.17865,-0.6086316,0.3383759,-0.0112678,0.1079087,-0.3383759,0.0112678,-0.1079087,1.192269,0.9649726,0.2806725,-0.9554236,0.866479,-0.5274747,1.7932365,1.7639457,1.0831496,-0.7563394,2.1093998,0.2393992,1.7913745,1.8434837,1.172545,-0.7435676,2.2165346,0.1794406,2.070438,1.8410383,1.1416898,-1.0331274,2.3217368,0.0595035
Thailand,15,65.45455,17.94872,70.27027,13.97849,47.82609,79.6875,0.0,80.64516,0.2128571,-1.9665533,-1.3357314,0.2373213,-2.0452324,-1.3330642,0.2433805,-2.0369096,-1.3009807,0.2355182,-2.0377781,-1.3135057,0.1916341,-2.0703163,-1.4101803,0.1987169,-2.0619825,-1.4587636,0.2191994,-2.0198335,-1.3798038,0.2818941,-2.0543499,-1.0647403,-0.0565246,-1.8679692,-1.1950797,0.2918537,-1.9401969,-1.1820009,0.202993,-1.8168513,-1.3284684,0.6083396,-1.6308889,-0.6071978,-0.3848842,-1.7431893,-0.5772795,1.1628225,-1.2221629,-0.843214,-0.4738715,-0.8367271,-0.7414096,0.5960237,-0.9839693,-0.9669028,-0.0569367,-0.338546,-0.9926332,0.3781863,-0.9505318,-0.9886615,0.1962699,-0.2367702,-1.1735093,0.199103,-1.0565728,-0.9728164,0.3687249,-0.4297908,-1.186146,0.5069869,-0.9425812,-0.9614561,0.0404889,-0.3722898,-1.0222688,0.3425747,0.0121011,0.1652239,-0.3425747,-0.0121011,-0.1652239,1.2515498,0.7967575,-0.5298604,-1.3100568,0.7137101,-0.3463028,1.040381,1.9896658,0.2065042,-2.3723795,1.7878129,0.1587795,0.9594136,2.0952518,0.3074736,-2.4858183,1.8697837,0.0631512,1.2497487,2.2675236,0.2838161,-2.6421997,1.9280207,-0.1518086
Thailand,16,70.90909,94.87179,47.2973,3.22581,72.46377,92.1875,0.0,83.87097,0.0251136,-1.6955336,-1.3053472,0.0665456,-1.7700124,-1.305751,0.073586,-1.7706697,-1.2787994,0.0666772,-1.7720588,-1.2876439,0.0054487,-1.7923908,-1.3710542,0.0107094,-1.7922086,-1.4114446,0.0254144,-1.7507493,-1.3442782,0.1896983,-1.7899936,-1.0133812,-0.2276709,-1.6433745,-1.0661512,0.1302681,-1.6767438,-1.1570289,0.0259692,-1.5681441,-1.2610231,0.5062031,-1.4108747,-0.5381083,-0.4533356,-1.6268286,-0.3574169,0.8887902,-0.9140495,-0.7043622,-1.0703138,-1.2672719,-0.4154345,0.6823007,-0.613957,-0.9557499,-1.7159346,-1.5422224,-0.7374944,0.589598,-0.5904097,-1.0004056,-1.7570122,-1.6746758,-0.8985516,0.4626632,-0.6542281,-1.0646116,-1.7038572,-1.818358,-0.9611292,0.6216201,-0.5651381,-0.9960048,-1.7256302,-1.6072018,-0.8021415,0.3101346,0.0053705,0.0858054,-0.3101346,-0.0053705,-0.0858054,1.2067056,0.6647224,-0.4187608,-1.191724,0.5376579,-0.3457142,0.9012094,1.6761409,0.2786602,-1.6986894,1.7168841,0.1196247,0.8173599,1.7663961,0.3710587,-1.7652828,1.8164243,0.0337036,1.1224309,1.8929846,0.3694438,-2.0554603,1.8125463,-0.115922
Thailand,17,52.72727,62.82051,94.59459,94.62366,55.07246,12.5,0.0,74.19355,-0.0860123,-1.8370533,-1.1343948,-0.029437,-1.907318,-1.1300065,-0.0222075,-1.9018227,-1.1006396,-0.0286745,-1.9043719,-1.1156798,-0.0762603,-1.9325422,-1.1640772,-0.0727319,-1.9296522,-1.2004276,-0.0535129,-1.8920455,-1.1374458,0.1500941,-1.808938,-0.9269096,-0.173599,-1.6711154,-0.8841846,0.0405882,-1.786378,-1.0287348,-0.0393605,-1.6811492,-1.0973501,0.5313772,-1.2816057,-0.5069797,-0.4249746,-1.4847754,-0.2969481,0.9837686,-0.7875205,-0.4386483,-0.8136902,-0.7416148,-0.2942354,1.0385683,-0.1899162,-0.364234,-0.9219591,-0.1611054,-0.5489618,1.003333,-0.0889916,-0.3500789,-0.8493053,-0.0513588,-0.6918648,0.866569,-0.0751391,-0.4208839,-0.7163252,-0.134914,-0.7513749,0.9952787,-0.0986422,-0.3923927,-0.857656,-0.1499107,-0.6054776,0.3215152,0.0230395,0.0785633,-0.3215152,-0.0230395,-0.0785633,1.2611805,0.6851352,-0.4016859,-1.1339082,0.4665527,-0.4384344,1.2227642,1.7497192,0.2992873,-1.3520862,1.655969,0.188568,1.163931,1.8481018,0.3832855,-1.3890427,1.7604453,0.1210227,1.4213073,1.9119648,0.3046572,-1.7207125,1.7724606,-0.0336104
Thailand,18,85.45455,97.4359,6.75676,13.97849,94.2029,93.75,81.13208,88.70968,-0.0476598,-2.1617821,-0.0805647,-0.0758118,-2.1961254,-0.2270675,-0.0785739,-2.1980065,-0.1771857,-0.0779857,-2.197684,-0.1925165,0.0304413,-2.241506,-0.2373895,0.0385868,-2.2344779,-0.2842437,0.0589439,-2.1987178,-0.2028683,-0.1192038,-2.0466595,-0.5348264,0.2948608,-1.8576282,-0.4142812,-0.0121656,-2.0694592,-0.1285463,0.1012742,-1.9517436,-0.205525,-0.2589898,-1.5932229,-0.4515967,0.586379,-1.7790904,0.0492076,-0.8681332,-1.7991198,-0.3919192,1.2794662,-1.4312013,0.0341074,-1.0658869,-2.3517216,-0.0052118,1.7572075,-1.6831639,-0.0509835,-1.1865463,-2.5591509,0.057973,2.0083111,-1.8073689,-0.2267688,-1.1126076,-2.6220843,0.0855522,2.0148978,-2.0114518,-0.2302292,-1.0024873,-2.3533959,0.0271432,1.7716795,-1.7955535,-0.0743495,-0.046647,0.1312062,-0.1117083,0.046647,-0.1312062,0.1117083,-0.024947,1.482634,-0.0481528,-0.95367,-0.2455431,0.1638015,-0.0340952,2.7121217,0.3078401,-1.1930396,1.0154724,0.6153683,-0.1249557,2.8231467,0.384849,-1.2246225,1.1225353,0.5261258,-0.1219895,2.9058837,0.4656042,-1.4227935,1.1044562,0.6152706
Thailand,19,83.63636,53.84615,55.40541,3.22581,66.66667,95.3125,83.01887,88.70968,-0.2534823,-1.7085733,-0.9580378,-0.1833782,-1.7740262,-0.9586401,-0.1864144,-1.7797611,-0.9273351,-0.1899425,-1.7813166,-0.9381882,-0.2539185,-1.7976568,-0.9695345,-0.2481062,-1.8008663,-1.0050631,-0.2301337,-1.7588412,-0.9474089,0.0359319,-1.7634385,-0.7585783,-0.3171557,-1.6016978,-0.631472,-0.1226707,-1.6885623,-0.8614841,-0.1996084,-1.5798799,-0.904292,0.3944585,-1.3367073,-0.439314,-0.5161234,-1.5462668,-0.083048,0.8589868,-0.8057818,-0.431112,-0.910684,-1.4981633,-0.2963958,0.8312838,-0.1440704,-0.3121658,-1.1424404,-2.0456108,-0.5752521,0.7684507,0.0148989,-0.2817197,-1.1067727,-2.1963167,-0.7279849,0.6441487,0.0626264,-0.3567647,-1.0248476,-2.3669187,-0.7264999,0.7841252,-0.0378724,-0.3333511,-1.1168854,-2.121246,-0.609186,0.268241,-0.0234101,-0.0402465,-0.268241,0.0234101,0.0402465,1.0752423,0.8029151,-0.4601435,-0.9416514,0.5094744,-0.0110649,1.748391,1.7232934,-0.3256714,-0.6363881,1.4041095,0.6489668,1.7559676,1.8232698,-0.2952512,-0.608488,1.4741851,0.5920047,1.8467406,1.9004962,-0.4181725,-0.8150425,1.5887761,0.632494
Thailand,20,74.54545,56.41026,6.75676,16.12903,92.75362,89.0625,0.0,85.48387,-0.34039,-1.7393392,-0.9884678,-0.2583299,-1.7910757,-1.0037231,-0.2618238,-1.7940884,-0.9824667,-0.2673914,-1.7946724,-0.9856515,-0.3057704,-1.826264,-1.0133341,-0.3015225,-1.8273755,-1.0430365,-0.2849538,-1.7895026,-0.9850138,0.027682,-1.7259018,-0.8676436,-0.2467008,-1.635013,-0.6858136,-0.1838842,-1.6875874,-0.9130387,-0.2490611,-1.6018796,-0.9441905,0.429864,-1.3718943,-0.5298758,-0.4963977,-1.5446663,-0.1949295,1.0167771,-1.6343957,-0.6759326,-1.1268749,-1.38472,-0.2888864,1.2400415,-2.1097322,-0.7710522,-1.8052671,-1.4749965,-0.5798077,1.2519553,-2.2585105,-0.7822563,-1.8908266,-1.5373552,-0.680269,1.1908289,-2.3489065,-0.8449153,-1.8460156,-1.6437022,-0.7571379,1.2391126,-2.1127187,-0.811302,-1.8176026,-1.501388,-0.6353273,0.3014609,-0.010382,0.0150654,-0.3014609,0.010382,-0.0150654,1.1266656,0.6047591,-0.5338121,-0.9494565,0.4097185,-0.3424074,1.6960458,1.4050735,0.0384588,-0.7489677,1.4512233,0.3143761,1.6925755,1.4729169,0.1119657,-0.7329908,1.5348209,0.2692126,1.7897708,1.541363,-0.0299915,-0.9396078,1.6058398,0.1679518
Thailand,21,56.36364,2.5641,47.2973,5.37634,31.88406,85.9375,0.0,83.87097,-0.1254056,-1.2317807,-1.9998275,-0.079071,-1.3300318,-1.989058,-0.0763444,-1.3152469,-1.9469476,-0.0871999,-1.3118312,-1.9563544,-0.1534571,-1.3383833,-2.0257102,-0.1418955,-1.3326402,-2.0727568,-0.1211391,-1.3052964,-1.9978531,0.1140358,-1.3008375,-1.6437783,-0.303116,-1.1520651,-1.6552442,-0.008845,-1.1979989,-1.8271416,-0.0937539,-1.1023321,-1.9198855,0.5018446,-1.0537897,-1.0651428,-0.4896798,-0.924352,-1.0763365,0.9850044,-0.628009,-1.0587237,-0.2626268,0.0827122,-1.2401768,0.3023486,-0.3882197,-0.8234886,-0.1819671,0.9440804,-1.3556733,0.0974366,-0.3731425,-0.7571529,-0.0756465,1.085996,-1.5341177,-0.0803036,-0.4695997,-0.7679158,0.0877444,0.9966459,-1.5411482,0.21635,-0.3591174,-0.8093084,-0.1109377,0.9773236,-1.4020175,0.2903218,-0.0800937,0.1323883,-0.2903218,0.0800937,-0.1323883,0.8531028,0.1255721,-0.9471074,-0.6167979,0.5475937,-0.8150441,0.3759109,1.0614607,-0.1312677,-0.2575091,1.4697574,0.0405799,0.2649301,1.1479304,-0.022322,-0.2336367,1.5404627,0.0094636,0.4132734,1.47707,-0.2255954,-0.2273058,1.7440588,-0.3114734
Thailand,22,41.81818,0.0,13.51351,93.54839,43.47826,6.25,0.0,70.96774,0.160324,-1.4056784,-1.04089,0.2198112,-1.4721635,-1.0298275,0.2236215,-1.4724361,-1.0037351,0.2185471,-1.4693966,-1.0081779,0.1669009,-1.4966584,-1.068254,0.1680141,-1.4957893,-1.0976999,0.1863422,-1.4584315,-1.0433971,0.3694474,-1.4661624,-0.7255632,-0.0107978,-1.3960599,-0.7398304,0.2643408,-1.3832793,-0.9032298,0.1680458,-1.3010946,-0.9745117,0.6379274,-1.1104599,-0.3189775,-0.3252175,-1.3275234,-0.1601206,0.9674539,-0.6285373,-0.289033,-0.641736,-0.5816993,-0.2633713,1.189701,-0.1013903,-0.3372552,-1.0600327,-0.3604758,-0.6190479,1.2502007,-0.0214005,-0.3392151,-1.0921479,-0.3471982,-0.7431809,1.1430726,0.0097971,-0.440213,-1.0225629,-0.4309564,-0.8247973,1.1638956,-0.0034812,-0.3859931,-1.0498258,-0.361305,-0.6777762,0.3054142,-0.0123222,0.0523617,-0.3054142,0.0123222,-0.0523617,0.8336791,0.1076711,-1.0004383,-0.7876472,0.6263143,-0.4656767,1.1201213,1.0199227,-0.3247329,-0.7636728,1.6201243,0.3457484,1.0987926,1.1038333,-0.2326661,-0.7692593,1.705402,0.3130324,1.1896183,1.3215013,-0.3134852,-0.9408522,1.8402857,0.2091587
Thailand,23,43.63636,0.0,13.51351,94.62366,46.37681,6.25,0.0,70.96774,0.1980963,-1.6366521,-1.5339981,0.2377896,-1.7101052,-1.5047937,0.2389139,-1.707008,-1.4715215,0.232797,-1.7075855,-1.4768951,0.1815277,-1.7241253,-1.5725222,0.1883564,-1.7257454,-1.6128492,0.1993254,-1.6832924,-1.5439078,0.3063966,-1.6639762,-1.1550667,-0.0972403,-1.5445619,-1.279528,0.2717472,-1.5896137,-1.371882,0.1662093,-1.4946591,-1.4926256,0.5798586,-1.1781723,-0.7457551,-0.3939921,-1.3976334,-0.6870053,1.0109692,-0.6280735,-0.7149306,-0.6934378,-0.507966,-0.8488522,1.5902553,-0.1570984,-0.7101579,-1.2412417,-0.1087246,-1.1240163,1.7436299,-0.1175073,-0.6648603,-1.3217671,-0.0593304,-1.2278195,1.7419151,-0.1381786,-0.7985586,-1.2749213,-0.1362544,-1.3468202,1.6264697,-0.0799987,-0.7805515,-1.2574236,-0.1028548,-1.2098491,0.3093115,0.0223922,0.0948231,-0.3093115,-0.0223922,-0.0948231,0.3913852,0.9606171,-0.4784605,-0.3993965,0.823591,-0.4187272,0.1930631,1.850006,0.2696143,-0.5208481,1.9743849,0.2360487,0.1162617,1.9263074,0.3611406,-0.5353291,2.0697766,0.1781213,0.1141265,2.1593396,0.2381489,-0.6504245,2.2037625,-0.058964
Thailand,24,61.81818,5.12821,29.72973,32.25806,69.56522,87.5,0.0,80.64516,-1.1148615,-0.8132234,-1.7280974,-1.0204983,-0.9322928,-1.7671592,-1.0150941,-0.9264048,-1.725339,-1.019115,-0.929299,-1.731834,-1.0940123,-0.9880064,-1.7441409,-1.081817,-0.9922923,-1.7994029,-1.0558295,-0.9717448,-1.7207399,-0.6257517,-0.9816282,-1.6502307,-0.9177127,-0.9305685,-1.3987677,-0.9570346,-0.8098438,-1.6507938,-0.9866938,-0.7620394,-1.6682533,-0.2855079,-0.5651835,-1.3025947,-0.9905162,-0.9067951,-0.6810925,-0.6439395,0.0499725,-1.349231,-0.9413787,-0.0651278,-0.6328215,-1.1198377,0.654977,-1.1529857,-1.2450962,0.6573554,-0.7203116,-1.246524,0.8050211,-1.1737168,-1.2953773,0.7039539,-0.8315101,-1.3655426,0.7889047,-1.1871502,-1.2570849,0.6505045,-0.8893233,-1.1449709,0.7176306,-1.1501903,-1.2443897,0.6765139,-0.7818682,0.2693932,0.0426859,-0.0684786,-0.2693932,-0.0426859,0.0684786,1.250229,0.886874,0.1865794,-0.5550118,0.5433106,-0.0569445,1.9480324,0.8387919,0.9848989,-0.405622,0.9472006,0.7782025,1.97711,0.8942732,1.0750964,-0.4209827,0.9869233,0.7538633,2.0108357,1.1742622,1.075901,-0.5409966,1.1289868,0.7798342
Thailand,25,45.45455,8.97436,83.78378,80.64516,23.18841,46.875,0.0,69.35484,0.6822093,-2.6570859,-0.9249348,0.6241516,-2.7646222,-0.8823088,0.6308582,-2.760925,-0.8464135,0.6255527,-2.7680457,-0.8658598,0.6421381,-2.7896606,-1.0769054,0.6555326,-2.7853147,-1.139758,0.6867768,-2.7439053,-1.0427997,0.230426,-2.7263588,-0.6188909,0.2274143,-2.4312131,-1.2173307,0.5968122,-2.6257452,-0.7435567,0.6047844,-2.4465036,-1.0537355,0.1400721,-2.0601624,0.0594484,0.0802138,-2.1632683,-0.9196426,0.6541565,-1.1904351,0.1129431,0.6528665,-1.0427831,-1.1594651,1.2184999,-0.442555,0.2603729,1.1329308,-0.35792,-0.9658401,1.2813767,-0.3766352,0.3664651,1.3350567,-0.2881187,-1.1804381,1.2934418,-0.3625892,0.3021893,1.4692174,-0.4835129,-1.1122188,1.2933794,-0.3216986,0.2344568,1.1947024,-0.3967593,-0.9617502,0.1279084,-0.0146301,0.4831412,-0.1279084,0.0146301,-0.4831412,1.0794254,1.0231956,0.8635519,-0.9517972,1.4051524,-0.7079779,0.9304478,2.4804991,1.4931701,-2.686615,2.1876233,-0.1525283,0.8128378,2.6442813,1.6016618,-2.9020082,2.213419,-0.2439383,1.232001,2.7777903,1.7085827,-2.8841147,2.4110577,-0.3222641
Thailand,26,50.90909,43.58974,81.08108,80.64516,39.13043,51.5625,0.0,70.96774,0.661641,-2.8891641,-0.7422209,0.6366697,-3.0398892,-0.741243,0.6440994,-3.0344152,-0.6938957,0.6404777,-3.040951,-0.7150369,0.6811118,-3.0817675,-0.9198254,0.6890711,-3.0713944,-0.978585,0.7292572,-3.0245455,-0.8764977,0.2195774,-3.0411902,-0.5318691,0.2750995,-2.7429764,-1.0691188,0.5565369,-2.8566998,-0.5919716,0.5845293,-2.6668746,-0.8817567,-0.0463494,-2.2193017,0.2348752,0.1617684,-2.4650634,-0.7118497,0.3602438,-1.3556203,0.4747971,0.9304497,-1.3584977,-0.8518079,0.8805599,-0.5224126,0.845203,1.6061069,-0.679755,-0.5542862,0.8727209,-0.4158776,1.033178,1.8504983,-0.6294836,-0.7584103,0.9262714,-0.3425638,0.9629524,1.9832854,-0.7957713,-0.6542457,0.9755609,-0.3613555,0.8254814,1.6644324,-0.7104595,-0.5315836,0.0809446,-0.0128604,0.4646378,-0.0809446,0.0128604,-0.4646378,1.1772751,0.9663714,0.813013,-1.0205189,1.3896453,-0.73576,1.3562544,2.371191,1.2907202,-2.6077667,0.8689002,0.088909,1.257283,2.5293086,1.3778897,-2.8226389,0.7368622,-0.007135,1.6094947,2.6646326,1.595634,-3.2223843,0.6582782,0.2638777
Thailand,27,65.45455,47.4359,68.91892,11.82796,52.17391,81.25,0.0,80.64516,0.1410189,-1.8115279,-0.8638842,0.1680602,-1.8768581,-0.8621027,0.1736892,-1.8807353,-0.8324304,0.1671566,-1.8802853,-0.8474436,0.1261968,-1.9125857,-0.9342773,0.1333997,-1.9071845,-0.9728662,0.1524145,-1.8696637,-0.9110891,0.1967101,-1.8621942,-0.633507,-0.0787478,-1.7164813,-0.7429445,0.2018037,-1.7884787,-0.7315707,0.1407899,-1.6773679,-0.8524665,0.4646695,-1.46069,-0.2881966,-0.4989213,-1.6234305,-0.0760452,0.8298165,-1.0108596,-0.4526652,-1.0813461,-1.0003464,-0.08154,0.3251412,-0.8185186,-0.6040073,-0.8601428,-0.5672524,-0.2379158,0.1162493,-0.7781262,-0.624477,-0.6496851,-0.4844082,-0.3607251,-0.0017454,-0.8688806,-0.6271207,-0.4922463,-0.6532283,-0.3787258,0.2685773,-0.7914419,-0.5973648,-0.7687222,-0.6008437,-0.2654646,0.3047934,-0.0341422,0.0602505,-0.3047934,0.0341422,-0.0602505,1.2372278,0.8250211,-0.3934475,-0.9279224,0.765095,-0.2641714,1.914092,1.7157705,0.1457535,-0.9640741,1.9860801,0.3933647,1.9201549,1.7993278,0.2184647,-0.9725472,2.0875033,0.3286806,2.0875576,1.9128286,0.1840054,-1.2334597,2.1781811,0.2570683
Thailand,28,69.09091,83.33333,47.2973,7.52688,75.36232,87.5,0.0,82.25806,-0.0151971,-1.3159418,-1.6844131,0.0265516,-1.3936211,-1.6993904,0.0309849,-1.3843511,-1.6637489,0.0224249,-1.3870989,-1.6779062,-0.0306257,-1.4052704,-1.750488,-0.0252803,-1.4026604,-1.7972008,-0.0165866,-1.3626003,-1.7248083,0.1689046,-1.4496436,-1.4477224,-0.2247204,-1.3250283,-1.4623908,0.0953802,-1.3130815,-1.5399177,-0.0018392,-1.2108483,-1.6317951,0.5635332,-1.2030443,-0.9431841,-0.4291562,-1.2931314,-0.8628586,1.037046,-0.9321448,-1.3075107,-0.8575645,-0.6442904,-0.8839952,0.5468892,-0.8230233,-1.4882882,-1.3880514,-0.0683664,-0.8364727,0.3768057,-0.8275558,-1.5006864,-1.4280319,0.0427386,-0.93402,0.2113107,-0.9134069,-1.5474298,-1.3232245,0.0231142,-1.0070559,0.45619,-0.7892365,-1.5076698,-1.3824147,-0.0225247,-0.8961512,0.2909947,-0.0285243,0.0568787,-0.2909947,0.0285243,-0.0568787,1.3163882,0.7646535,-0.1237105,-0.7737182,0.7249528,0.0819732,2.0415004,1.5685336,0.0913849,-0.8679686,1.793009,0.6985648,2.0690714,1.6360101,0.1135019,-0.8907226,1.8808441,0.6391789,2.2594206,1.6519215,0.022689,-1.1887545,1.9335956,0.588445
Thailand,29,72.72727,58.97436,79.72973,5.37634,53.62319,90.625,0.0,85.48387,-0.2219116,-1.4239976,-1.2747747,-0.1596637,-1.4878266,-1.2961349,-0.1580811,-1.4901017,-1.268303,-0.1675824,-1.4936668,-1.2780396,-0.2277505,-1.5158686,-1.3206139,-0.215172,-1.5156929,-1.3623711,-0.1968864,-1.4786689,-1.2971186,0.0443348,-1.5186708,-1.1136748,-0.289546,-1.3610839,-1.020012,-0.0962141,-1.4192058,-1.1684358,-0.1690841,-1.318177,-1.2302938,0.4101042,-1.1883456,-0.6879055,-0.5109567,-1.4967379,-0.4501219,0.728753,-0.7857559,-0.9369974,-1.0200522,-1.6636536,-0.6605851,0.3666285,-0.7204702,-1.0823171,-1.079577,-2.220036,-0.8723871,0.1894987,-0.7145509,-1.0788217,-0.9785257,-2.3771643,-1.0261728,0.1129655,-0.8030715,-1.1167508,-0.8838862,-2.5570829,-1.0081676,0.3216554,-0.6993062,-1.0905606,-1.0433796,-2.3036179,-0.8920047,0.2670185,-0.0383299,0.0365517,-0.2670185,0.0383299,-0.0365517,1.0814177,0.7776176,-0.3754175,-0.8029311,0.7575411,-0.3622043,1.6970904,1.6999733,0.0432691,-0.8227589,1.9872916,0.0898674,1.7019128,1.7900738,0.1049386,-0.8388707,2.0920373,0.0128728,1.8999364,1.9262916,0.0639872,-1.1164209,2.2039114,-0.0813416
Thailand,30,69.09091,75.64103,75.67568,19.35484,57.97101,84.375,0.0,83.87097,0.2258249,-2.0308272,-1.1621398,0.2275694,-2.1008701,-1.1368869,0.2377503,-2.0967251,-1.0992213,0.2243108,-2.0947846,-1.11899,0.1684485,-2.1254469,-1.2127887,0.1707977,-2.114174,-1.260904,0.1826429,-2.0799302,-1.1815741,0.3006788,-2.0998837,-0.794546,-0.1391587,-1.8887939,-0.9073466,0.3301199,-2.013007,-0.9855297,0.2029869,-1.8750188,-1.1225414,0.5965294,-1.8067324,-0.3116586,-0.3981921,-1.7133577,-0.3542064,1.0908273,-2.2493414,-0.3230731,-0.8098487,-0.9572127,-0.586106,0.5220676,-2.0639632,0.2441291,-0.1324326,-0.8540927,-0.7283639,0.2717863,-1.9772053,0.3422695,0.2261843,-0.8594677,-0.8723569,0.1512743,-1.9303456,0.4032279,0.3754305,-1.0551166,-0.8108809,0.4625795,-1.9389622,0.2741854,-0.0321664,-0.9274397,-0.71856,0.3141848,-0.0110869,0.1685695,-0.3141848,0.0110869,-0.1685695,1.4799526,0.8227606,-0.3076305,-1.145059,0.6202825,-0.6039546,1.2233841,1.9225656,0.4468735,-1.9489472,1.7364329,0.0152244,1.1402584,2.0142222,0.5568353,-2.0297483,1.8221454,-0.051254,1.5295887,2.268361,0.6479873,-2.2502109,1.9502967,-0.1596512
Vietnam,01,52.72727,21.79487,10.81081,11.82796,59.42029,85.9375,0.0,87.09677,-0.2144796,-1.721395,-0.8829459,-0.1093084,-1.7785431,-0.8655093,-0.1115888,-1.787978,-0.8365359,-0.1164489,-1.7884801,-0.8398572,-0.2033261,-1.8033597,-0.8550711,-0.1942641,-1.811502,-0.9064354,-0.1829931,-1.7716314,-0.8440984,0.2332394,-1.7071508,-0.6595181,-0.24703,-1.5984097,-0.4503449,-0.0437227,-1.6667907,-0.7912826,-0.1680193,-1.5751279,-0.8092706,0.5302748,-1.1385937,-0.4137988,-0.3528316,-1.4946594,-0.1082823,0.3249742,-0.7240231,-0.8117068,-0.9214049,-1.5700764,-0.4937051,0.0197531,-0.7097948,-1.0399031,-1.4287239,-2.1512349,-0.9788252,-0.0887065,-0.6951274,-1.0723558,-1.4833507,-2.3128053,-1.1799742,-0.1382438,-0.7958844,-1.0960381,-1.3635659,-2.4480999,-1.1940746,-0.0106338,-0.6986654,-1.0528587,-1.4187057,-2.2153307,-1.0269609,0.3019843,-0.0016366,0.0703498,-0.3019843,0.0016366,-0.0703498,0.429937,1.0218271,-0.0536131,-0.1764469,0.8685426,-0.0940072,0.5732007,1.6877293,0.5322141,-0.0913087,1.6789707,0.5869609,0.5338152,1.7553967,0.6101164,-0.0688073,1.7334052,0.5290589,0.609329,1.8591384,0.538805,-0.0446829,1.8388473,0.4198515
Vietnam,02,45.45455,8.97436,8.10811,66.66667,63.76812,43.75,0.0,77.41935,-0.253507,-1.0875188,-1.8439312,-0.1707586,-1.1812516,-1.8413217,-0.1703053,-1.1751932,-1.807937,-0.1760744,-1.1796067,-1.8140752,-0.2673667,-1.2083729,-1.8707981,-0.2593828,-1.2127964,-1.9163747,-0.2347091,-1.1805749,-1.8469955,0.0711973,-1.2621857,-1.5013791,-0.3906786,-1.1486948,-1.4673763,-0.1436308,-1.1098212,-1.6714734,-0.2316435,-1.0326529,-1.7456824,0.3076767,-1.0420518,-0.9209306,-0.6740856,-1.1828605,-0.7931974,0.689798,-0.6974404,-0.9068116,-0.8945286,-0.5580552,-0.9720014,1.1280536,-0.2909537,-0.8353218,-1.3417799,-0.1408201,-1.2565914,1.2092512,-0.2037458,-0.8017737,-1.4107269,-0.1002232,-1.3769482,1.1675412,-0.1352452,-0.9135194,-1.3851059,-0.1771711,-1.4544725,1.1622964,-0.1944249,-0.8707774,-1.3493872,-0.1298551,-1.3216492,0.2675366,-0.0654181,0.0693242,-0.2675366,0.0654181,-0.0693242,1.2596631,0.5982308,-0.111169,-0.2671826,0.8140008,-0.1898007,2.1542778,0.960909,0.0734443,0.0866991,1.207329,0.8158931,2.1885363,1.0258101,0.1109967,0.1131648,1.22331,0.8094777,2.3499497,1.1005248,0.0292795,0.1595255,1.3817518,0.8793282
Vietnam,03,20.0,2.5641,33.78378,93.54839,5.7971,23.4375,0.0,61.29032,-0.1860395,-0.7518916,-1.7016609,-0.1546581,-0.8130266,-1.7659713,-0.1523713,-0.8117729,-1.7274312,-0.1602764,-0.8108129,-1.7312913,-0.2247129,-0.8266931,-1.7822456,-0.2156746,-0.8207205,-1.8331599,-0.2070314,-0.7758256,-1.7569541,0.1220214,-1.0539051,-1.4896446,-0.3586747,-0.8270802,-1.4841903,-0.0239583,-0.8368398,-1.5499718,-0.1545487,-0.7222187,-1.6239534,0.5229206,-1.0294889,-0.9487331,-0.4387945,-1.2630501,-0.8053689,0.552559,-0.6645048,-0.9503817,-0.4838312,-0.8423836,-1.0325889,0.2358766,-0.5636963,-0.8935186,-0.18304,-0.6869657,-1.3365434,0.103373,-0.6216089,-0.8551216,-0.0173945,-0.6876959,-1.5052892,0.0626409,-0.6731711,-0.872658,0.0938778,-0.8221572,-1.4775018,0.2172321,-0.5306363,-0.8764499,-0.1309148,-0.7304131,-1.3546799,0.3041931,0.0054213,0.107624,-0.3041931,-0.0054213,-0.107624,0.4016021,1.0612216,-0.2030841,-0.2834095,0.818536,-0.1613111,0.3055809,1.1122673,0.9646703,-0.2099946,1.0930898,1.08006,0.2347103,1.1014869,1.1168566,-0.200311,1.1046591,1.0937167,0.2100195,1.285293,1.2175942,-0.11321,1.2361667,1.0946819
Vietnam,04,52.72727,47.4359,13.51351,7.52688,57.97101,87.5,11.32075,79.03226,0.010364,-2.4952499,-1.2846943,0.0202337,-2.6291459,-1.2394297,0.0331472,-2.625747,-1.1825972,0.028303,-2.6239144,-1.2037717,-0.0796928,-2.6631783,-1.3547184,-0.0699315,-2.651502,-1.4166483,-0.0459277,-2.601865,-1.3164084,0.0754277,-2.7726754,-0.6595373,-0.5204595,-2.4904675,-0.9119466,0.0759923,-2.5288693,-0.9927951,-0.066884,-2.3438644,-1.1940627,0.1376716,-2.3374223,0.3095374,-0.5322726,-2.3030376,-0.4320773,0.3688055,-1.5768026,0.4950951,-0.3934662,-0.8519611,-0.7775171,0.5947114,-0.7127235,0.3989635,0.2211159,-0.271232,-0.9039815,0.6144598,-0.5649546,0.4267927,0.5058832,-0.2230188,-1.1608278,0.5920623,-0.4906545,0.3858166,0.701376,-0.4893674,-1.1291787,0.642023,-0.5765272,0.3809926,0.3109404,-0.3472484,-0.9264018,0.1741894,0.013789,0.3789212,-0.1741894,-0.013789,-0.3789212,-0.236806,1.8610324,0.1353682,0.3765014,1.5026937,-0.1676291,-1.0945809,3.2169636,0.2872456,0.2327143,3.2856884,0.3558857,-1.2866301,3.3815919,0.3396308,0.2423674,3.4485074,0.2286029,-1.1099301,3.7170228,0.2150924,0.6349036,3.5388268,-0.0426299
Vietnam,05,43.63636,25.64103,5.40541,78.49462,63.76812,34.375,9.43396,75.80645,-0.1729077,-1.3844656,-0.9506573,-0.1109354,-1.4662615,-0.9238782,-0.1058042,-1.4680094,-0.8917637,-0.1085587,-1.4697847,-0.8969033,-0.187855,-1.486269,-0.9512239,-0.1885298,-1.4892451,-0.9860718,-0.1746329,-1.4433258,-0.9272237,0.1548836,-1.5750435,-0.5375434,-0.3798954,-1.455538,-0.4854451,-0.0306375,-1.3906008,-0.7756274,-0.1747835,-1.2989888,-0.8263417,0.4358875,-1.2813715,-0.1945614,-0.4773692,-1.4587333,0.1721877,0.9552908,-0.9768633,-0.3308932,-0.9132458,-0.9276899,0.1641444,1.4251144,-0.6834859,-0.3808968,-1.5474059,-0.7252652,-0.0034288,1.5592831,-0.6627589,-0.3704768,-1.6343393,-0.714227,-0.0771137,1.5331502,-0.6583306,-0.4540129,-1.6001843,-0.7998787,-0.1802157,1.4637749,-0.6223195,-0.4326726,-1.5795557,-0.7304518,-0.0760236,0.2294767,0.015293,-0.0768864,-0.2294767,-0.015293,0.0768864,0.0900818,1.0640933,-0.3794857,0.0806227,0.7910703,0.1330442,0.0736125,2.0974705,-0.2474947,0.5891922,1.6004511,0.7949235,-0.008156,2.2051012,-0.2284469,0.6284119,1.6649278,0.7519596,-0.2577987,2.3108752,-0.4040491,0.5409341,1.8082933,0.7632155
Vietnam,06,23.63636,12.82051,54.05405,16.12903,20.28986,62.5,0.0,72.58065,0.1432106,-2.1373021,-1.4006127,0.2053649,-2.24403,-1.3197631,0.2220227,-2.2446045,-1.2848836,0.2118003,-2.2430361,-1.2795767,0.0954466,-2.2798352,-1.4265925,0.1014974,-2.2744906,-1.4816951,0.113999,-2.2384797,-1.3866132,0.3448512,-2.1918642,-0.7194975,-0.3225568,-2.060886,-0.9663986,0.2270293,-2.0965686,-1.1679016,0.0624869,-1.9685642,-1.3464353,0.3902404,-1.6651501,-0.1211547,-0.5385853,-1.729522,-0.4860371,0.7195853,-0.8392221,-0.2906342,-0.2179361,-0.6586082,-1.0187399,0.2598669,-0.4524465,-0.4907764,-0.0191764,-1.1824184,-1.4065325,0.080162,-0.3721374,-0.4726473,0.1443857,-1.3761296,-1.625968,-0.0353889,-0.5075173,-0.5013114,0.1294157,-1.7114601,-1.6213038,0.2051281,-0.4281708,-0.4937586,-0.0355805,-1.3326115,-1.441508,0.2302647,-0.1361472,0.3253333,-0.2302647,0.1361472,-0.3253333,1.249174,-0.0348404,-0.3216172,1.0188943,0.1476849,-0.7672376,2.1312064,0.5150877,-0.1083892,1.6628297,0.65922,-0.0780904,2.1465139,0.5698533,-0.0486012,1.7342386,0.6656291,-0.1446341,2.4938785,0.3153033,0.0487835,2.1150941,0.4296011,-0.0869613
Vietnam,07,47.27273,17.94872,2.7027,92.47312,72.46377,12.5,0.0,83.87097,1.3421718,-1.7711177,-3.5100927,1.3372396,-2.0002028,-3.5506284,1.3193503,-1.9917817,-3.4698103,1.3235799,-2.0098788,-3.4935667,1.1670644,-2.0337013,-3.6097311,1.1741955,-2.0082786,-3.6971829,1.126388,-1.9681439,-3.542093,1.6821866,-1.7982637,-2.9939499,0.5055783,-1.8149077,-2.9210688,1.5622086,-1.4891564,-3.1956895,1.1736695,-1.4258734,-3.3588163,2.2169034,-0.9312708,-1.8302735,1.232421,-1.013658,-1.9852142,3.3517606,-0.3062901,-2.2118171,1.4485529,0.2594842,-2.6690013,3.9010852,-0.0335364,-2.453066,1.6428099,0.332241,-3.0676037,4.161923,-0.0982089,-2.4982367,1.7126661,0.4096099,-3.429033,4.0762298,-0.2018281,-2.6067108,1.9331861,0.3383469,-3.4401728,3.857917,0.041947,-2.5225804,1.6763239,0.2925159,-3.1510609,0.164371,0.1875218,0.2270309,-0.164371,-0.1875218,-0.2270309,-0.8917099,-0.3301857,0.0061803,-1.3124466,-0.3373567,-0.6116567,-1.9437449,-1.951904,0.1784219,-2.4362747,-2.0934752,-0.2657891,-2.1012328,-2.2768623,0.247046,-2.5241012,-2.3272489,-0.4092672,-2.3971317,-2.7992397,0.0813854,-2.2876628,-2.7748157,-0.4908878
Vietnam,08,49.09091,21.79487,0.0,95.69892,84.05797,7.8125,0.0,90.32258,-0.0883002,-1.6534689,-1.2373702,0.0118104,-1.7282504,-1.1547475,0.0129452,-1.7239583,-1.1281214,0.009215,-1.7317909,-1.1320206,-0.0935271,-1.7519384,-1.190502,-0.0887336,-1.7585881,-1.2317499,-0.0760252,-1.7190983,-1.1702845,0.3181132,-1.6370529,-0.7500185,-0.2841959,-1.5411679,-0.6983301,0.0612315,-1.5873059,-1.0731929,-0.0974559,-1.5059207,-1.1330409,0.5282243,-1.0599399,-0.4124251,-0.428864,-1.2764813,-0.2198326,0.9356017,-0.6737692,-0.5556916,-0.9084007,-0.6423098,-0.4582245,1.5634454,-0.5714401,-0.6417961,-1.6555839,-0.6608014,-0.7645399,1.7206473,-0.5849973,-0.6306852,-1.7879897,-0.7044201,-0.8594399,1.752311,-0.6421506,-0.7216872,-1.7870331,-0.8499956,-0.9665996,1.6209339,-0.5453323,-0.6986296,-1.7064391,-0.7018108,-0.8409324,0.2944223,0.0209055,0.0479366,-0.2944223,-0.0209055,-0.0479366,0.2086479,1.2397338,-0.0376811,-0.290502,0.911912,-0.2131515,0.1833733,2.0228613,0.4946592,-0.2366712,1.9063943,0.3175032,0.1080488,2.1079255,0.5565598,-0.2403978,1.9813814,0.2553347,0.0321178,2.2393903,0.4393666,-0.3141229,2.0526388,0.1508479
Vietnam,09,21.81818,8.97436,89.18919,91.39785,2.89855,21.875,0.0,77.41935,0.0226742,-1.7313191,-0.7244433,0.0903764,-1.7847298,-0.6885835,0.0943236,-1.7851904,-0.6555388,0.0877191,-1.7852903,-0.6660651,0.0075426,-1.8208264,-0.7128183,0.0109359,-1.816611,-0.7502737,0.0198205,-1.7816038,-0.6922566,0.3335412,-1.73525,-0.3669774,-0.1554102,-1.6372357,-0.3144424,0.1460378,-1.6851423,-0.5858381,0.0092851,-1.5978267,-0.6437131,0.620493,-1.2629068,-0.0675508,-0.33885,-1.4644242,0.1300644,0.8432122,-0.9168633,-0.2686647,-0.5781909,-0.8469357,-0.2070022,0.3924922,-0.9670471,-0.3328357,-0.1261523,-0.9637532,-0.5344207,0.2061263,-1.0064127,-0.3243602,0.0988744,-1.0085254,-0.6707621,0.1506782,-1.0820215,-0.3038243,0.2157395,-1.2069744,-0.6260484,0.352759,-0.959472,-0.3162043,-0.0588635,-1.0386077,-0.5317405,0.2543779,0.0225743,0.0127801,-0.2543779,-0.0225743,-0.0127801,0.1291551,1.1580471,-0.1756725,-0.1816057,0.91664,-0.079209,0.2131687,2.0518891,0.2487127,0.0111309,1.8273706,0.5257948,0.1535458,2.1404837,0.3036305,0.0288405,1.8977683,0.4730747,0.059476,2.2745528,0.1535209,-0.118778,1.966902,0.3540217
Vietnam,10,27.27273,8.97436,56.75676,20.43011,20.28986,57.8125,0.0,69.35484,-0.081568,-1.3189137,-1.2022974,-0.0214573,-1.4043034,-1.1617968,-0.0108016,-1.3992031,-1.1290689,-0.0156712,-1.4036881,-1.1359599,-0.1183473,-1.4349507,-1.2035174,-0.1128633,-1.4258763,-1.2412271,-0.1057262,-1.4012255,-1.1756206,0.2075492,-1.4255443,-0.7141708,-0.3284801,-1.3144826,-0.7666886,0.0166593,-1.3066426,-1.0281283,-0.1194142,-1.2242548,-1.1075752,0.4457579,-1.120412,-0.3170189,-0.5527365,-1.136185,-0.2644823,0.7306041,-0.6564324,-0.2951932,-0.6340404,-0.3400353,-0.4890293,0.6382607,-0.160106,-0.3139905,-0.1314035,-0.0361579,-0.8352536,0.5956201,-0.0508685,-0.3278307,0.0839663,0.023147,-1.0099217,0.4791766,-0.0592654,-0.3394724,0.2366004,-0.1668561,-1.0098747,0.6062613,-0.0994549,-0.3112528,-0.038619,-0.0887047,-0.8687347,0.2812887,-0.0340803,0.1309666,-0.2812887,0.0340803,-0.1309666,0.4681509,0.7326064,-0.3344461,0.0649898,0.1913931,-0.8413497,-0.252967,0.7691409,0.2797968,0.8608256,0.7265604,-0.6537076,-0.4037051,0.7646234,0.3665027,0.9414991,0.7444933,-0.722119,-0.5140392,0.844352,0.3197971,1.141447,0.7081324,-0.8851217
Vietnam,11,30.90909,12.82051,2.7027,91.39785,43.47826,12.5,0.0,85.48387,-0.0717145,-1.5565786,-1.3779279,0.0275796,-1.6273976,-1.3135566,0.0275819,-1.6227505,-1.285862,0.0237601,-1.6289146,-1.288641,-0.0727701,-1.6499778,-1.3445207,-0.068385,-1.6582086,-1.3881421,-0.0560322,-1.6185488,-1.3253961,0.2962423,-1.5363222,-0.9359429,-0.2570543,-1.4608011,-0.8925817,0.0583594,-1.492798,-1.2223887,-0.0831812,-1.4210191,-1.2840656,0.5106775,-1.0193926,-0.610329,-0.4355426,-1.2342827,-0.3684826,0.8532562,-0.609075,-0.8531074,-0.7937745,-0.5519081,-0.6128253,1.1986458,-0.4325435,-1.0869578,-1.4439815,-0.5167863,-1.0120655,1.2681552,-0.422788,-1.1204455,-1.560169,-0.5616178,-1.1364133,1.2597282,-0.4760224,-1.2031798,-1.5449685,-0.6868501,-1.2308623,1.2219663,-0.3999088,-1.1404912,-1.4846579,-0.5492394,-1.0871736,0.2678436,0.0109314,0.0102272,-0.2678436,-0.0109314,-0.0102272,0.4008774,1.0222789,0.0367304,-0.0995296,0.852983,0.1542975,0.6340976,1.6704592,0.6419601,-0.0942092,1.7307943,0.7820112,0.6063605,1.7445627,0.7116775,-0.0998377,1.7994346,0.7270296,0.616604,1.8834425,0.6358054,-0.2202411,1.8679588,0.6227855
Vietnam,12,72.72727,74.35897,54.05405,32.25806,57.97101,82.8125,86.79245,90.32258,-0.0369203,-1.8701096,-0.7741241,0.03589,-1.9353785,-0.743998,0.0444258,-1.9391621,-0.7042198,0.0341196,-1.9356816,-0.7105571,-0.0489025,-1.9747947,-0.7602164,-0.0455836,-1.9693188,-0.799046,-0.0346567,-1.9391243,-0.7340718,0.297475,-1.8612187,-0.4122834,-0.1835621,-1.7639432,-0.3342691,0.0873525,-1.8264883,-0.6367304,-0.0417176,-1.7250091,-0.6915086,0.3945519,-1.2891554,-0.2953584,-0.3814718,-1.541679,0.2825855,0.0136598,-0.8745684,-0.4062633,-0.7089824,-0.9112244,-0.2531249,-0.2926393,-1.2428774,-0.1796249,-0.4156857,-1.1804209,-0.866734,-0.4303623,-1.3838452,-0.1266404,-0.2476236,-1.2644717,-1.0302341,-0.3500172,-1.4413128,-0.1291984,-0.1478496,-1.4445143,-0.9710957,-0.2545139,-1.2458877,-0.1633807,-0.3718186,-1.2557128,-0.8727091,0.1802646,-0.0412123,-0.1348223,-0.1802646,0.0412123,0.1348223,-0.6908305,0.5611611,-0.6884266,-0.2291203,1.0865546,0.0037041,0.1335662,1.0325089,-0.0940101,0.1201617,2.3479204,0.1866298,0.1578088,1.0686367,-0.0044882,0.1456963,2.4518458,0.0783513,0.0653573,1.2364329,0.1080849,-0.192689,2.467749,0.0398235
Vietnam,13,54.54545,17.94872,77.02703,32.25806,37.68116,79.6875,0.0,93.54839,-0.4497847,-1.9692696,-0.7927636,-0.3634185,-2.0308356,-0.8072487,-0.3617351,-2.0355715,-0.7612224,-0.3700061,-2.034943,-0.766966,-0.4300024,-2.0851231,-0.7910176,-0.4296682,-2.0792345,-0.8305519,-0.4099013,-2.0465304,-0.7615159,-0.0383245,-2.00421,-0.5815132,-0.4139195,-1.8825089,-0.3694274,-0.2924295,-1.942134,-0.6720978,-0.3814926,-1.8396962,-0.6914235,0.0368386,-1.4320095,-0.4260077,-0.3761913,-1.7343091,0.4330739,-0.5050141,-0.9339303,-0.2995484,-0.4347931,-0.9705373,0.218128,-0.9234915,-1.200228,0.3575144,-0.6457137,-1.0004836,-0.3708444,-1.1120754,-1.2963599,0.4615667,-0.6166518,-1.0749414,-0.5592392,-1.0133966,-1.3685704,0.4513413,-0.5770905,-1.2253587,-0.5475129,-0.8684065,-1.2037723,0.3959194,-0.6473036,-1.0707799,-0.4084575,0.1826022,0.0188709,-0.1507195,-0.1826022,-0.0188709,0.1507195,0.6751709,1.1915577,-0.1611371,-0.6281981,0.8758067,0.1118845,1.4768394,2.0411702,0.3576231,-0.3808739,1.9776309,0.8157853,1.4678946,2.1503313,0.4252598,-0.3754828,2.0684662,0.7514524,1.2784618,2.3116283,0.3823381,-0.7357887,2.1777896,0.7907712
Vietnam,14,47.27273,8.97436,51.35135,3.22581,52.17391,84.375,0.0,83.87097,0.1544934,-1.9667839,-0.8455542,0.1900122,-2.0313743,-0.8032879,0.1974574,-2.0336804,-0.7679951,0.1908019,-2.0323848,-0.7797845,0.1139631,-2.0519508,-0.8800804,0.1188256,-2.0513005,-0.9217349,0.1294433,-2.0130509,-0.8544915,0.2906669,-2.0035046,-0.4264455,-0.1720323,-1.8556176,-0.5400345,0.2327654,-1.9235552,-0.66919,0.1019278,-1.8208187,-0.7871747,0.5374982,-1.5600939,-0.1157618,-0.4474318,-1.6812416,0.0076725,1.0438947,-1.4618047,-0.3908017,-0.7818162,-0.9241797,-0.1525335,1.307069,-1.6037841,-0.8179455,-0.673239,-0.5204067,-0.4611348,1.3480608,-1.6588497,-0.9383034,-0.5451998,-0.4204025,-0.6263959,1.2440141,-1.7304255,-0.9681163,-0.3901483,-0.5569697,-0.6780485,1.295733,-1.5774194,-0.8580928,-0.5987178,-0.5398483,-0.5084771,0.2780975,-0.0019304,0.0616859,-0.2780975,0.0019304,-0.0616859,0.0896234,1.2459172,0.0295155,-0.0200857,1.0755317,-0.1099498,-0.0875587,2.2604431,0.6809624,0.1025757,2.2807754,0.313516,-0.1802511,2.3572658,0.7596384,0.1162443,2.3806566,0.2372787,-0.2324255,2.5696561,0.6403068,0.037345,2.4945196,0.019792
Vietnam,15,18.18182,2.5641,97.2973,92.47312,0.0,28.125,0.0,93.54839,-0.1990079,-1.5316019,-1.4727884,-0.1664413,-1.6148394,-1.4594629,-0.1628819,-1.6149881,-1.4188743,-0.1712084,-1.610291,-1.4213779,-0.2477457,-1.6390699,-1.4902314,-0.245101,-1.6325314,-1.5351151,-0.2306549,-1.5940007,-1.4648457,0.0313645,-1.6308708,-1.0790212,-0.4638947,-1.4485749,-1.1201349,-0.080686,-1.5076153,-1.3078622,-0.2084617,-1.4010076,-1.3937287,0.319695,-1.1670962,-0.716371,-0.639997,-1.2837544,-0.4606717,0.2124923,-0.5044011,-0.7058551,-0.4705305,-0.4635888,-0.6167264,-0.3069286,-0.6041526,-0.556332,-0.0273995,-0.5049364,-0.8094681,-0.5115933,-0.6932441,-0.4853744,0.2007626,-0.5656541,-0.9184705,-0.4922548,-0.8105674,-0.4768049,0.2444261,-0.7863794,-0.8633859,-0.3063435,-0.6240366,-0.5302574,0.0130302,-0.5974755,-0.8129361,0.2807291,-0.0215156,0.0288073,-0.2807291,0.0215156,-0.0288073,0.2772832,0.8743756,-0.488639,-0.2375123,0.7311221,0.0329946,0.4265488,1.199481,0.4853891,-0.2727872,1.3657279,1.083978,0.3853933,1.2278204,0.6178848,-0.2853469,1.4142568,1.0793931,0.3164532,1.3885749,0.7171639,-0.4088621,1.4491916,1.1405343
Vietnam,16,45.45455,16.66667,2.7027,87.09677,75.36232,23.4375,0.0,87.09677,-0.0787092,-1.5644857,-1.4919618,0.01695,-1.6533209,-1.4061692,0.0181674,-1.6461605,-1.3808633,0.0117805,-1.6527908,-1.3856247,-0.0972544,-1.6686096,-1.4516376,-0.0901073,-1.6784883,-1.4943243,-0.0738433,-1.6399407,-1.4278221,0.3071547,-1.5460385,-0.9717549,-0.3135885,-1.4460562,-0.9676068,0.0676078,-1.499905,-1.3133016,-0.0895613,-1.4123336,-1.3939137,0.5162842,-0.9886222,-0.5447646,-0.4527253,-1.2269733,-0.4798845,0.9785853,-0.6825356,-0.6781194,-0.8370154,-0.6447864,-0.7643091,1.6146629,-0.4893881,-0.6870033,-1.2254418,-0.5630211,-1.1573401,1.7548635,-0.4528548,-0.6638966,-1.2514897,-0.5665442,-1.3014482,1.7906514,-0.4607933,-0.7754071,-1.1755824,-0.724744,-1.3977301,1.6711393,-0.4386857,-0.7436898,-1.2231523,-0.5962736,-1.2330028,0.2780705,-0.0165946,0.1104735,-0.2780705,0.0165946,-0.1104735,1.1898896,0.6891241,-0.3640408,-0.3903751,0.6860172,-0.2773356,1.6148069,1.7319732,-0.1839147,-0.2269902,1.4760662,0.5755389,1.6030308,1.8326693,-0.1431595,-0.2177559,1.5273658,0.5449667,1.9691988,1.7831913,-0.201031,-0.2063891,1.6335387,0.590009
Vietnam,17,50.90909,11.53846,70.27027,86.02151,56.52174,60.9375,0.0,83.87097,-0.2245333,-1.9547736,-0.3902298,-0.1578901,-2.0055304,-0.3788449,-0.1496327,-2.0191243,-0.3510667,-0.1559134,-2.0174881,-0.3560659,-0.2023755,-2.0428714,-0.3790156,-0.2002851,-2.0389205,-0.4114729,-0.18897,-1.9941592,-0.3531127,0.1671055,-1.9199439,-0.203785,-0.2440968,-1.8018805,0.0161938,-0.0510712,-1.8934703,-0.2886909,-0.1727815,-1.7909864,-0.3065955,0.4762382,-1.3791354,0.0782666,-0.3670309,-1.7521904,0.4652126,0.2501684,-1.0921688,-0.094813,-0.8475486,-1.9954532,0.5274232,-0.1095753,-1.0741185,0.0357276,-1.004074,-2.3893074,0.670636,-0.2278493,-1.1303986,0.0609291,-0.9220594,-2.5096718,0.5529257,-0.2628337,-1.1558328,0.0295257,-0.804192,-2.6189958,0.5567705,-0.1338379,-1.0398355,0.0324308,-0.9790375,-2.4585498,0.6387994,0.3144795,-0.0005696,0.025262,-0.3144795,0.0005696,-0.025262,0.4273686,1.233425,-0.0924774,-0.3820422,1.0932468,-0.2234039,0.5463383,2.2086441,0.4266512,-0.416717,2.3145032,0.1556465,0.4965708,2.3006643,0.4856184,-0.4328885,2.4188156,0.069595,0.6228064,2.3844272,0.328419,-0.6238432,2.4856043,-0.1773336
Vietnam,18,70.90909,21.79487,56.75676,7.52688,50.72464,87.5,79.24528,93.54839,0.3038428,-1.6137264,-0.9623889,0.3954249,-1.6540204,-0.94721,0.4002266,-1.6565563,-0.9229519,0.3926604,-1.6582741,-0.9247644,0.3157845,-1.7057052,-0.9786338,0.3227353,-1.7058248,-1.0189656,0.3309196,-1.6710448,-0.9573064,0.6327878,-1.5900955,-0.6318047,0.1518358,-1.609407,-0.5846387,0.4228027,-1.56464,-0.8199444,0.2917057,-1.5049561,-0.8868616,0.82157,-1.1418931,-0.1471264,-0.0889569,-1.5543226,-0.1180989,0.8597197,-0.5419315,-0.3011052,-0.4583419,-1.1924528,-0.4498445,0.5503241,-0.4133633,-0.5829849,-0.5234881,-1.8047427,-0.9574912,0.4272829,-0.4082999,-0.6136466,-0.4273711,-1.9851839,-1.1611561,0.3706146,-0.5119923,-0.655731,-0.3547347,-2.1866236,-1.1565566,0.5051157,-0.3988412,-0.602091,-0.5008382,-1.903618,-0.9908658,0.3080634,0.0182792,0.1604014,-0.3080634,-0.0182792,-0.1604014,0.8408425,0.9152841,-0.3371516,-0.2603479,0.8862944,-0.4509926,0.6993299,1.8742103,0.1199517,-0.4532721,1.9605428,0.0791129,0.6314778,1.9581857,0.1831842,-0.4608727,2.0473674,0.0090398,0.870722,2.0232881,0.029576,-0.4213567,2.0947944,-0.24979
Vietnam,19,45.45455,17.94872,91.89189,78.49462,24.63768,75.0,0.0,96.77419,0.9591984,-1.755493,-0.7981681,1.0236313,-1.813711,-0.7581214,1.037462,-1.8074737,-0.7229504,1.027403,-1.807651,-0.7308755,0.990906,-1.8795964,-0.8950267,0.9977266,-1.8703677,-0.9451606,1.0115535,-1.8249247,-0.8683531,0.9786966,-1.8937494,-0.3615607,0.5739708,-1.8974068,-0.7236832,0.9433742,-1.7579455,-0.5852091,0.8268322,-1.6795859,-0.7985712,0.9061859,-1.5614469,0.1868804,0.0480925,-1.9222356,-0.1785059,1.349022,-1.1591939,-0.1077731,0.0562548,-0.9821439,-0.284687,0.8349354,-1.3711746,-0.329434,0.485709,-0.8245905,0.0376627,0.6491388,-1.4996936,-0.3377009,0.7868687,-0.8616691,-0.0359255,0.5431704,-1.6370541,-0.2545916,0.8357826,-1.0883643,0.0038704,0.7737608,-1.3773869,-0.2997449,0.5310226,-0.9061266,0.0464619,0.2798944,0.0371704,0.3056938,-0.2798944,-0.0371704,-0.3056938,0.275869,1.6530054,0.1511752,-0.1562215,1.2849004,-0.2476306,0.2351951,2.8803657,0.6369283,-0.3124978,2.6661788,0.117058,0.1650728,2.9941547,0.6946763,-0.3143906,2.7783539,0.002743,0.465166,3.0979461,0.567566,-0.0719321,2.7685324,-0.3277274
Vietnam,20,54.54545,12.82051,78.37838,82.7957,52.17391,65.625,0.0,91.93548,-0.9577475,-1.5614589,-1.1980635,-0.8572181,-1.6406922,-1.2006998,-0.8474699,-1.642532,-1.1538147,-0.855726,-1.635767,-1.1623468,-0.9381951,-1.6913661,-1.1988335,-0.9329951,-1.6830851,-1.2424504,-0.9049428,-1.6602423,-1.1692286,-0.5058137,-1.6625363,-0.9384565,-0.8884268,-1.5607905,-0.757059,-0.8118116,-1.5481777,-1.0619931,-0.8888599,-1.4680274,-1.0990499,-0.4010715,-1.2464028,-0.7973362,-0.845108,-1.4272476,0.0802325,-0.8102301,-0.9080954,-1.0948731,-0.4585067,-0.7038985,0.2823757,-1.482588,-0.9113896,-1.0581321,-0.450215,-0.293768,0.3109307,-1.6679697,-0.9065615,-1.0785051,-0.33729,-0.2507351,0.2543532,-1.7120008,-0.9611407,-1.0743817,-0.368801,-0.353442,0.1867573,-1.4818757,-0.9007284,-1.0415509,-0.460207,-0.3160695,0.2567517,0.1360133,-0.0123765,-0.1547049,-0.1360133,0.0123765,0.1547049,-0.0804465,1.1913011,-0.2635508,-0.1393479,0.929891,0.0502323,0.337551,2.1225117,0.181974,0.5744047,1.9042611,0.5275286,0.3166345,2.2538598,0.2420675,0.6159163,1.9771952,0.4600221,0.0723048,2.4929652,0.2042608,0.3814986,2.1386525,0.4405802
Vietnam,21,34.54545,2.5641,100.0,91.39785,10.14493,39.0625,9.43396,95.16129,-0.6213168,-1.49816,-1.0262622,-0.5573131,-1.5720056,-1.0093168,-0.5476953,-1.5720711,-0.9792461,-0.5551893,-1.5704163,-0.9875726,-0.6466481,-1.5971431,-0.9964878,-0.641018,-1.5916511,-1.029455,-0.6279742,-1.5622704,-0.969819,-0.1578145,-1.6198588,-0.6866432,-0.670604,-1.4530247,-0.4712953,-0.4242979,-1.5020178,-0.8839836,-0.5621818,-1.3931696,-0.8945193,0.2989487,-1.3385414,-0.1449846,-0.6890058,-1.2980329,0.0043643,0.7797876,-1.0605173,-0.0807268,-0.7802738,-0.4466899,-0.0727422,0.55231,-0.747861,-0.0617107,-0.402035,-0.3811935,-0.4506806,0.441347,-0.6950212,-0.0727641,-0.1804717,-0.4181252,-0.6282436,0.335091,-0.750962,-0.0835487,-0.0748279,-0.6603128,-0.6294723,0.5132698,-0.7164031,-0.0642969,-0.3310185,-0.4732179,-0.481174,0.2777825,-0.0144429,0.1066441,-0.2777825,0.0144429,-0.1066441,0.1292803,1.208702,0.0463376,0.006009,0.998144,-0.1898145,-0.0608298,1.9632027,0.5617303,0.0200396,2.0680491,0.1582142,-0.1343163,2.0514169,0.6184811,0.0312616,2.1578409,0.0859523,-0.1161426,2.2231946,0.4540281,0.0901192,2.2292878,-0.1942808
Vietnam,22,63.63636,5.12821,43.24324,3.22581,47.82609,90.625,0.0,96.77419,-0.6913581,-1.2736567,-1.3064494,-0.6283788,-1.3541705,-1.2955659,-0.6300321,-1.3570902,-1.2545648,-0.6348053,-1.3525544,-1.264399,-0.7260401,-1.3838014,-1.2943526,-0.7258305,-1.379562,-1.326735,-0.7036699,-1.3463113,-1.2677107,-0.3739112,-1.403248,-0.94069,-0.8087871,-1.2427761,-0.851107,-0.5645571,-1.2901356,-1.158729,-0.659113,-1.1894906,-1.1980854,-0.037742,-1.1522436,-0.629951,-0.9232594,-1.1452538,-0.1653973,0.4962543,-0.9034061,-0.3564013,-0.9851533,-0.4531904,-0.5730463,0.6741624,-0.3633596,0.0814446,-1.1284084,-0.248265,-1.2672514,0.6703808,-0.259085,0.1716695,-1.1210513,-0.2481616,-1.4609806,0.5911122,-0.1971004,0.0809281,-1.0297607,-0.3762399,-1.4665594,0.687091,-0.2807811,0.0598155,-1.1055408,-0.2700508,-1.3124308,0.1585887,-0.0241639,-0.1450057,-0.1585887,0.0241639,0.1450057,-0.5994992,0.799672,-0.4932608,-0.2885873,0.8383318,0.2369048,-0.6029336,1.7656254,-0.1775256,-0.1050998,1.8728433,0.7960573,-0.6766878,1.8794964,-0.1312574,-0.1148846,1.9641345,0.741256,-1.0233247,2.018326,-0.2616408,-0.4447726,2.0026665,0.6714115
Vietnam,23,47.27273,7.69231,56.75676,5.37634,37.68116,85.9375,0.0,95.16129,-0.2543141,-1.2974648,-1.4214646,-0.1826355,-1.3763155,-1.394093,-0.1803355,-1.3751319,-1.3604021,-0.1880878,-1.3761269,-1.3704872,-0.2709807,-1.4124876,-1.4237014,-0.2653446,-1.4172723,-1.4683526,-0.2493075,-1.3833476,-1.4008025,0.0059325,-1.3571917,-1.0455907,-0.4249523,-1.2733532,-1.0598458,-0.1646491,-1.2713431,-1.2797307,-0.2678288,-1.2037216,-1.3510798,0.2582078,-0.9952562,-0.6980888,-0.7182608,-1.1052846,-0.5126088,0.7103189,-0.6040405,-0.6598024,-0.6343725,-0.4707645,-0.877774,1.3399519,-0.1886622,-0.6392002,-0.2880084,-0.7479061,-1.2933743,1.4707494,-0.1354068,-0.6192974,-0.1127583,-0.8620912,-1.4279327,1.4548753,-0.0607947,-0.7011863,-0.0612982,-1.0771824,-1.4138431,1.3922899,-0.0925048,-0.6748112,-0.2376697,-0.8371015,-1.3168376,0.2404131,-0.0336927,0.0074886,-0.2404131,0.0336927,-0.0074886,0.5887353,0.981377,-0.1406471,-0.122352,0.7778015,0.280877,0.928584,1.1831996,0.5981877,-0.0093846,1.4762596,1.0014707,0.9195167,1.2212454,0.699731,-0.0040042,1.5370855,0.9671656,0.9750411,1.4004437,0.7588204,-0.1296058,1.6471634,0.9910494
Vietnam,24,54.54545,8.97436,18.91892,7.52688,72.46377,87.5,0.0,93.54839,-0.6048312,-1.1735209,-1.4605267,-0.605329,-1.3000577,-1.5164366,-0.5938427,-1.2897381,-1.4860325,-0.6027056,-1.2930993,-1.4883248,-0.647351,-1.2822371,-1.506264,-0.6360014,-1.2774373,-1.5506591,-0.6229375,-1.2441176,-1.4753987,-0.3084594,-1.4883083,-1.3548894,-0.6056349,-1.158792,-1.136597,-0.4118681,-1.2209292,-1.3589872,-0.4707271,-1.0692644,-1.3799696,0.3285831,-1.2249468,-0.9001168,-0.568732,-1.1616368,-0.4632901,0.3229092,-0.5896536,-1.1064152,-0.8309836,-0.2543328,-0.581734,-0.2567345,-0.2406993,-1.0776443,-1.3457903,0.2304514,-0.9507441,-0.4369089,-0.1903762,-1.0798487,-1.4039356,0.3351463,-1.0770939,-0.5892799,-0.2886787,-1.0981002,-1.3179828,0.2653042,-1.1344935,-0.3398268,-0.2010737,-1.0760966,-1.3454502,0.2466565,-1.0120076,0.304982,0.0658409,0.0176033,-0.304982,-0.0658409,-0.0176033,0.6026749,1.1461519,-0.628062,-0.797466,0.2601118,-0.7053622,0.1673958,0.9460731,0.772908,-1.7454876,1.2351622,-0.419776,0.0590157,0.9148817,0.9388456,-1.8671296,1.3208573,-0.4943937,-0.1470567,1.1102314,1.054102,-2.1264342,1.3621484,-0.6604708
Vietnam,25,67.27273,12.82051,21.62162,26.88172,60.86957,96.875,0.0,72.58065,0.2301407,0.1295645,-1.8797519,0.17321,0.2730076,-1.9828682,0.1952762,0.268977,-1.9286577,0.1826835,0.2700177,-1.9334919,0.31851,0.1606461,-2.0058441,0.3190194,0.1814158,-2.0522183,0.3409743,0.2107685,-1.9665786,0.0632863,0.4981441,-1.8904081,0.4741408,0.4841166,-1.9612735,0.2115255,0.1335053,-1.7756324,0.3709491,0.2064726,-1.8880357,-0.3673019,0.3560457,-1.0982431,0.5484591,-0.0573507,-0.8710115,-0.3886165,0.1089505,-0.6005453,0.5343137,-0.4326041,-0.5489548,-0.2251871,-0.326743,0.0895574,0.3366657,-1.1662563,-0.1000541,-0.2909699,-0.5853726,0.29354,0.3308889,-1.4892144,-0.1956699,-0.271989,-0.6031629,0.2790795,0.3426733,-1.6240844,-0.1859492,-0.1605076,-0.3060953,0.1486222,0.2523444,-1.2382975,-0.1374709,-0.3618161,-0.0441204,0.1242724,0.3618161,0.0441204,-0.1242724,-0.6355364,-0.3313386,-0.1932869,0.7676827,-0.503541,-0.4884052,-0.3640006,-1.7911273,0.0605242,0.2897393,-1.2449701,-0.1447175,-0.3989436,-1.9448427,0.0943046,0.2059641,-1.3306502,-0.252401,-0.5387385,-2.5142533,0.0506456,0.272788,-1.9959155,-0.4945554
Vietnam,26,40.0,2.5641,37.83784,5.37634,36.23188,78.125,0.0,88.70968,-0.6739579,-1.7071866,-0.9976801,-0.5886156,-1.796995,-0.9761511,-0.5866065,-1.8033116,-0.941314,-0.5913699,-1.8021592,-0.9525462,-0.688394,-1.8285113,-0.9759829,-0.6836891,-1.8321776,-1.0177483,-0.6575724,-1.7991689,-0.9511414,-0.2652804,-1.8088012,-0.6835062,-0.6732212,-1.6381304,-0.5326347,-0.5331576,-1.7028042,-0.8775482,-0.6143912,-1.5957428,-0.9080817,0.0051329,-1.3093333,-0.4360525,-0.8197258,-1.4257554,0.1171689,0.3672339,-0.7365968,-0.385206,-0.9863531,-0.8820107,-0.2896598,0.8678908,-0.2186722,-0.1705788,-0.7712185,-1.357079,-0.8734803,0.925236,-0.104438,-0.1227688,-0.6248609,-1.5329795,-1.0195956,0.9462935,0.0052429,-0.173961,-0.5805306,-1.7506388,-0.9760099,0.9359776,-0.1078555,-0.1708969,-0.7380954,-1.4562769,-0.8848717,0.2049686,-0.021143,-0.136436,-0.2049686,0.021143,0.136436,0.750117,1.4656936,-0.5117448,-0.5286247,0.9553204,0.1586045,1.7487189,1.016937,0.0423309,0.1939899,0.7975949,0.906398,1.8004423,0.9996095,0.1333952,0.2678223,0.7467917,0.8611675,1.9312271,1.0868967,0.2544105,0.2889605,0.863063,1.0569105
Vietnam,27,52.72727,8.97436,5.40541,13.97849,73.91304,89.0625,0.0,93.54839,0.5701964,-1.5706168,-1.784319,0.6422567,-1.6342451,-1.7413407,0.6437713,-1.6211745,-1.7104437,0.6370021,-1.6311687,-1.7143155,0.5612661,-1.674903,-1.7950823,0.5696033,-1.6719456,-1.8460623,0.5658745,-1.6338544,-1.7602574,0.9092919,-1.5761143,-1.3359149,0.335546,-1.5277895,-1.2955775,0.702235,-1.4973546,-1.5864649,0.5354953,-1.4244011,-1.6803339,1.1015004,-1.2235968,-0.8340753,0.1451005,-1.4213003,-0.6191043,1.7144574,-1.405239,-1.0792528,-0.5093179,-0.84872,-0.8711235,2.2231478,-1.8418675,-1.2466018,-1.3322283,-0.9403828,-1.261784,2.3385338,-2.0063938,-1.2813634,-1.4520448,-0.9916099,-1.3868866,2.2969341,-2.1137691,-1.3210858,-1.3879225,-1.0877304,-1.4847167,2.2359598,-1.8346166,-1.2778994,-1.3596943,-0.9705192,-1.3377873,0.2761659,0.1210743,0.0690914,-0.2761659,-0.1210743,-0.0690914,0.0464008,1.278366,0.3935451,-1.0771269,0.4195826,-0.1990192,-0.0562842,1.5395194,1.5814418,-2.4376601,1.2652794,-0.2239972,-0.1344767,1.5511186,1.7211516,-2.5816851,1.3290098,-0.3390727,-0.2381852,1.7140723,1.7763555,-2.8329554,1.2494051,-0.6024837
Vietnam,28,50.90909,17.94872,60.81081,37.63441,26.08696,75.0,0.0,98.3871,-0.7269609,-1.5161792,-0.8619861,-0.6549404,-1.6006267,-0.8855362,-0.6536115,-1.6008205,-0.855994,-0.6549429,-1.6030243,-0.8571438,-0.7190811,-1.60828,-0.8446086,-0.7185943,-1.6092192,-0.8794856,-0.6956913,-1.5715391,-0.8207247,-0.2381887,-1.6394074,-0.6689258,-0.6224758,-1.4582784,-0.3481658,-0.5227208,-1.5076694,-0.7605446,-0.6172996,-1.3915447,-0.7441943,0.1796737,-1.2329063,-0.4078354,-0.5766778,-1.3228526,0.2401168,0.6408087,-0.7411194,-0.496317,-0.6269664,-0.497802,0.0275262,0.9256441,-0.3270589,-0.4072363,-1.0537441,-0.5966428,-0.5421683,1.0122741,-0.3228625,-0.419672,-1.107066,-0.6964135,-0.6720892,0.9510739,-0.275824,-0.4820213,-1.0961347,-0.8939054,-0.7262851,0.9515842,-0.2577865,-0.4441909,-1.0764615,-0.6628966,-0.6002692,0.1843118,-0.0133644,-0.1480734,-0.1843118,0.0133644,0.1480734,-0.6410472,-0.3686236,-0.8409028,-0.8614914,0.4066125,0.0107433,-0.6971169,0.797176,-0.571217,0.0298672,0.5085345,0.6884996,-0.7834414,0.905857,-0.5140301,0.1205168,0.4736975,0.6481318,-1.1939223,0.9905339,-0.6870188,0.2452242,0.5627665,0.6833095
Vietnam,29,69.09091,2.5641,10.81081,10.75269,78.26087,96.875,0.0,96.77419,-0.8999611,-0.3985014,-1.5936213,-0.8193148,-0.5383345,-1.5975515,-0.8162699,-0.5363537,-1.5572776,-0.8263314,-0.5321466,-1.5654319,-0.9079433,-0.5396152,-1.587952,-0.9084198,-0.5549071,-1.639643,-0.8788547,-0.5462834,-1.5716144,-0.5158427,-0.6210835,-1.4246717,-0.8032962,-0.47137,-1.2535382,-0.7990899,-0.3905579,-1.5033418,-0.8270807,-0.3538982,-1.544064,-0.1937569,-0.3459235,-1.11047,-1.0809433,-0.4088263,-0.6533666,0.0869381,0.1296856,-1.2086229,-1.2841968,-0.032614,-0.8073387,0.1293487,0.5859809,-1.1691328,-1.8781295,0.3415057,-1.0842743,0.1714851,0.7251094,-1.223259,-2.014475,0.3494226,-1.2295675,0.0776797,0.7792041,-1.284115,-2.0435621,0.2593813,-1.2678002,0.1458583,0.6561735,-1.1934905,-1.903061,0.341522,-1.1465697,0.2111784,-0.0556976,-0.0917731,-0.2111784,0.0556976,0.0917731,1.2726897,0.2679076,0.0694988,-0.3818364,0.3958934,0.2078368,2.0432437,0.1657891,0.4182488,0.0666352,0.389626,0.6529245,2.1056022,0.2158527,0.4769293,0.0869014,0.3905576,0.6023972,2.2861482,0.4184947,0.4584467,0.0716784,0.5278376,0.6637382
Vietnam,30,72.72727,8.97436,8.10811,91.39785,75.36232,31.25,0.0,100.0,-0.0556746,-0.7809077,-2.3238382,-0.0055728,-0.8801493,-2.3025513,-0.0160052,-0.8620751,-2.2633728,-0.0176247,-0.8765369,-2.275058,-0.0818181,-0.9048345,-2.3311599,-0.0691791,-0.9120057,-2.3861481,-0.0672835,-0.8594792,-2.306302,0.2008928,-0.8381789,-1.9177032,-0.3182941,-0.7501722,-1.8827669,0.0515649,-0.7177351,-2.1496961,-0.0703868,-0.6349122,-2.2122397,0.5326746,-0.5359899,-1.3530646,-0.4387178,-0.7717517,-1.3245459,0.9302731,-0.0942603,-1.4435773,-0.9729614,-0.103312,-1.6784108,1.529249,0.5099919,-1.2184586,-1.5018676,0.5308212,-1.8316253,1.7185914,0.5172321,-1.1943176,-1.5783138,0.6039665,-1.9768566,1.6257019,0.5968073,-1.3069437,-1.3862835,0.6203465,-2.0401719,1.5431004,0.6275629,-1.2663788,-1.4673931,0.5993155,-1.9115428,0.2969121,0.0114859,0.0971906,-0.2969121,-0.0114859,-0.0971906,0.4515061,0.5878169,0.8703869,-0.2036966,0.3458723,0.8379115,0.4386328,0.4309518,1.8182955,-0.3641015,0.3447098,1.8705711,0.3781479,0.4157747,1.9493743,-0.3948475,0.3253728,1.8641339,0.4235487,0.5622173,1.9695379,-0.3072911,0.3766829,1.8245002
Vietnam,31,49.09091,17.94872,87.83784,94.62366,55.07246,31.25,0.0,90.32258,0.0983349,-1.9662033,-0.3795359,0.2175035,-1.9906772,-0.3652273,0.2160529,-2.0020749,-0.3346643,0.2123063,-2.0031431,-0.3381345,0.1652563,-2.06128,-0.3581166,0.1686295,-2.0595567,-0.3938683,0.179433,-2.0143072,-0.3385704,0.4905386,-1.8410199,-0.1936354,0.1473306,-1.851708,-0.0128384,0.2193671,-1.8736896,-0.2872614,0.1189376,-1.8130505,-0.3225586,0.5875321,-1.2903185,-0.0626983,-0.1149909,-1.8461196,0.3817638,0.3569951,-1.1214297,-0.2928875,-0.2714108,-2.2650558,0.0771684,0.1256187,-1.4085774,-0.2122108,-0.2207826,-2.9587434,-0.113969,0.0373123,-1.5403339,-0.186099,-0.1193565,-3.1684679,-0.2865231,0.0444879,-1.5720354,-0.1740969,0.0106553,-3.2918621,-0.237714,0.1294088,-1.3949615,-0.1972276,-0.168684,-3.0395435,-0.1263054,0.2633159,0.0042963,-0.0111548,-0.2633159,-0.0042963,0.0111548,0.2249971,1.1516259,-0.2262211,-0.3562313,1.0063148,-0.1544301,0.2595457,2.168527,0.2542173,-0.4769265,2.1100139,0.3120617,0.1975033,2.2600162,0.3265075,-0.4951915,2.2027766,0.2376185,0.1141879,2.3549039,0.1844504,-0.5740306,2.2739545,0.0140619
Vietnam,32,74.54545,8.97436,64.86486,3.22581,46.37681,92.1875,84.90566,100.0,-0.9298078,-0.9867574,-1.1683637,-0.9092754,-1.0818454,-1.2291028,-0.903366,-1.0839033,-1.195806,-0.9108021,-1.0787934,-1.1960245,-0.9663027,-1.0738413,-1.1813451,-0.9566335,-1.0750127,-1.2204413,-0.931754,-1.0509808,-1.1587183,-0.5958298,-1.2903346,-1.0983833,-0.8431826,-0.9975591,-0.7889322,-0.75022,-1.0753983,-1.0854587,-0.786238,-0.935154,-1.0769708,0.0082653,-1.1083627,-0.7319021,-0.8235382,-1.0779894,-0.1776635,0.1120504,-0.5043917,-0.8881495,-0.7012592,-0.4878708,-0.5978836,-0.3804822,-0.6347637,-0.8138396,-1.0391588,-0.7829922,-1.3324461,-0.5776096,-0.7184322,-0.7884205,-1.0760077,-0.9307967,-1.505804,-0.5596536,-0.8623544,-0.7897652,-1.0862947,-1.1166316,-1.4685116,-0.3752392,-0.666558,-0.802702,-1.0678669,-0.8581565,-1.3529943,0.2029397,-0.0648958,-0.0719317,-0.2029397,0.0648958,0.0719317,-0.5286833,0.6587147,-0.335677,-0.1823034,1.0543791,-0.0628876,0.1276764,0.9630344,0.6174825,-0.0866666,2.2479253,0.1790444,0.1494116,1.0042079,0.736197,-0.09314,2.354068,0.0884776,0.1005993,1.2743475,0.8524044,-0.3754105,2.4293732,-0.0540499
